index,timestamp,value_hex
6302221,2026-07-19T21:47:30+00:00,24e07e9e43741d06a445dcdbb6741ea72a5caf82fd2b4a785effca66bcc65c60
6302222,2026-07-19T21:48:00+00:00,92af8d5e71fea6e0c114395a66cd731d8483ccdaa3917668b2e1e47a75a6caa3
6302223,2026-07-19T21:48:30+00:00,f7b4fb46a9ea05818a1556c276d3ca976631aa4d2245406a42ef0764272d0a85
6302224,2026-07-19T21:49:00+00:00,a785b2f949a9b9dd8691511335648bdd34cac04b1210d83c62df6e0651fc54bf
6302225,2026-07-19T21:49:30+00:00,d2e6928d4eaf955ad6ad6e166767354fceca3682111b9cffd012f23a6de93bf4
6302226,2026-07-19T21:50:00+00:00,f745e514aa4db6dfa3f7ca51d4523fdb9022ec412ac86024722e80953d8d162b
6302227,2026-07-19T21:50:30+00:00,5d7f7023b4577cc9ab44286e6cd55741e31ce84ce5ebef95f205af1cfdae4965
6302228,2026-07-19T21:51:00+00:00,4697ba835d8b13d5538282b358bdc5c1254f0a87351f09e9a14aeac9ad059103
6302229,2026-07-19T21:51:30+00:00,8d9077c351d71d4deec526078406b6b1ec9dd4ac5a199cd31463b6b5c077d8c8
6302230,2026-07-19T21:52:00+00:00,32faa4394097add58074183a235dbe0ec23c82503ec22894c5ae5ae8bfd5d321
6302231,2026-07-19T21:52:30+00:00,4fb3dc5ad73c68728b3866d2d45b8561226f8d6dcda78839c533785c15a805b2
6302232,2026-07-19T21:53:00+00:00,475e8b01cf7de7db23d3e6bd353cf39f8f01448e60c8753575d11c5445c3e4eb
6302233,2026-07-19T21:53:30+00:00,076b56d942f10fb3d67dbbee5727e0fa2b3bc814331c7738f71974ffacd2b2ce
6302234,2026-07-19T21:54:00+00:00,7f4a9df4201bf166bf505b88c5fa40a2a9f0259019940e66ea8432f31786db01
6302235,2026-07-19T21:54:30+00:00,62732f858628ca5633c0482795b084873718613a065f0b3876f1d6dd6f6abeff
6302236,2026-07-19T21:55:00+00:00,dabfd7e065d36927ca7e1d58f3e8637c470efc9ad2f455ff497f0644bbf80beb
6302237,2026-07-19T21:55:30+00:00,66b7e3ffca96aebda21287a740879393fafc63cc39981cec570cbd74ee0df130
6302238,2026-07-19T21:56:00+00:00,1239bda402ea7c12e6026086d3b0856125d28953f716266e92d10b373e9ba144
6302239,2026-07-19T21:56:30+00:00,f06dbb9eaf4b820a31edf7a2833b9bdf2695acb8118d794d231ec4c8b24ba01b
6302240,2026-07-19T21:57:00+00:00,68cc6cbe8ac25d092167c0452977dc183feaccf30cdce346d2934acb5ef8a65d
6302241,2026-07-19T21:57:30+00:00,c8c714b4adfca21365c505d55fd7278f9cfa737a9bc2f17b8fe32f7c067197ec
6302242,2026-07-19T21:58:00+00:00,e2e0fd8b686dbe6c7616096aeaba94eac9ef0cefe2cd4cc29b19f91fceb451cd
6302243,2026-07-19T21:58:30+00:00,123c5cd0b0b1c130ae3a407f8fd06e933ac5e1dde20a4a05432245bfffd17715
6302244,2026-07-19T21:59:00+00:00,404e0b804bb4cb614be4bef1f9a32ca35a6ddb9828f089b586cf93d48da81bd3
6302245,2026-07-19T21:59:30+00:00,0d0ca820686f6b6b9599d5f5499685ce4d61cb5615d7fc965b09414190c45dd8
6302246,2026-07-19T22:00:00+00:00,b49372d736a2449189b1e20f9209e70554f796f11a676b8493e57986d6c56b94
6302247,2026-07-19T22:00:30+00:00,ef5b337015da8e06a4834015fab1f141ab152467ef82be37ed57ac252442fcb8
6302248,2026-07-19T22:01:00+00:00,8efeee130bff5fe48155921a87bb8f7a73faccc5fc4ec95cb06981365b59490b
6302249,2026-07-19T22:01:30+00:00,b14588e34305d9577d87c2ce8baa59b0295fddfae02bd03ee24ffb7665bc291e
6302250,2026-07-19T22:02:00+00:00,2a70d7076b040ec037849a9d474dd942bd954de0095e9e8eaa42384ca9a50638
6302251,2026-07-19T22:02:30+00:00,88cdce382810529d5ff4c7a01efa8ebf5f2504a9827c2bd5344f4085fe9a5056
6302252,2026-07-19T22:03:00+00:00,919c829f35971f7dcdcdc07288e835c0d8113bf5b64a84f025d4e26619056b9e
6302253,2026-07-19T22:03:30+00:00,297295d8604959a32d5122d44dda51c99f9628b296cb96c5d043c210b565226c
6302254,2026-07-19T22:04:00+00:00,4eb3d0ea8d97d28c19ae4f97c59b848501a50ec55f991bf6b21d81f1684b250b
6302255,2026-07-19T22:04:30+00:00,785a1bf4aed044bdd893113af6b0b1d81cb9b1090054bc42213ba1c5851158b2
6302256,2026-07-19T22:05:00+00:00,3f1ee21f1fd25082c1a3e61bf4e85a581cdbf131c7deb402dcd1fc74596bac22
6302257,2026-07-19T22:05:30+00:00,f004f46dc31d9b1e260b180cb93d8b233294fa20bf849cf2b413d9cc0309f2ac
6302258,2026-07-19T22:06:00+00:00,3de495e4d058ea89489d5032a003cd450ad8a190d12242b56aa51f3e11f6e65b
6302259,2026-07-19T22:06:30+00:00,b51da9efbe9db48fc078a6fc4f0c25e52531cd288dbdbe885dc8f95bdea42c05
6302260,2026-07-19T22:07:00+00:00,54992dc461f64e14e0afa0d6daa28c4f1b3c89dfefab1f6d908816b96efa122b
6302261,2026-07-19T22:07:30+00:00,93db7982aae71b94b821e19aca9b6bb8ffc4874e4bcf653a4dc0db83123038b4
6302262,2026-07-19T22:08:00+00:00,4bf2807f8eb6922a709a44cb830bc564ae2f099c86e9e57a2f2a0c1c76f1faaa
6302263,2026-07-19T22:08:30+00:00,7994197983aff3300dacc3cbbe758c8057bb832501bfce5d4bbf3f46925533da
6302264,2026-07-19T22:09:00+00:00,72f4a2ecf4f714e2272c3e0fed41c0ab36f723dffe75829bc3e6de770046af24
6302265,2026-07-19T22:09:30+00:00,68eecf3fe3043114ec1331c7e5c5e2ccebd4d8f9e5bf023073e0394e582c9835
6302266,2026-07-19T22:10:00+00:00,36a7d2301bcfc0ab5f113110598bc8c7db9d4bb79647d77a2e22f95c6aea2522
6302267,2026-07-19T22:10:30+00:00,3b6afd80e70d8c093fe7ee4f1f67718cc666da9560ebce4d65258af984cd4fec
6302268,2026-07-19T22:11:00+00:00,861a24df740039a7da6cce7b42c7a5aed6331e2da3bffb46fd95f602a18ffe1b
6302269,2026-07-19T22:11:30+00:00,366c38fbe22226d6aec06199857f4501b6eec8d99b9dcc66944f48a919768c19
6302270,2026-07-19T22:12:00+00:00,25f27c4a7c44ae8b374548704b5c6001d28e76aec4ed2a3bc715244459f885be
6302271,2026-07-19T22:12:30+00:00,028f3ef697b8541c965dc5fbdec32d99e275a07384584ddd45d0ec5b2cc562b4
6302272,2026-07-19T22:13:00+00:00,18717c88894067e22d615478566525111678c755d089e4b77ba3b9dc95164096
6302273,2026-07-19T22:13:30+00:00,cf0bdcecbde86b6e97aee0fabbfffb838eb8b88ce1b1a7a49e6967e8436ccd0c
6302274,2026-07-19T22:14:00+00:00,66a08e872d9043dc0bbad9b8eef0c420ff8f71aa8c5d78dda7b27c9ba54107e6
6302275,2026-07-19T22:14:30+00:00,438893986d621f67740c2c92f346c4b060eb56786d87dfdb49e7f8cc1d8ef320
6302276,2026-07-19T22:15:00+00:00,4718953e76fbe81a12506efdc07f3444eea31b9a69070b9ae3006f23ec9079da
6302277,2026-07-19T22:15:30+00:00,efaf4e2d7630165dbfc50b195c5b4b30929de704f2f7f7b700392ef9ea137b59
6302278,2026-07-19T22:16:00+00:00,41cb32ef955a79b3a10cc018a04d76e2f33a8f962d9405b264eac50f4fceed38
6302279,2026-07-19T22:16:30+00:00,1690cd3205e931e2eee476839f6b39ed53bd19cb0847c2f68e20f8fbc899e26a
6302280,2026-07-19T22:17:00+00:00,af93a6744ecfae0eabae0ccbf8144fe7f63688dd1d39d0c7d13a40eb591b5757
6302281,2026-07-19T22:17:30+00:00,247d85bb2f498a73ce7a9ee405e7d28e4525685fffe3c09c0a0196f5ae8b3e2b
6302282,2026-07-19T22:18:00+00:00,16047cc700ec2f3f7be55c775ab18fcc7f3b21ee4f6727786e7390dbb1154adf
6302283,2026-07-19T22:18:30+00:00,190a81fddba573a162f42b8c1c28cefe2d44c970fd72a361082914cba5fb52fa
6302284,2026-07-19T22:19:00+00:00,1605c855db8c2c0f2828511fad258c1b687a44be6b10b0cb54e5a7f6c8880c07
6302285,2026-07-19T22:19:30+00:00,3287a731082edeae9030233a0a2a03b0b0847cb6f2d0b36be533e2737927c1f8
6302286,2026-07-19T22:20:00+00:00,fd97ecdf4e8ed746d350bfe3d524be96da69eb9723aa5bd0bf61899c1fa93b94
6302287,2026-07-19T22:20:30+00:00,c728b18d4634ff22670d541bd5e4552cd8635ba37b486161615f5ee752d1904b
6302288,2026-07-19T22:21:00+00:00,b30758c7a31d7437c741ef55c1700dcc41a1dcadf648fa49f445df55cd1c08b1
6302289,2026-07-19T22:21:30+00:00,e5d026fdaab0141f8ec3bd2aea64834c72ed21a5aafcca67c663cfc84c4030b9
6302290,2026-07-19T22:22:00+00:00,ae8a6c43ab987332b00af726f79efe887692bee8c7258da8f8e7c70cec40328f
6302291,2026-07-19T22:22:30+00:00,58f5f7f548b05ee4c02c2950c9d370f5986567876ceea406dbace1cfadf903ee
6302292,2026-07-19T22:23:00+00:00,e3ad6549899a88ccd075ff601d6e9d9faee83b6a30d0dc135414adb9446110c8
6302293,2026-07-19T22:23:30+00:00,a11003c11482295ea2f79e5c568adac57c9938a7d13210cf960fa6d50ba55880
6302294,2026-07-19T22:24:00+00:00,802ab908ac9144e9ac6c798d73f88d55dac945cb59f5deba55c7af053fa518bb
6302295,2026-07-19T22:24:30+00:00,dcf0bec400194605990468607cfef87323d8beb708b98c10b1c4a396450c24ff
6302296,2026-07-19T22:25:00+00:00,a9825ed38da176c5ec3a97c70be31d1ec4973d67cdc3fdd2d385ff510829c277
6302297,2026-07-19T22:25:30+00:00,cc0c6aa12cf03e5fbd366395ea48f4f59ea0018070a9793a6fe058759c9f3a82
6302298,2026-07-19T22:26:00+00:00,91ed29f9ec7fc7f14a50a9782c426f835f8fb78218b3bfce76f221c3f510c401
6302299,2026-07-19T22:26:30+00:00,01ca3bb29eb6a71a366e8199f512d6c1ee745bb2d84fbe70f93f272f805f1bc7
6302300,2026-07-19T22:27:00+00:00,25aac7d8b3f0428923bcef763eeb5e65c3174e78e497e4766f54eaa54823b281
6302301,2026-07-19T22:27:30+00:00,19970ec6f218b5ab87c96214fabf193940f1101781e06756c5e0a3761b1b2477
6302302,2026-07-19T22:28:00+00:00,d69a8ac08690f3519ad642e3a961b90ae3ff0458552f7e7d34f33bc249a6463a
6302303,2026-07-19T22:28:30+00:00,9b0b35f43e4ddedc2816bd36c19f6092cb993ba94aa9e7b4ea8e51d75ef1183e
6302304,2026-07-19T22:29:00+00:00,f35ea2fe848340960d1fc6b2d12165267ec77e1292dd34c6295b68a376cf4e83
6302305,2026-07-19T22:29:30+00:00,97ba9c7a5e5e85e9c0f1181786a44eb3a59edeaf1b686ebe9275761e21a32256
6302306,2026-07-19T22:30:00+00:00,a6fd59d6bd443efb95de7db1891d56330c6ad65e19197614e047f7304dd419f9
6302307,2026-07-19T22:30:30+00:00,0bc753fa8df278a6c6d9d83c6e77b32abf92131572540a3a1d60cccb6aa13a2d
6302308,2026-07-19T22:31:00+00:00,0d993260a75ea2882cdca588cb132648833d0709e225c653729a80495e619176
6302309,2026-07-19T22:31:30+00:00,8b84a95d83cec283778da58061cbca79d98fb8b76ae295672115fd9bf5c992ee
6302310,2026-07-19T22:32:00+00:00,4552de389c0587d11c1be36c42ed1f71b8be44430799c6ca510f4a31cc65ef13
6302311,2026-07-19T22:32:30+00:00,6a2e008deca1f61108e62ed35af4cacf12e215fe7eeb4bda889e923f25276231
6302312,2026-07-19T22:33:00+00:00,8b3a335722a34814a68c6ba735451f72e0b2192bfa46ba0701e3809fadd57c4d
6302313,2026-07-19T22:33:30+00:00,11ad399002e4fd243a16f6d92e9e94d75c6e0f62743cb1219da54ecda86cef67
6302314,2026-07-19T22:34:00+00:00,ccb5f984aa96e7c2e1bf53161f1fd9edaf1abcf7dac7a2b2cdc60e69e7324df3
6302315,2026-07-19T22:34:30+00:00,844452de5c30dd0771f7ed9b1c5fc942e1a2fb34d56e0af2bf03503d272a36f9
6302316,2026-07-19T22:35:00+00:00,51f4a18fb8ab72892d3f3ea150c5783c136a98ae7469229d7fcaba7b8308d930
6302317,2026-07-19T22:35:30+00:00,210df141f3a12c86d7f605762a3f0ba5dbe612aed1d95aeab39bc648a890cc22
6302318,2026-07-19T22:36:00+00:00,639433af223f3427b6f6c0c2cdf57ca66c5f8a47070e10093209bc548cf10e7d
6302319,2026-07-19T22:36:30+00:00,fdd539362bf428d9f9572b8e65b466cf0174c8ad008ab3229c37639007ed0ee2
6302320,2026-07-19T22:37:00+00:00,ec7c796c2d94540b039aa232323d17d8fdeb9fcb7be0cf62271c0bb7cb932ed6
6302321,2026-07-19T22:37:30+00:00,06cd34dc22cb30d500225e5b20ff053c49fdba010a978db9873af6414427edef
6302322,2026-07-19T22:38:00+00:00,82442f00186e4289beab30b82712cda1d4fe712ed67335cb2619a25e091dd568
6302323,2026-07-19T22:38:30+00:00,c69f4b913a85310a930249dadc350fe793a3aa9fa998b727e641791bab2fa366
6302324,2026-07-19T22:39:00+00:00,3c79c7ec3ca383329140ec415b162eb92b825aa40c53527a87136d1191cc11b6
6302325,2026-07-19T22:39:30+00:00,520604c37966402acd41e30401d4e5a655f94a041ec21bb314f2a603e6ad4ad3
6302326,2026-07-19T22:40:00+00:00,0d1179c361b7d5ad708ebb98b8f9b7e3863ec4dec3b43d8eb7232f9ea31ca5ec
6302327,2026-07-19T22:40:30+00:00,e28a2794bbd54fb8131fb453720602261465e9ff3657a1a4d700ed5f9154d859
6302328,2026-07-19T22:41:00+00:00,3bda09a0edd3b6b930a83dcd83055b3eab148ed78b1a00391e92e55bc5ac21d7
6302329,2026-07-19T22:41:30+00:00,adcc34c01c65e1292633313f46b084eeca3776dac672aeeaffe8f344e32ca4d6
6302330,2026-07-19T22:42:00+00:00,003392b613fa7be5d49e5f49e048fc31991fb9c4d122c7359cf68fb42d4db385
6302331,2026-07-19T22:42:30+00:00,1e96b1674de3ea41aee21d1773e77252a1df334f51fc4a610ef353e560bec54b
6302332,2026-07-19T22:43:00+00:00,33e48b6f4b065974ba81993a86cd60fd13fa1e8e3087cc48f91f54a14216a199
6302333,2026-07-19T22:43:30+00:00,78d8dca8de0a1689eeefe006c81722935ab49d0629553c75a1981a04356303c5
6302334,2026-07-19T22:44:00+00:00,69343918b12fc8492d727c59317b500c15cda25c5288ad917fd87a0878d3df24
6302335,2026-07-19T22:44:30+00:00,ef5e870e7a39b26d612b0a8c7f04b4620d5b55c68d78906baac71945709b9422
6302336,2026-07-19T22:45:00+00:00,dc4569718e7564fa916b95887381b33577c5376747b845d80b3e7d2547687354
6302337,2026-07-19T22:45:30+00:00,ee194cf7a1aace3b2162e3ff3d60b113b3fa38af14d686e5867b08f41815ff6b
6302338,2026-07-19T22:46:00+00:00,8faa8533e022c32f7c326b6ebb41cc86ebb2b6a5337ea6e89f1bec07b360d907
6302339,2026-07-19T22:46:30+00:00,63b70d18a1ccf78b8506b2da867817f431ea4bbe3c45d473c3195c27e4dadc30
6302340,2026-07-19T22:47:00+00:00,25e7e13c04a033752418bf067b43a99f66091ac75b17d054dcfaca337086b3b4
6302341,2026-07-19T22:47:30+00:00,8a5d09fd6de1a10b4a1a02d66e09a784cf7242b3de07e42e3be86266c6c0cf03
6302342,2026-07-19T22:48:00+00:00,6605a131798e9d2731ea8547a7663a6448668bed9e806f487b860fc04acf576f
6302343,2026-07-19T22:48:30+00:00,86ed82352ab936d691b940ed01b14d7344202d34c4c81440b13e6cfd62823e2b
6302344,2026-07-19T22:49:00+00:00,22d58c43dcd3fa35f1cf0048a91ea5d428c8f908fdccc39ea85b72223216e7cc
6302345,2026-07-19T22:49:30+00:00,29307e7d3a6d3c125019539a71ff509ce8f08b4ae806925be4aecd7f118faac9
6302346,2026-07-19T22:50:00+00:00,dc04e29daade4d8968277c887b92d40a66c9c254b52b14d6b185ffa18a88f5a2
6302347,2026-07-19T22:50:30+00:00,f51fa1547b88ce252c38cefb6a9236408773348981247c3a69fc33363c8d14a3
6302348,2026-07-19T22:51:00+00:00,61ac726e25acb245eb1ed09788262ecf51a6c6bdb118d7783efd8de6a7c717cc
6302349,2026-07-19T22:51:30+00:00,6afe7770415917b380cd5c73eb036c88bb749966cab8dbd055d209f817e26d8f
6302350,2026-07-19T22:52:00+00:00,59e5c80986c9a4f6310d04df8cf88366125a79e4958893203d7dba534fcd2736
6302351,2026-07-19T22:52:30+00:00,1d589f52ace5c3c90b57f933451b195eb4809a8ee51e7b6fb1cf84c57d2c3b05
6302352,2026-07-19T22:53:00+00:00,d2c37dda6d2859731e09ca6073f28e3ed79d1621be1f1439888c7c941698f5ca
6302353,2026-07-19T22:53:30+00:00,24c18ac168bc9b4bd3fa71d350146427512e095a64e072f7e46e1e69e0426bf5
6302354,2026-07-19T22:54:00+00:00,9ed7defb502b0cccc88eaea2e4433f9713fc53dbaea9f6542ce21c65327d1d4c
6302355,2026-07-19T22:54:30+00:00,87ce7efad9016b59af096ccfc2d28b6bb9a2cc43b97cb8dee91ac0efe138b3d6
6302356,2026-07-19T22:55:00+00:00,1ce7061fa26486cc9b3d7cd8510ad1aac0b6be66f349800325e789b51006e438
6302357,2026-07-19T22:55:30+00:00,12c825ebd4de6c37244c2a15be6f9ced481a61001e039ea8f7994d5b8e5cc646
6302358,2026-07-19T22:56:00+00:00,dd246ed20753958d67737c01b7d596af2524c2bb8c35d2eba118dc3f1ec0a5d1
6302359,2026-07-19T22:56:30+00:00,c0ec7db4bb9234235c8015158c39e675c943c03b39cbb616a107779606602df8
6302360,2026-07-19T22:57:00+00:00,f4d458296c7a73a708a8839e47b966b73ef891d0336011ca41e197d941338bae
6302361,2026-07-19T22:57:30+00:00,ccb5538eb6c0a8ec4052858857fae3a59050cf1bf3e08bee7bb90fd73e987d54
6302362,2026-07-19T22:58:00+00:00,75fbfcdbf3d49d9cd6d3538288a8b3ad5dc204d2d6da1ca6f04822bc23299b1c
6302363,2026-07-19T22:58:30+00:00,1fb39a4675e2fe3fe1c04759afa4b5cc9bf8b115ade9e30b3e2c17509f0b10b0
6302364,2026-07-19T22:59:00+00:00,c59211004234f92c8627d7f18851903c817de26e75794cb2e7a16586e8667771
6302365,2026-07-19T22:59:30+00:00,1739f0435e473bcfcaef13f78f9e2a64b6c9a5d9cb81f239a6fec14af9ec4230
6302366,2026-07-19T23:00:00+00:00,cf3cc01c6419e4a440a6f72feabb1321a32e77af69ea88d8de627fd95897033e
6302367,2026-07-19T23:00:30+00:00,ae8c8da37db536ef78f301450826cf618f4aa7c9a3d5c924f090242c79c7d4d4
6302368,2026-07-19T23:01:00+00:00,02e94ffd0114a793fa3039a567ce82562b6762c529a95f535d8929aa87167dc9
6302369,2026-07-19T23:01:30+00:00,e7671395110c41a5966d08d08ba0e71dd02c08b65cedeb121b3070616430253a
6302370,2026-07-19T23:02:00+00:00,82774c2a055cd8a75bbd43a2c34835f8d0e53577325fa6a5367077b227930020
6302371,2026-07-19T23:02:30+00:00,928dc32f3aa8da62dfa0a3800f8923d9e2a8641601386f214492187dbd563511
6302372,2026-07-19T23:03:00+00:00,1b7ad93bf6323a2ed21e6b9fff91ea128b386111c06c40c06d419cb8606d222e
6302373,2026-07-19T23:03:30+00:00,f9da6b44c4b62be1ebb61ffd1f347f11d0f774500eb6adcdf5365c40ddbde17e
6302374,2026-07-19T23:04:00+00:00,8b3b38731f5da2df489714b729e643fc500c7f2800f29b7f3b0728b2f80710ed
6302375,2026-07-19T23:04:30+00:00,676b68b8fab43ef3c669573e6a352871991d9304d4462acb262f63031cb0d9dd
6302376,2026-07-19T23:05:00+00:00,1d3e242d9174d892f9a492dd543eb738734508dc8c11b8d858110d46c41e67ca
6302377,2026-07-19T23:05:30+00:00,e9c7442e22b4bd42540b2d18652ad5f360379273bd6a6b53a25690c24bfede48
6302378,2026-07-19T23:06:00+00:00,26a9a9494eb0b55dee72afa56a467e9a1ac4e4f02bc0fa94242c52574433a54a
6302379,2026-07-19T23:06:30+00:00,bcb031e754a341723a29a0f142f4abf6b732919402016ffe9b10692f85c6841a
6302380,2026-07-19T23:07:00+00:00,a0a000bd1d5bc8b4801f478b73c836ecb4d53aa4bfe86061e6fa596a19195d9f
6302381,2026-07-19T23:07:30+00:00,861b74f0e222a6fcc8820edec7cec6889694a6f7fcf76b57266ef2e58de010c0
6302382,2026-07-19T23:08:00+00:00,8cde404d061743bb8f3a010eaca335959fae09cdbde1cb801b3dc3b11824aa3c
6302383,2026-07-19T23:08:30+00:00,e3d7346c11c23c510163b343eddbd39b83fb5c7200134260a1a0ec7546e77505
6302384,2026-07-19T23:09:00+00:00,38225c8c10be79ad9533ddaed36271450b6da05a7afea538e6ce163429951865
6302385,2026-07-19T23:09:30+00:00,b8e523a9d3c5ad2e5b7a65be7c7ece266d9ab0f6ba69618f247f824382d00dac
6302386,2026-07-19T23:10:00+00:00,95d033139ef316720cdbf90dbe818818f3d41d72259f70618f767fe2121ee22d
6302387,2026-07-19T23:10:30+00:00,7d5ea409db8ffa345a6304ded8148d50d9281573b89af36d72bd5f7716a16d2c
6302388,2026-07-19T23:11:00+00:00,aac31529dfaaaa5aae0d6d2d48f0ac8537d749cd4a694fd70454c9e06e1f3bc8
6302389,2026-07-19T23:11:30+00:00,be12b128615141c406cc96ac34793fd9d829cd6844bc5d616073ee88be006cfa
6302390,2026-07-19T23:12:00+00:00,0b76db46324fef84f347e4f1ef30b31df4893679061ab2961ab4ed4271d4fb4f
6302391,2026-07-19T23:12:30+00:00,c7e1f69d853b248162c679270dd5c4e9a1ded14b6ea5c0a33383ae680af8f151
6302392,2026-07-19T23:13:00+00:00,d341e5c96175a0bd568aa4a0849d36ec121d916cab6770e85b681fd1b2d0e41b
6302393,2026-07-19T23:13:30+00:00,c8249aa821d58d3fc40dde6c4ae8d499a63bc92378e08e87d162ae1e9b627317
6302394,2026-07-19T23:14:00+00:00,63569e95217de8545f3fa30e4b9577defa4fbc080b77ae0f97c923744e09f606
6302395,2026-07-19T23:14:30+00:00,e34fda11555384e95706b2bf1d77a5dd2db8602d4782bc1e0301c579aeac55f1
6302396,2026-07-19T23:15:00+00:00,ddb9730a6193b4d60a2020582cad0550393c56cb0ffd81dc2a0daec1dc95e0f8
6302397,2026-07-19T23:15:30+00:00,6cc64f74a0c35283eff13d24a25e92ee3b6d491d1fff4671aa3453e8280b99ef
6302398,2026-07-19T23:16:00+00:00,878815ba8930cd386e9848eec7c69a78ee6467bb9308c49d2627fb17c09d5d4a
6302399,2026-07-19T23:16:30+00:00,c6dae4e083cf9d789eebe9039720a00f96fe37c1fe411025cf896e640d8ad5ce
6302400,2026-07-19T23:17:00+00:00,1c75e61fc9dd5bdf278938e2f494657c85dcce5b5c223a510936ec3397aad6bf
6302401,2026-07-19T23:17:30+00:00,691f5f271aecc0b5d1dc8ab993f68c3efe840e0e17f466298159ce6e575ce735
6302402,2026-07-19T23:18:00+00:00,43bf7663ab838fc1af94d60826505fc5b70b4559a5fbf73350e23be74d942b68
6302403,2026-07-19T23:18:30+00:00,e5d6f65d6dcd3e87f6238d37b9919088d7e00a439847fac6a8d17e1bd68f7a25
6302404,2026-07-19T23:19:00+00:00,d3f1fead88ad15ba60137120e138d48807444794beb795f4062d658597a4260c
6302405,2026-07-19T23:19:30+00:00,115e002b7d3d0ac994eb2d8ad10cb1f30180865b2486e3132d922f6bded30290
6302406,2026-07-19T23:20:00+00:00,988a9052003832e0cf3fdef770c4de2dfa2293489e279c650a87eb80bcd2457d
6302407,2026-07-19T23:20:30+00:00,09a11f9cdb4ba61daed78398df119e2f708ab623f567bbed9df771d12bbc4ae6
6302408,2026-07-19T23:21:00+00:00,61d50a52b75ca96ac78cc5ce137b7a508da6a8c16e59b0119d07f5fbbf7161d2
6302409,2026-07-19T23:21:30+00:00,a8363f5fcc0ece1c5d9e26267c9211edb9d3c31da9b710fb1a3dc818843c460e
6302410,2026-07-19T23:22:00+00:00,fee5a46c721dded1d19947acb81d654c247051eca59c43509ad2d3e1a5f3ade2
6302411,2026-07-19T23:22:30+00:00,1637bc39e580f83621b955abc51f5c9f7284edea65ea58d477c442a78e7cd1c3
6302412,2026-07-19T23:23:00+00:00,386da90fa34215d3d45a00a632dcfbe32a1b2c28ef0b23fcb5990ff7b88e7a93
6302413,2026-07-19T23:23:30+00:00,146b56306203c24282b80a40db98b7104538de8be3e326f77c3e6446a7d79298
6302414,2026-07-19T23:24:00+00:00,3c0a3c757acd284934edcd56d4e810983cc123cf841da123a34f6a8043e735fc
6302415,2026-07-19T23:24:30+00:00,fce5029d88afeaee7f878f77880225c8dbc7c6903c755ce609a92c5757d550a5
6302416,2026-07-19T23:25:00+00:00,c5b6a81d637c5cf06a3fb5599ef89be689e56e69ecfc68e1d612b6470d33d938
6302417,2026-07-19T23:25:30+00:00,d9d8cc47d550b607d01fbf851a7a5fe2f42a685acf4a3c61389183269c424bfc
6302418,2026-07-19T23:26:00+00:00,b994e690fedb39f55c9cc3983f48b700d5140bf3c3ae4d12ea1ec87aeaa4bfd7
6302419,2026-07-19T23:26:30+00:00,f11e3b769de00eb66d41a4197279137fee17bc26384f29ddaba70b820fe0fd59
6302420,2026-07-19T23:27:00+00:00,154de340cae0e57cecdd5fe3e0599fc40e350f60cfbdcc4ff9bc9d1ef2cbd4db
6302421,2026-07-19T23:27:30+00:00,6bde910548284137d85c1b13344399a814fda2e6f7abeed3f0ad2a8074f4aa51
6302422,2026-07-19T23:28:00+00:00,ffdd6ebc0e3d436b7061e2ec990170685d10ecd32f7f18f18451534fca58884c
6302423,2026-07-19T23:28:30+00:00,840837c70553c2bf7ff64bebede14d894e8074c1cbb1c9715a6eaa698f7ff96c
6302424,2026-07-19T23:29:00+00:00,fbef9809ccf22d5480dd338b1cbe44e83694cd4871d08800be2fbc6944b107b1
6302425,2026-07-19T23:29:30+00:00,e6421264b5bf55ef172e65d363f29be25f4359e2a34135f021dc75c8d79bf4d0
6302426,2026-07-19T23:30:00+00:00,8bda63658ffbbd86e206a550aeb36238189e55d204b95fbe4979764ca52757e3
6302427,2026-07-19T23:30:30+00:00,bacc4be7f8605d1e7883ba747f4e5342426ac069105e33cda1e936b738562339
6302428,2026-07-19T23:31:00+00:00,6c46ee35156a72ab5c9796707808ab2ecc3aba9d7d1d32c457e52de6a4832982
6302429,2026-07-19T23:31:30+00:00,fe5e83840d2dc46322c7ee9321225b65b6c412560b6c6abdab0c028e66668c48
6302430,2026-07-19T23:32:00+00:00,1db76e002ffddfab54e48889ab5466f1c87eafd9b888526daf192fe675063150
6302431,2026-07-19T23:32:30+00:00,bb3403ff16e3ef4f8596033f3bac5aaffc612c848f4d551d4c1f11ceee461af7
6302432,2026-07-19T23:33:00+00:00,57f6ee2c4e8a92b1adba708c1fbc9d96bea00757b20274ab644401a6af4e60fe
6302433,2026-07-19T23:33:30+00:00,f166a2d923844409474941c565e4479fd260c1f37b3f435d9563c1800f6e6ae1
6302434,2026-07-19T23:34:00+00:00,7d7be59f7f63aa001462e7b6c7396d6d4f3b5d87155b4eb13af1e77ad2194406
6302435,2026-07-19T23:34:30+00:00,0f12061ca19fdc2eb36a46e7329538c229c7410222d690aa43834ab30940af70
6302436,2026-07-19T23:35:00+00:00,8b0ea123555fe93b3cb0fdda1e1cf3a98be634d07dc85c380e652fcf847f8235
6302437,2026-07-19T23:35:30+00:00,9880b31762b8fe6bfbb53ab3195cfe69df6b380b4fe8b6338386227c21800db1
6302438,2026-07-19T23:36:00+00:00,dcbe50a9a5916d9c3a578eef428d7344ff10e94798bb0477ff35b40e98757562
6302439,2026-07-19T23:36:30+00:00,b05e17a2f74e32208b74e07f45d81e6d36887fe7d60db9edb09206cc6a63bb15
6302440,2026-07-19T23:37:00+00:00,4ba428b7f68c91f81e01d699dce9dbb4f1e4576c4fddfe2cffd8ac78b11f0aba
6302441,2026-07-19T23:37:30+00:00,a7352c591739133c175d9d434e102ad31bc0a89f6551ada842507bb0b2036677
6302442,2026-07-19T23:38:00+00:00,1e5afe71a53c708fc3b122fd9d2ce100b4867d47b6cbbc953e6789a5b1dd4d82
6302443,2026-07-19T23:38:30+00:00,f4f9ab1e7510263169ae63c9e9d9019a56d6a1aaf8acd278dfe9e11524b28e2d
6302444,2026-07-19T23:39:00+00:00,7b17c57dc0b91464bf0ac70036f447fdb39d86eac546457a94eb422a882aeb83
6302445,2026-07-19T23:39:30+00:00,64503b0dafb244add39684e3948e0198a90b7e946f0eeb22e72399b5cfabcd7d
6302446,2026-07-19T23:40:00+00:00,04e155eeccaf95349ac77853db7105c1170758517c8f7be6cd2a90db3bfd53ea
6302447,2026-07-19T23:40:30+00:00,807935e979dbd903009c61e9994dabe6b21fbd22d2c9845872316a0c662f461a
6302448,2026-07-19T23:41:00+00:00,7d342844fe7697d97dbc8819cd8881bc1dcc5d44c111dfba9593bcfd584492bd
6302449,2026-07-19T23:41:30+00:00,9008e862076c5a97d7abdecea1e74154351803616dcf1c73f41ad6cfa5ccad1d
6302450,2026-07-19T23:42:00+00:00,66b8e2c7868c999d5395531547601f4292d44bdb00dd43b50628bc35cf92a9f8
6302451,2026-07-19T23:42:30+00:00,ff3c61b54f84a1fe3b7b9b4735977a6e7188e1e810fc0db38ed1f447d7c8bcda
6302452,2026-07-19T23:43:00+00:00,1e10bea0c3b84c1e68f0e7961938d6a48a786959f80bb5ff7015dabfc02bfc9d
6302453,2026-07-19T23:43:30+00:00,bb3e68bce23087549d47d534c21adcb0f9559c086b235fd962714b1c2713cbfc
6302454,2026-07-19T23:44:00+00:00,b7b622fec4f0670e3a462dcd359bd90df2a46255113f1821c3b8f631321ef7f6
6302455,2026-07-19T23:44:30+00:00,a6e2adb0046866a6a38e40827566e518080d5ecc67ee740fbfa5becd3c10a965
6302456,2026-07-19T23:45:00+00:00,59a1bd4fc9a5ba698ddcdfae64127488037437c96091e7b709d400a5e1a55b75
6302457,2026-07-19T23:45:30+00:00,cf42981946fb7940a20f73d31b35bba95e9180e2e5f65006b0b7d0b892f1c9e4
6302458,2026-07-19T23:46:00+00:00,c83113e59e7f1f3363603c8758a435f1532d1396a9923e53655b083d8ba73974
6302459,2026-07-19T23:46:30+00:00,c8080b7d8e2e4874e9544b84f0308f3720ea4d08191158f47a751580e02caed9
6302460,2026-07-19T23:47:00+00:00,a59d04f1aed69173d5bbb9126ed0174287e226bba6491f095f3600f59a085ebc
6302461,2026-07-19T23:47:30+00:00,223661c1f4e84eba575ca547ceee7b50dcfbef327b06cac43707955b22bbfec3
6302462,2026-07-19T23:48:00+00:00,ee83d8814e2cb497fc5d21bdf29236fabfb8a7f658164a52db4ad3bd6d6122ac
6302463,2026-07-19T23:48:30+00:00,c66be67177b4e953994a8fda82ffca107dee2459eb60071119ef5b1b39824c7d
6302464,2026-07-19T23:49:00+00:00,382fedc5dd9ad880c2335fd34cb3691c3f37f2f74084acfd04982dd3fea082a9
6302465,2026-07-19T23:49:30+00:00,241bfb94ca84daff3e95dd238503d1b822928bef13414596cb22c75a4cd448c1
6302466,2026-07-19T23:50:00+00:00,3ec83dba8be9754cc061ad28a5e96d928fc7dd43047b3856cf8b25af4dba20fc
6302467,2026-07-19T23:50:30+00:00,5c090d0566e5d12908c787724543f7fad877495a5f553f78a3cf0a068cae6ba4
6302468,2026-07-19T23:51:00+00:00,dd8287ce584b9f4e2e05d1ead5e09bc17198d5682c1a80cd50ba11e4f0cb82c1
6302469,2026-07-19T23:51:30+00:00,19407788553ca5f33c8d91e6240404b4c894b44ea9e372c7ff87c9026518115d
6302470,2026-07-19T23:52:00+00:00,e8cefa39a9e9a1fff049e4407db0749669e93023494a97c9d5a140636c287af2
6302471,2026-07-19T23:52:30+00:00,987073aa51296002a8b68474f7ceb30feff464019b5ac47594d03440fdeb8659
6302472,2026-07-19T23:53:00+00:00,9353c0daeaffce37a68210f2675026b0740896791300302067567e3b045af3c1
6302473,2026-07-19T23:53:30+00:00,402926d88280d0feff8002b2ca27857559b40efa258df5f89c3d586a8481e63c
6302474,2026-07-19T23:54:00+00:00,e41312db2b30fea864773c8a473ad365c1712a4b658944391386c12327a7321c
6302475,2026-07-19T23:54:30+00:00,6da789b658a72cbdb27dd0e5113b4d94e1050382cd814186135b3bac7ac94101
6302476,2026-07-19T23:55:00+00:00,6590ba2892842c5215bd3b146a041bdc1f3438eb037918434f2a859de3ad821b
6302477,2026-07-19T23:55:30+00:00,b98302d930675010597cbfde254f561db06d39428cbe207d43d7c089daee0c09
6302478,2026-07-19T23:56:00+00:00,bbcae4f00fd03fd6b4dd9df4dd5a8e56d489aa293a9dd45b2f36e21606e24404
6302479,2026-07-19T23:56:30+00:00,9112628307f1805701e72196889a8b76b3618eb6a5109bfc7407b4086e658eb0
6302480,2026-07-19T23:57:00+00:00,6c33f599b7dcfb99e73f29a93eab65223558915d349ddcc1c160c376d2626f8b
6302481,2026-07-19T23:57:30+00:00,c0ad0bc0f01f948b38324ec9f1ba86ac2f2b0516c0cc4658532c972428f93f33
6302482,2026-07-19T23:58:00+00:00,c0f817447d7a2a9962310e6fa32a4ca3012feaed1c466418c753b956ea8d0717
6302483,2026-07-19T23:58:30+00:00,57cebaba095dc8459ae984ecdc649babe52a6bb3e1492a73bf384b88b11d0b19
6302484,2026-07-19T23:59:00+00:00,7c7514008040a8eb293d229ad24304cb736174dfa71c32c9466ff01bac6ad330
6302485,2026-07-19T23:59:30+00:00,f5be83620184f6ea26224b423d41ec4d1c9243e2a7ef2069cf0c75b8aa5faf6f
6302486,2026-07-20T00:00:00+00:00,52e8b23e5f96702c66bea2f989353362889e00eef922f79fe4a60e2c73ab8823
6302487,2026-07-20T00:00:30+00:00,3286d64e74d56e996a228fd25241228e4e90059d84e7e72ba1224b568a882b75
6302488,2026-07-20T00:01:00+00:00,a344b0bcbded4a54c848d0436a7b0e14827f00f49f42bb4bfe0f1aec186cf3b9
6302489,2026-07-20T00:01:30+00:00,45c031d5df070e473478975b0192655eed8f4728d4abf8f442e4c1e805a6f5b1
6302490,2026-07-20T00:02:00+00:00,298359f723409298ca7f7a983eb89e7ac79650e31fd6860fd3b99ad476970edf
6302491,2026-07-20T00:02:30+00:00,b3b3393934ecd0b09b367ed931a9c24da6e1bc446b5fdae7784badd34312a7fa
6302492,2026-07-20T00:03:00+00:00,bcdf5950e6ec5fc7a5494bb4b1eee7959361b4c2db38fa5bc41e37d2ffffbfec
6302493,2026-07-20T00:03:30+00:00,280d6a6d1d1d5a1b82b435b435c850b03a6d3e340c08ebaf6a2ac9fb459d886c
6302494,2026-07-20T00:04:00+00:00,58cc8c466e3bbfe276d1c2d9431a2a3d2cdbee7b4d919759b95defb7583b4383
6302495,2026-07-20T00:04:30+00:00,fff835c4882954c53fa0789e5b0e8e6ba20d77b6c9b2063f5b689f1494c6f18a
6302496,2026-07-20T00:05:00+00:00,9a71d19b23bbdc09be1ce30d55c7bf187ab366afe59eb98e52c21ac989689693
6302497,2026-07-20T00:05:30+00:00,af2fb4d3fdf3bcfe7b0c7512a35f00830eef450489f6904b9a01a20ee39de9c1
6302498,2026-07-20T00:06:00+00:00,51fdec5254710f6ace14e796c6c4eecc5fe1d35dd87e830893e63da2eebac30e
6302499,2026-07-20T00:06:30+00:00,3dc0fd0964b5d027147d198e00337ffd9d15c2316b13f543b2b1a27f855501ac
6302500,2026-07-20T00:07:00+00:00,680c17b41b61090df9aef65a516e5129c30d6c81710576da5563fee7a9cd65ef
6302501,2026-07-20T00:07:30+00:00,30ab22daf3b59a7159ec7017877e8b7b37a37f6468e6f68a1045f1a70c41c3ef
6302502,2026-07-20T00:08:00+00:00,4ed1d0422f10a4a020ef33ca9d65db5dc31af3d87bf82f1e55e56f16a6805374
6302503,2026-07-20T00:08:30+00:00,adba169320ca71f3791b573749d266c845f684501af011c59ddf99dd5d154198
6302504,2026-07-20T00:09:00+00:00,ef3ff0d6df67fd85b4ee093c1145a320989481cab9a29c0eb2626073a0861bfa
6302505,2026-07-20T00:09:30+00:00,0f2d715b4ae9dc7f194fb8c3703ffeae5b201e726be79c52e1775a76b4b8786f
6302506,2026-07-20T00:10:00+00:00,633c8ee4034d173d5aefa221c793533c611d9c6e2c67d7f5f4cee6c2e4473621
6302507,2026-07-20T00:10:30+00:00,5d2995d712f2dabb81983f54305b707bee1188f494c05516af2422b14b614a79
6302508,2026-07-20T00:11:00+00:00,08c7402d9435174c8940567afbc21c479f23ef764c0d80f195507f63ee25cd5e
6302509,2026-07-20T00:11:30+00:00,681fa586a0471180877744a406f24da7346ab4bee65f76b644d988a44675feee
6302510,2026-07-20T00:12:00+00:00,0576b3bca1bdec9059dc93a40edb99bf42f8c2d743e1abbfd53a8c9c9ad95e54
6302511,2026-07-20T00:12:30+00:00,086748e7bafb805b5bd00da4c0e427e8c70362d28bb08bf2e033c023dd5e53bb
6302512,2026-07-20T00:13:00+00:00,8cc4fc0aefdc8a130f2dcf424d935e213b7c8417879921b9e0cd777117c3e1d3
6302513,2026-07-20T00:13:30+00:00,63ce1fa882d249f6690129490a6c9bb8c684c5f9fb27572fe46c9dbcacd7eeb5
6302514,2026-07-20T00:14:00+00:00,1f909b46bd27aa54ef6415039dcdf27c35a18ff5b699de3649f80834d0314623
6302515,2026-07-20T00:14:30+00:00,91ee7d2a6ba5184a7430600bcff6c1c8e077cf821106126a5ae696d558aa14a4
6302516,2026-07-20T00:15:00+00:00,4ce193e29dd7ac7fe1505df36a87027022851712cb2a6c716a557ff6da250da9
6302517,2026-07-20T00:15:30+00:00,87361488e794a8ddd3ec387c4b794fcd6b9e38f3b419db3796de53345b1e764f
6302518,2026-07-20T00:16:00+00:00,9496fbd8df0514ddf07ae6b99e49ca89bd928e7837a029422c4af1307ccb42e8
6302519,2026-07-20T00:16:30+00:00,cbaafbce3ffd20d7d634c7b2ada3e53dd13e0c96b48bd7b992841cc94d8b3527
6302520,2026-07-20T00:17:00+00:00,942aed64deeb54cf9024aa32bdd0e16fd96f0690244fb64f556a7f90581998e2
6302521,2026-07-20T00:17:30+00:00,c1ab3581ea558c01bfbafc79dd11dbcf1174ad3b4bb9e89675251c2556b2af5b
6302522,2026-07-20T00:18:00+00:00,2d0ec61b66c3ad6a6eed2bcb4bead5758b26bef38c774e5dbb6fde570cdf1fb3
6302523,2026-07-20T00:18:30+00:00,706b000f803b76c51df8360c4551d6044ea698bf2c22c7ef02451198e40c3c50
6302524,2026-07-20T00:19:00+00:00,934cb4501446460943c6ed532ba95b8d9fbf095542731ab277a541614b896ec5
6302525,2026-07-20T00:19:30+00:00,ada7912bac0e0b72ee69746e94b39eb4f471de7d7176d33d3a2438947f54e909
6302526,2026-07-20T00:20:00+00:00,3ca503ea6c154bc5d9ece9a5c2eeda0be6477f91f52f5c72a63911af795d4d10
6302527,2026-07-20T00:20:30+00:00,ecede4d71103e057104e85d3f6793b565470393cba519d9a257330397c8ad0e2
6302528,2026-07-20T00:21:00+00:00,edd4e34adbffab91b3943c048a6e58fcfd627c4f51f977115df25f1ddc899958
6302529,2026-07-20T00:21:30+00:00,2767c90e0d694de990f8c2f2bf408befbd6dc7098b8032428c2890b9ee627a80
6302530,2026-07-20T00:22:00+00:00,fe94afa1f6107829dd284c213c93ce2c3cfc491e3c3ce619a40e536b83977f0b
6302531,2026-07-20T00:22:30+00:00,d221e345128bce2b8faf2e667a768052659a7785b0fa18723bfd1dfe2f5f7e97
6302532,2026-07-20T00:23:00+00:00,dcd4465657bf1be72b57b1d6f43635f79df6ea63412e8a9471a13edeb17ce441
6302533,2026-07-20T00:23:30+00:00,71cfe11d9c9ef019b5f719a04fe940ec51b704215f33242626e2f9b0f0f2a8fb
6302534,2026-07-20T00:24:00+00:00,ca15b5ae2ddb27c4e3f873e52b3f48554ea89305033d8039fa84bde56b0e509e
6302535,2026-07-20T00:24:30+00:00,ea9db70fdfcf6129712ad08c3063ffba7c7dcf47b465d6d47e4d2359b5090447
6302536,2026-07-20T00:25:00+00:00,b3ad8fd60fa11db30ffeb20415ae4b1ccd8d2f96d5ab8b98aba3be4c0d60db2f
6302537,2026-07-20T00:25:30+00:00,5533a8f39100c652d86df9b551f53b29e3416f07ce1fd19960fc128db2ea80b7
6302538,2026-07-20T00:26:00+00:00,91eec984b208da194201d39625c27ee8de17082f244787f233695fc0489ef939
6302539,2026-07-20T00:26:30+00:00,aba7fafd215d8a161c72b654cf86d52845378e81c82e3b0eb52f19e286593581
6302540,2026-07-20T00:27:00+00:00,8ecfc97a31fb76b31dd6361b3a03818c86bc6e0a2523b81ee30ac3f26fce5228
6302541,2026-07-20T00:27:30+00:00,2d19206bcc2be9f00de87598718b7d3ea0d5f73586dc6acb72425cbce163edfa
6302542,2026-07-20T00:28:00+00:00,722588a1e0de38c99fb7fd35db2f22a7e1ab019cf1ef5ebaed462b2a9094c93a
6302543,2026-07-20T00:28:30+00:00,f5a49945cfa1421a6e47c88a706a2b8041714ca2531703819643da53674bd7f2
6302544,2026-07-20T00:29:00+00:00,beef1adc7810c0f6d4355703ee14a978f436ff835c52168876f68b502fccfa39
6302545,2026-07-20T00:29:30+00:00,96f5f0d0e0b5f0fc6f30bd888352b8029f1cb090090c454df15592a2c4bbe00f
6302546,2026-07-20T00:30:00+00:00,77031dc392e5619ca512b944de83830fa7a054de1235dfc17842fedf3f9211c7
6302547,2026-07-20T00:30:30+00:00,56506c53bcf033d6c84a766591065cb225d68f9a59f400f5cc0c7c564d4fdeb8
6302548,2026-07-20T00:31:00+00:00,0ec8d6ddcb8b0deded36b888845c71b305bbb3a303dac38888de99b7d3116727
6302549,2026-07-20T00:31:30+00:00,c59b485f15ad42c1ba1b45735be7db9db2909b7ea5666efb65c9c424f5b34ae8
6302550,2026-07-20T00:32:00+00:00,03f38a18dfc5e19516ed544e768fe7482b375e77037d9c1f7a7186600eb9b100
6302551,2026-07-20T00:32:30+00:00,ca0f6b5df255a0728ca4f96922a7bf66d368229047d80a08d3cc57476bed8c67
6302552,2026-07-20T00:33:00+00:00,9c7e8a0d063765c67d2d20174b8c027b5344659a9de7b362dc644bf83aa4fdf6
6302553,2026-07-20T00:33:30+00:00,ea3563ed7438907eaf8487ac3eff91c91fad9271372ecbc8dc793a35f16ebafb
6302554,2026-07-20T00:34:00+00:00,e95a843d0c18a8e08925176d85c1a8321e6813a42aa941a8daf989ad638ca8d2
6302555,2026-07-20T00:34:30+00:00,9b5016efeff529386d4b22642e663a49486122b80e53eb0815d2b9ba595fb71b
6302556,2026-07-20T00:35:00+00:00,407bc5bf81ff2d3c194ebc43e925316af6b252652acd599e054e816ca74ea814
6302557,2026-07-20T00:35:30+00:00,59cf71b69cfdfbc62864234849bbbc5439a7b88dfa4ef88fe04183a9b9c558be
6302558,2026-07-20T00:36:00+00:00,126b8c5ebad83dcc897820267abb854ca31bb47420fd83acfc73363d6dea8955
6302559,2026-07-20T00:36:30+00:00,6f4344a49261f8c315c98b08293cd9d86c145b1d17e7f218de8ee71c55f0d7fb
6302560,2026-07-20T00:37:00+00:00,db107e26f7c5ef12e89bf3ea79fc992874ddb282e784dc6469005f4398dc3e12
6302561,2026-07-20T00:37:30+00:00,6f326675aea727b6c884d4daa6e42c416adc101ef5aaae853434c8ff45cb64a9
6302562,2026-07-20T00:38:00+00:00,990f9ef32bbca7c189a48e344bbc3b020d680d4ce776a5d56c2490545064efe4
6302563,2026-07-20T00:38:30+00:00,30af7f23d5dc6a1ab6b7c15b1d1a56a31916aea3e1885942d7492364077dd5bd
6302564,2026-07-20T00:39:00+00:00,c794f902a14c7b63d19157dbd50b76fed792e0257f4a5ac650c797a7f77c5a29
6302565,2026-07-20T00:39:30+00:00,657e698f0c31aaa68fad7b7241c9cacb6bfefb8ffe948481806a4e9e1dbd7af5
6302566,2026-07-20T00:40:00+00:00,c9dcfadee26f76bbce1184ddc85cc6bd20b5d483088539667e3132e7cb8dd3f3
6302567,2026-07-20T00:40:30+00:00,cb7f5975d3d9248cf5cde0ab6367e5c9057502369eef3030247f44f83ecff644
6302568,2026-07-20T00:41:00+00:00,2cadedc5c1087952093b34a931bdb97a751e43d5c3316a4730fbce7190ae0651
6302569,2026-07-20T00:41:30+00:00,ea6bad78fc465c059a1a568e40d978052fa8253cb734ce0411cb638c179d8689
6302570,2026-07-20T00:42:00+00:00,17cc6f34c59e3ccd300b41f2563b20facc30896254023199e9bcf9aa0e8692c4
6302571,2026-07-20T00:42:30+00:00,e8d1d3a5e6807b44f0998fa3f046a654073aae98eb3a1b251f36b7002b54497b
6302572,2026-07-20T00:43:00+00:00,36b8ba9b2fa9721262d19a3a32e112602655ab2e69b6fa39ed6517661334ffb9
6302573,2026-07-20T00:43:30+00:00,775217de7b960565bbd6e1eddb1a6bf8ea6d9b635b218f44a470ef013aeef817
6302574,2026-07-20T00:44:00+00:00,e0eaa4aeac6df05f1fc58bac23a65d43b3da2f87daa340769048ebfc758fe103
6302575,2026-07-20T00:44:30+00:00,3c508e63b2fbc297804bd7e9085147e9d3e899b46415cb1b15c380dc706dc44f
6302576,2026-07-20T00:45:00+00:00,30fbc9f8a028ac79b3d4ef8cd519d20bc019c57d2f6cbac844acabc910aa59e0
6302577,2026-07-20T00:45:30+00:00,e02c14b5d5e84f9f7471c5ed740659411e138c713059736770d7703da9a03108
6302578,2026-07-20T00:46:00+00:00,8196364c3f7705094fdfb0b49da191deac0c6f11c8ae768b47b351e46c6e5ac4
6302579,2026-07-20T00:46:30+00:00,30c8cb68e0a493ac97606286e6e8a9693e739df2164a2f138dbc4766da513a21
6302580,2026-07-20T00:47:00+00:00,062ae39bc9ea2f026285c1cce04fee674ff4a3769d9f11c0047da24160185bba
6302581,2026-07-20T00:47:30+00:00,8455155bfe906068501b25c06360fde6908221c9fba3b1e6ccbaa6f3c3d90651
6302582,2026-07-20T00:48:00+00:00,117e950cef40fed0bd62899d963360a77609e313dfd2d134f93c0ccc3be64498
6302583,2026-07-20T00:48:30+00:00,9382e640afd83f465d88033612d169e7ec014252aa71122df608028085fb9307
6302584,2026-07-20T00:49:00+00:00,3116d79950f3d2e772386e04b4381a3dea9199c98010b08277ba1beee0ecf57f
6302585,2026-07-20T00:49:30+00:00,ca00547247cd121b40edd40ff40851331c8aff644a7b2225dd6915f4e0ca8f5e
6302586,2026-07-20T00:50:00+00:00,da2314066a7b0b0e1f89e46d113a61cd89cc76a71f089486eddba9096580dbf3
6302587,2026-07-20T00:50:30+00:00,d011b523de5decb43ed8d76162b28b93cb114d2b8f225161c0ffd6e1439af333
6302588,2026-07-20T00:51:00+00:00,7c0116d9c5db1f948b65355102e6c7e9034be43cce7110be29cc2116e97b87c9
6302589,2026-07-20T00:51:30+00:00,32a69b68006e1210e4a232bc4932b516b90ee07386801d1b4d8e22ae0c474c98
6302590,2026-07-20T00:52:00+00:00,2e3c6170b3cc051b5bad4202ec25dc81e5e41ce21e0ba45b35da056fde819526
6302591,2026-07-20T00:52:30+00:00,f7b90c9b3e7d978f23ed4e5c14a3680ae0a5c701593f71280b0eb6039bc220c9
6302592,2026-07-20T00:53:00+00:00,7b11fca152b22b787fbfcfe9f7517a2dbb96782f95f5b6f39418fa9ad9520ce4
6302593,2026-07-20T00:53:30+00:00,e87fa570bffda2f05173e52c04238381638abbbc163546e91f1cd3c5bf488a0d
6302594,2026-07-20T00:54:00+00:00,5fe445a417633f175d349a111fe607218c39e248c41e0209b72db810e03f418f
6302595,2026-07-20T00:54:30+00:00,3ed88d2764f3fd267e445f4b4b278c7f9eda466e2697f2a186737181678683f2
6302596,2026-07-20T00:55:00+00:00,ff475b4041be3ac0445e9dd8653fb706caf335ffcf05b45c6be0b33c4bd4d792
6302597,2026-07-20T00:55:30+00:00,02530419ad484a381f037965b88ce70b7f9d21d2092de00a228014207b01a58a
6302598,2026-07-20T00:56:00+00:00,8caffc76e927da739ba879dd0cedb4e61eb984379da38cf32b730f07d2a3795d
6302599,2026-07-20T00:56:30+00:00,1767eabe079bd54fb3aef0eb331768139037f35ddd575e02ef8916a2d1177b1e
6302600,2026-07-20T00:57:00+00:00,7053c8b73854173aaced013124b0be14661ada7797303c058367982d359f9573
6302601,2026-07-20T00:57:30+00:00,9a8fbe246657263f29cfba0d8351ca7b819e8b4720a4fa51779f9179b40c5c9b
6302602,2026-07-20T00:58:00+00:00,9ad7d2f1583b2d9e1c08469da9890c65cc60ee7279049bdb5ea18b08ad869cb6
6302603,2026-07-20T00:58:30+00:00,5b853ae25f0cf968c05926890241ecf939e9f4ac3ae38183c2405a3439817bfd
6302604,2026-07-20T00:59:00+00:00,c4c1f000c0d7caf8db68af9569b40af86f69b4232948c5ea950385db058bf802
6302605,2026-07-20T00:59:30+00:00,8f3c6ceee0997b42a102bc1bb80aa644e91e190a3d4acfec7a6c66fff95af0c3
6302606,2026-07-20T01:00:00+00:00,c524b3a49a2459f64c376f65c7a71f6750815779ce7efca35fcfc732a18aac61
6302607,2026-07-20T01:00:30+00:00,d46efcc9ff653f9c6978924b18f7fb97b5347717bf7cd61a2955e6436ed2428e
6302608,2026-07-20T01:01:00+00:00,aa019c65de7753e2c6053101d14a10d75935361823cc2faaf6c11e1dc90522c0
6302609,2026-07-20T01:01:30+00:00,8aff9876b4a1d4908c267e107ea1fcacbd47bdb0e9d0fc81fc15c986983c2df1
6302610,2026-07-20T01:02:00+00:00,d6f47b9d94164286eebf3095a7ade4ab37367ba058e63b298f14f94bf0bb5c63
6302611,2026-07-20T01:02:30+00:00,24129569a30a3f3d49c3bcc44a0c057eb203d3f31fb5bed89c80752a38086374
6302612,2026-07-20T01:03:00+00:00,5eddb4a27356251cd6dcff35bbfe7924d2bbad6df613a3f6c1c4f9eec0ba60b9
6302613,2026-07-20T01:03:30+00:00,8feb9b7c8db0dfdf4f728f0d142ba709e9be35b0a7cbb395ff1e213e41cddfe2
6302614,2026-07-20T01:04:00+00:00,08fff3b2c5a5865e18472c64e19ffea0260dc1fa24f7d60981966cb35855719f
6302615,2026-07-20T01:04:30+00:00,edb651132a45a5f1b390a5ed5fbf8a7719d40444955d35cb484ff079cbc94254
6302616,2026-07-20T01:05:00+00:00,93e5e5dc755e244a965ac21a603990f951980472cae22f68fdd064855b7e97eb
6302617,2026-07-20T01:05:30+00:00,0a6f4bd9056ac071e1148f12ebafcc03acab786d88daecc81d7c322339f89076
6302618,2026-07-20T01:06:00+00:00,02ce8cd4f7dc4c5d04ef1bdbe305b11cf0b47ab017c7ce01fa9213877e514a8e
6302619,2026-07-20T01:06:30+00:00,3669215ad16f646531a5ea623412f013cafb0db117aa7a3b77af15a8a015c468
6302620,2026-07-20T01:07:00+00:00,f61ae05f8ab2aef0dafaad68bceb30347e67b4af6a8106810e636ef8270ea738
6302621,2026-07-20T01:07:30+00:00,2d3659dd8e47a72190b80a1c70674c0f434c3af7d19f38b668099fc96fc52e3b
6302622,2026-07-20T01:08:00+00:00,12eb6c792c103c0a38538fa25ca281f9a3f841249e9dcdc626593f698453db6d
6302623,2026-07-20T01:08:30+00:00,ef2862b6cc861eab2868f6db6dfa1f2cf423093f2b2af9e1c975de20075b3d8f
6302624,2026-07-20T01:09:00+00:00,96894a2e843cde8b4821539e30a5434701932843d67969e5258e8c36a298614e
6302625,2026-07-20T01:09:30+00:00,ae37a9ae2d7488684c451344f806e633c3115e38e5f1ae48e763b7d1fb29795e
6302626,2026-07-20T01:10:00+00:00,4abe94710e10043502cb5b1224bd0c2d03244db930b2b3b5e29d0ed5b853445c
6302627,2026-07-20T01:10:30+00:00,4a6242804f23b747f115251a4212a52792572d226ac228d1d3043374c370af35
6302628,2026-07-20T01:11:00+00:00,6172bea687e91fa139f26364a53254653b2e122c5c3dd90505aaef516a080750
6302629,2026-07-20T01:11:30+00:00,f24625176e767fa6b28ab4a5d6e7ce385e6857c0a5ef05a5242dfd01c90b1716
6302630,2026-07-20T01:12:00+00:00,60820f170ffef6b02b9920d6af035a7702019d4382c98ef62fa0e0ba4effbcd7
6302631,2026-07-20T01:12:30+00:00,25744b0b11d389b7f56a96674d79ba6462592bac871bf2d1dc9017210e111a5b
6302632,2026-07-20T01:13:00+00:00,f439cae0cbffb6e2a2b620d5bc5b3ae5a1d6a766137c4e53de99d46df157513b
6302633,2026-07-20T01:13:30+00:00,9b6b3e803cf650d408f2ff30c36a596e6877316c6c44f7e5f30d208a291c4043
6302634,2026-07-20T01:14:00+00:00,9f815234e8c3dee1b939dfbf786cdda28c7b0982ff141f6f80ce297eabd5934a
6302635,2026-07-20T01:14:30+00:00,f78d06b5523affcf95364d6797700622f8d3c6cdaa4271ea689ce14e414e7f02
6302636,2026-07-20T01:15:00+00:00,429a3b706de617481264480f045cb94670f91fc47675578ec5870c59f8107b6b
6302637,2026-07-20T01:15:30+00:00,3274c6aedb3e145524b22c3550068fcc98f037f5835110a682625ad195299365
6302638,2026-07-20T01:16:00+00:00,175b88c57c8e5df833a41c48fef7aea53b5b9b163f1ad6a10c28ad5c1c12a7a1
6302639,2026-07-20T01:16:30+00:00,4485a638bd8b30bd2821b37e639479ebdc47892d4ddc18d4cbe10fe01ab7529a
6302640,2026-07-20T01:17:00+00:00,448d942f51ff9111e24b806145059c02a8be500194e6a48bf099c5b61dcd07f2
6302641,2026-07-20T01:17:30+00:00,298a5425a99fdefeb10ee140f57db1c589ef76be44c898b7eb1f704edff64c73
6302642,2026-07-20T01:18:00+00:00,86286dab8d4b92f0b974b4da637f362bd18e9b927f46b8f0ddc80e71f485e026
6302643,2026-07-20T01:18:30+00:00,10c3eef67c045a53acb69806c8b09c5b1e421617529af063be158e5b416a3816
6302644,2026-07-20T01:19:00+00:00,b3dd4e70dc002526b8865a0d5044da6a988fe04c3e3362607f3dd1dcdcc1211c
6302645,2026-07-20T01:19:30+00:00,9bcd4e3e6343fc7150483eada98e3d085d89b3f14351e85e7347c632987b8aba
6302646,2026-07-20T01:20:00+00:00,b1b6275a46b2cb5a64a34c77c3451c24586b57e1437a8e186b2e149a60adb035
6302647,2026-07-20T01:20:30+00:00,abb35d02142c22eaa9d150ee5b07ba4e31d3867e2e96ae01b98aa2dae8cbebcf
6302648,2026-07-20T01:21:00+00:00,23db9de60ad535cb52fefb9da833aa13959bfae51994dce99c45222fc93fac37
6302649,2026-07-20T01:21:30+00:00,90f99c6fcd1dc6e373a7962f6a3391cf6dba69b49a0768663b2e04b6878b5366
6302650,2026-07-20T01:22:00+00:00,4e5537f0cb7f9f50b548a5df4f42f4874fa98ffa021d49e80c8cac8a8a2636c7
6302651,2026-07-20T01:22:30+00:00,bd4a69ffef4c110188194b1d9fc59309eee062f0688f2603cb38c02c994fe92f
6302652,2026-07-20T01:23:00+00:00,98aba7c632cfd5bbd717dbc42dc9d1d3612c505aceca21dd2f1b8a4af0871f1b
6302653,2026-07-20T01:23:30+00:00,f71381242311d1d25a477c7ba0a6befc6fe11c96fb785e0a90f43f70bca2aa01
6302654,2026-07-20T01:24:00+00:00,e6c9446c9b7fd2d6be2b041dc21b26d0c507b535ce523e5aef93234eae4a9bd7
6302655,2026-07-20T01:24:30+00:00,10bff1d899a6ee8810eea0d1f504d5451215580c92a6cc50281a67736ee52f4d
6302656,2026-07-20T01:25:00+00:00,be1413177444d5c84f4aba705d12a24ad1eca4552d2c0c980c3e0cd06a3cd7bb
6302657,2026-07-20T01:25:30+00:00,6c89c9f7f25fc13c1206a30eb2df86077cef3c28108b898043f672972e72dc50
6302658,2026-07-20T01:26:00+00:00,1890b15733da078703b76d6d3e2b9286d113875b0e7759055ff37514db68d962
6302659,2026-07-20T01:26:30+00:00,e13f5774ba7516f18d6b7432fb000dfbb8717b68e26cf2b7d507b1f9247aee7b
6302660,2026-07-20T01:27:00+00:00,68e6cbfcaba525bd4c420c93ccc2ea98d057ca2ae51a93f08358698bba08b0bc
6302661,2026-07-20T01:27:30+00:00,afc93c78dcfe5489e3afc57905cbe5ec8293ca7918736929a8164569d4cbce6d
6302662,2026-07-20T01:28:00+00:00,693bcfa1094dba4f627e193d774b69d8d3971e4d053ce9a5853b6faba81dccc0
6302663,2026-07-20T01:28:30+00:00,fe326db700d569ea46256138eac08d69fb418cfe5ce642cdcf39e1262414fa53
6302664,2026-07-20T01:29:00+00:00,3f56ccb1ade4922e94c66dd1c516b705405b7c734b8e7ae97a0044313d4ca7e9
6302665,2026-07-20T01:29:30+00:00,6d647cb7dc0c9ddb792472be7fa06286cb7d20ca7f1b9ee25ccd82e8ea8f9105
6302666,2026-07-20T01:30:00+00:00,c8b823cd69d3fe2dcdce69baa0d5c3b2e97094debdfb65f08ed9c10010568d61
6302667,2026-07-20T01:30:30+00:00,11e438beef6ba0d947dc37fae31dae11d5ecc0b8ddb0f35c71bf10eab365d15c
6302668,2026-07-20T01:31:00+00:00,bf453d8bd4466dc1e26128720af6672ca8f018af9c9a072fed7b0efe30e2f700
6302669,2026-07-20T01:31:30+00:00,d7fd6e5e5b106e625a4e9aebf2ae95f9005e46576be219cfd8c01413a3011800
6302670,2026-07-20T01:32:00+00:00,6d58522d406cfd8027b106971d2bb14ca688e676d22e013f2c27eaa331039bab
6302671,2026-07-20T01:32:30+00:00,1fdd24f6a92242764f64a17f62c1e49cefb419d25166e8aaff63e9cc29fad155
6302672,2026-07-20T01:33:00+00:00,262d0513adfb422b5957a7dd6e2be579e979825a600c950eba1f7e542a6729cd
6302673,2026-07-20T01:33:30+00:00,7b6b61a8c59205d35195921439a283cb18d82de1981b6477c028db2943a35b4c
6302674,2026-07-20T01:34:00+00:00,3ced6d37a5f5fa7d857595b7acfbdab40cb7d719fdac98c16b08dd82b0f3b626
6302675,2026-07-20T01:34:30+00:00,22647a89d086f93fa0ec8e67b3affd733b82ba9308f013c462316c3d271ecf73
6302676,2026-07-20T01:35:00+00:00,a801d83b62bb9fae7ad9fcddeb1b1ff975d66cc48f93ea49bde43bd74e0716c3
6302677,2026-07-20T01:35:30+00:00,95e25d49842a542de087ac0aa9b8103545ae38228d6e5d6adeb4effe62512a8d
6302678,2026-07-20T01:36:00+00:00,be99e343a8e9cab747f6c4f7eaba690f5942c88797d8bb0df120fbf8e640627c
6302679,2026-07-20T01:36:30+00:00,e3497cd930d2992f0b58fbeb87b1ba831072ea46e8826feb05b76f278ce67426
6302680,2026-07-20T01:37:00+00:00,54ab3c20593b92e1f03c239ae52af27640a6bb7ce7222990d9feb84bd9d6d493
6302681,2026-07-20T01:37:30+00:00,8d6cbb5182ddec003ef4b4a8938eaedd373274002afac7203202ae0f1c82904c
6302682,2026-07-20T01:38:00+00:00,f8921e49e06e75dcd1f529576cb69a6bce20d7507b09cd5aad7b3f4506689c18
6302683,2026-07-20T01:38:30+00:00,653035fd48b6ba41051a513f71f5e67d62223910be97cadf823571a8caf833d6
6302684,2026-07-20T01:39:00+00:00,21a83488032f020a8c2dea58160bee2736e56402dd50c96aa2e11a1faddf0608
6302685,2026-07-20T01:39:30+00:00,5b78923b80ec7d5349bc4ad994107fb8d5b56bebb0db3c61674d956dcf637efb
6302686,2026-07-20T01:40:00+00:00,3f803048a24d0c3f9a2b776d0073be714c924f2db7d2fc2a03eea0b896672b80
6302687,2026-07-20T01:40:30+00:00,67e01cb7ab4eb1ec54a7b4d568bfc0a78c184cc9470ef5468ce85bd7cfef08ee
6302688,2026-07-20T01:41:00+00:00,17c1f731030c55c084f3cbc88782c77cd08910995ae7f3c3217f9d832e72a1b8
6302689,2026-07-20T01:41:30+00:00,029b8fc18616ea3279480632b51c43f84faaeb0c9bcfdc75a9d969fe86c93b43
6302690,2026-07-20T01:42:00+00:00,0591b1403040e4bd7c81aaa4d6c22e2ad76515c129ea0dd2ed17af9dd3da2887
6302691,2026-07-20T01:42:30+00:00,7a90a32a9cd2e00d36cffade284b8299d091e608580808cc5a02fa206ce5c604
6302692,2026-07-20T01:43:00+00:00,3aebcd91fd2b822dbc48309aeea719fdd9e36ecdd8c0255240814124c50bc83f
6302693,2026-07-20T01:43:30+00:00,c141e2c48e2ad6f4d7ad8d9ba79797fd86f62b4f790ba4b43423860230bc17c8
6302694,2026-07-20T01:44:00+00:00,e0fafb7540e06f295731833f4263bc83a28b74b0c2997e5e79a9c8f4eee451c7
6302695,2026-07-20T01:44:30+00:00,5f820fb0fa0711234661cff2abb17ca119a831b8e6ffdbe4f84a7bb084fa54a1
6302696,2026-07-20T01:45:00+00:00,8606f392b0d2ff6e048291bfe016ef0f956a421764c98b7492097335c07184d4
6302697,2026-07-20T01:45:30+00:00,72f3f1c5d8ab37aa8569b0f3bfc94794a5d3e9e4d5edc0906517683c0885f03c
6302698,2026-07-20T01:46:00+00:00,f6085ec4734e888d0ce78425f4d5d7d73a40becbfe7e1327be1731fbc57ed245
6302699,2026-07-20T01:46:30+00:00,2eb96f9664bf6550705a06acaaecc1a92dc646687ef1a36a162c16c359929804
6302700,2026-07-20T01:47:00+00:00,2b65ee4c6a43da0534b5999a6658facd0e6ea597521da3406b480300e5de68ab
6302701,2026-07-20T01:47:30+00:00,9d2520846ce6294149834ce84cd44c067d2010fff0a326d9167d616087791df3
6302702,2026-07-20T01:48:00+00:00,9d2c969d1a8348e85ff160948ecef5e213a124e76103a7c6d8f0476ff57a94df
6302703,2026-07-20T01:48:30+00:00,2d066e1bc1146f827c5fe2d3b3998ee2983ac85cb9a482dfaf10be66d17f8e03
6302704,2026-07-20T01:49:00+00:00,bad6bbc80284444822686f02efbdf909abed197921ba13a770de366a2ad35362
6302705,2026-07-20T01:49:30+00:00,93dd69da53eceb22c48ac0e50e10d0e300a3552650ad6aff0bc38b68f2584776
6302706,2026-07-20T01:50:00+00:00,2e598c602a5fb3ab81798eab2b0d2c3f82175236693bc0b6d78e6842ba45b638
6302707,2026-07-20T01:50:30+00:00,9d3a2b7768a8abdb8006eb33de95ca559c83f28c095484c56b95c8eb9f5668ad
6302708,2026-07-20T01:51:00+00:00,6ec240d3424517f3f5deabf3462d58cb3430f12ace189cd7589ede3d5420c38d
6302709,2026-07-20T01:51:30+00:00,3b1eb666dda261bf38216026c068b83db94cf7b8961eaa688086e2813db590a6
6302710,2026-07-20T01:52:00+00:00,9cf138e9efbc4cf2d6081fc4e6385aa10c867244ef4d3f27c58046adb90542ab
6302711,2026-07-20T01:52:30+00:00,59c43f12108bd20053b4a3d00754e87507e3ade6ccbb9ba6c28d834bc5e7cdde
6302712,2026-07-20T01:53:00+00:00,d24c217f5aa1075b3a036fae8afdcd3649c5720ea55bb01704279d9a3bed16aa
6302713,2026-07-20T01:53:30+00:00,6628deb4c7ba2a93d2f92032473ee0937857dc505c18cb7e9069ebd16c95a103
6302714,2026-07-20T01:54:00+00:00,fb624960746faf1f3c3d01ff5d8f090efe8e0f4812e4ac1b43ce7458cdf9ce51
6302715,2026-07-20T01:54:30+00:00,8b1251fd4e3569dae30762629e64998e7bc65569e9254f41e008d24d31ad999c
6302716,2026-07-20T01:55:00+00:00,bc7ff1194257e01fabe7841a4a40c954556440ab529923b6838bd91b2e4f9978
6302717,2026-07-20T01:55:30+00:00,24587524dafa7120fc00e20facebf80755a40ddd894d6c0756d73134ef27a3be
6302718,2026-07-20T01:56:00+00:00,e272e0ef87d39eec07443ac6485d50fc151c571ff254eeddec2cc37cdfb4e7c8
6302719,2026-07-20T01:56:30+00:00,ff0bc0e307cc8b54f98478b024b2e8b7385b86c294ecc0562c361392428e672a
6302720,2026-07-20T01:57:00+00:00,5fb8cfc72fab7cfd15e12d4ec23c72b6604b5bf80375c557c8ccf37e7b94fe3a
6302721,2026-07-20T01:57:30+00:00,ce7babda007dddde6510861dcf20fb1f1b85c810751cf26a5bffc7db2118a56a
6302722,2026-07-20T01:58:00+00:00,01edcc3b29c0e3f2a6fff17cd2f3f10f1bab3214b8967e40003deeaa267c531a
6302723,2026-07-20T01:58:30+00:00,c9fe83d4a7758a3a08dbfcc6c5d923b98609b33c94519c278bafd7fae15fa7bb
6302724,2026-07-20T01:59:00+00:00,7215af6a6e9a997f6478ec94ff3477f6213233697ff474102fd9ac5bb4324dc8
6302725,2026-07-20T01:59:30+00:00,15363927cf522b039f9e59011da09dd5558e2543a540b4e936092e3a2c71fc83
6302726,2026-07-20T02:00:00+00:00,19cc0ec21a60fa4902a53bd01a1f2f444efe97fc803360def6f47a7a2b91a7e6
6302727,2026-07-20T02:00:30+00:00,5db90ce0df321a0b862e30b0468c945382300299307d0925d276061b81c0e2ca
6302728,2026-07-20T02:01:00+00:00,d13a7f12f182b6e7eda6c8103802394cbcdabcb04d572e6af827fa2cb1aba03f
6302729,2026-07-20T02:01:30+00:00,e4638771d7af710137f7e69937e14b306efe3a84ed20a6545e8554ea43c427fa
6302730,2026-07-20T02:02:00+00:00,caa392057b73603a0233de25a8487b884a4c4a47652dcba8554094fdb9c354d2
6302731,2026-07-20T02:02:30+00:00,eeae1f7d7d026856990881d633c8dfced6b6197cd798d1659596b4fae606e120
6302732,2026-07-20T02:03:00+00:00,85177c9410464eff16210c077cdaf202f94934fa606446fb94fb0ff24206f3b1
6302733,2026-07-20T02:03:30+00:00,0519372af696735237bff0e042a74756bf150f6652e0ab49ce3322559a8a6653
6302734,2026-07-20T02:04:00+00:00,8d7c7e01e33db894a8d1af69505c527f24d75a1910048df6b592cf7a9d2000d3
6302735,2026-07-20T02:04:30+00:00,1f1d0715c9c90c68c9850bdffd16617f856949c1e71125dd89e319ca7a055e48
6302736,2026-07-20T02:05:00+00:00,952b32f92ff2de6e32e740079d6b9b4eb053ab61fb913478ef892f30912f8b8b
6302737,2026-07-20T02:05:30+00:00,b8c2ba331ee973a926ec9ade9f6cbecf92347e6e811406dbae1566917f686162
6302738,2026-07-20T02:06:00+00:00,3a64b63cfa24a884f43b7673817b388275ce72ea5c4aa400d4b89bc6b61504bb
6302739,2026-07-20T02:06:30+00:00,750f304164d0632287ef206130e0b5c7747154ee57f63ed6e66bb900b5dad1cb
6302740,2026-07-20T02:07:00+00:00,ba147032b2a30a1ab3c5e272831e00896615f72c9d9a2b040b69c0d93da08bfa
6302741,2026-07-20T02:07:30+00:00,a1d0e617a8298d0430c286bdb4b00994663476762705df9ba1c24d40bc948e1e
6302742,2026-07-20T02:08:00+00:00,2f94c1b5b4e03ef55daee666e46d8041b08290ea37399fd4458b064c7e02f1f2
6302743,2026-07-20T02:08:30+00:00,f78eace2bfe618b09ff9791a7d37fdb629f10f01d5dddc2eb4273deeeabf15c9
6302744,2026-07-20T02:09:00+00:00,10efb6de7375204ff9c6085f8c3e26edb5713763e6749ea0af661aaff21ef283
6302745,2026-07-20T02:09:30+00:00,779dca47158462f2f9abe0e674ee92839697b7d551903981becdb0a3f8ad4b99
6302746,2026-07-20T02:10:00+00:00,343fb8b0d24e866f0a3ecdbc5ca698d6f87cea1e87ec24fd035ad79a104c1ffd
6302747,2026-07-20T02:10:30+00:00,05cecf1a08fefb4a0598d6808b430ca4fd3fcec861a027e56e6c7eec9824ad1a
6302748,2026-07-20T02:11:00+00:00,25a087c11f1ff8ec5a7bdbb5a591a65a0f5bada5f494c4741a7dc9cbdbd27ade
6302749,2026-07-20T02:11:30+00:00,5f48e2b449c93860aff3c9c1aca9b9c3bbbbb9526d015928e504aa0b3d25298b
6302750,2026-07-20T02:12:00+00:00,fa8ce5d4eba0c95d5c902258b39b9c24ec8ccb0398debeff345c7933da305579
6302751,2026-07-20T02:12:30+00:00,feafdcd52a07b1cac4b3c5c8a6cbee56a9aab7b6a9ab188471f3bfa9c0dc31a1
6302752,2026-07-20T02:13:00+00:00,08a4564d3035244d404bf1c8651f903d82c7997f353275e2566d1a2d5574e47c
6302753,2026-07-20T02:13:30+00:00,fea3772c5e069e378a69420dcd9a743c7d248eaf98358ab5d53a85522fa04741
6302754,2026-07-20T02:14:00+00:00,ca6dd30978b930630f5bd2e4fd10e76b4decd4bd36dee0359221ffff4315b7af
6302755,2026-07-20T02:14:30+00:00,44380928afb5367cc24dddc49e388121cb1b2b5e4e9dac20d3651901057f7e82
6302756,2026-07-20T02:15:00+00:00,97db12040b0d2342ae6bbd270564fb5aace09da557873694b6ffd4f456a571e3
6302757,2026-07-20T02:15:30+00:00,a11ec691c77f42cdc9f432a1cf98066d7dd567189a79451f166a5bbfe69966a8
6302758,2026-07-20T02:16:00+00:00,18dcb97800be82a95d31c6b5a740956fb368a609d40e1d723cbdf35831e0ddf2
6302759,2026-07-20T02:16:30+00:00,815f01f188fbe2d11afa945c5be8e535b752f63d863c70d91a0ad6e467da7fe1
6302760,2026-07-20T02:17:00+00:00,8c5c45fc1361fd867cbddd604d9ae5f2da98aa95cb832ea90d2d885b5621b5f3
6302761,2026-07-20T02:17:30+00:00,dc48919b32f230dc9628ce35d8f788fe94d58a2143fb380b4e412fe8cd260e4a
6302762,2026-07-20T02:18:00+00:00,e0f94c4b90f4cb3007f1938d998b1f9a91dd4d36ff53fdc91b8744375b7ae632
6302763,2026-07-20T02:18:30+00:00,674474b0de250aed094a02406397b3dfe2d815bf815fd2f1c3987db7b222219c
6302764,2026-07-20T02:19:00+00:00,e103f113c9f6e6b3ca2e62889cb828301567f00f28eb335ce46acd5c7d08fef4
6302765,2026-07-20T02:19:30+00:00,523b55591fa4f66b95fba46e9b0efe7ead863ed28ac6827040d38e1b67002587
6302766,2026-07-20T02:20:00+00:00,220f18ed9ef05c7d82934a1f239d248badd1a1764be5c6683d602d77988d2778
6302767,2026-07-20T02:20:30+00:00,847f4ec3f3df945215effb4f6d4d51db691d635937042eb906a58f66af186ebf
6302768,2026-07-20T02:21:00+00:00,c8ba35c26305dbf4a7d9235c46bf8f4175433904112f821d8b9aaaed344de31f
6302769,2026-07-20T02:21:30+00:00,87d53703cdd8f32c7039e10279a81bfd7694062c960842e675cc950cbc22a0a3
6302770,2026-07-20T02:22:00+00:00,4c01f2b9c08167b3c6bd1d5395dfa1772394176dc9f93982d04b4685ee9f234f
6302771,2026-07-20T02:22:30+00:00,b9883e76d2b6bc5a1f0175d96a689e0f2f7cdd6a1f7bb06479e92b484dc2fb1b
6302772,2026-07-20T02:23:00+00:00,5e0b00965be1144e6e3efe590073137e82da0c7f85d964ae88f847c507c35e22
6302773,2026-07-20T02:23:30+00:00,2c6fe2bfa30b0783a346a9959556ca7e24f95f50b8cf4e7b47360241715a7111
6302774,2026-07-20T02:24:00+00:00,820c5a3c53612aade42d54648a4ef4d2a20b36a2bb0270d9498329a9e8d07712
6302775,2026-07-20T02:24:30+00:00,a07761835df95b4af3055807853a3574d1cb8ab66a4a8910ed67c087061b602b
6302776,2026-07-20T02:25:00+00:00,bfc9328c501e83ee962aabe90e09174ebe74f694a3936c80619662aa7696b8f4
6302777,2026-07-20T02:25:30+00:00,33daddc3865324551d4dccc61fed0178f4e2a535b7b03dea6f0477fa6756f126
6302778,2026-07-20T02:26:00+00:00,87ba1a2be6591b176e62aed149fca304fa3419b210266e32b918b74893c69133
6302779,2026-07-20T02:26:30+00:00,1f30dfec00a80e928bbd624ee2e5638e82b90ac062f6e7eff575a274928dca78
6302780,2026-07-20T02:27:00+00:00,10c22a3584a195ddfd50e50c1dd58ef617a55c8d103820e7fe5169f72e65c981
6302781,2026-07-20T02:27:30+00:00,d23068857f60d1cd47a90ffb04ee974a98370b7d3854bfb145f67c56ae0e0a91
6302782,2026-07-20T02:28:00+00:00,b1a9f414b78f8ca13565ce9402aac0ee522cd66a7fdf33269512a8a84a220871
6302783,2026-07-20T02:28:30+00:00,4734382e56d9be728d0eda8f8a4d82cd19d8060d6fcd7ee5f89c4e22474fb5e2
6302784,2026-07-20T02:29:00+00:00,e572eb3cf86b885dc091f0ae8cf9e112d2f746eb22ba4c83841fc163569e56a1
6302785,2026-07-20T02:29:30+00:00,767cf830a45f8f51159f97137369cc2a79029461ab1495bc72386c6cf93afc5c
6302786,2026-07-20T02:30:00+00:00,c70940d92e8eed0e2819cb94ab77c38773e87e93b276483526af655333214946
6302787,2026-07-20T02:30:30+00:00,6e5099f600df022fffaab128d69504b6155053c6de975687315d138d4ab1d630
6302788,2026-07-20T02:31:00+00:00,52337d189b3ee79efbb11bb509964a3790fdbc124d44fac7c1fbc31ac3b64612
6302789,2026-07-20T02:31:30+00:00,d92094d4c6a613dec1e1fb9e0f18f6a068df7524a103ee5a4aa02a14b654e6b2
6302790,2026-07-20T02:32:00+00:00,92119242753ee4b791d8905c9b3be9860dbb9a1ef0cf7520f75220c331e87198
6302791,2026-07-20T02:32:30+00:00,b3051d005d39dd8b689e575c13700ff5f8cd30663faf7ab9df3a6298894cf36f
6302792,2026-07-20T02:33:00+00:00,698d10d71bd0416ba789c22d8d361f578096d491cfcab5be647ddcb9705e5792
6302793,2026-07-20T02:33:30+00:00,09d66c47691be7b4bbb6afd8b87d244152e88d29cba345cc306f1246336aade2
6302794,2026-07-20T02:34:00+00:00,c581569d725e3daf240753236a9607edbd0ff8ff15b32d6a910d085cd446cd69
6302795,2026-07-20T02:34:30+00:00,020cd3e59fae9b8267ce37d679066396abbfd4519f8ff5c1c80c5addda47c545
6302796,2026-07-20T02:35:00+00:00,4c2d88ea548331645cde0cb1d44f3e9a37eaf16d784dfbedd77f8e35b54e4b7f
6302797,2026-07-20T02:35:30+00:00,7dcb2c49260bbf31c8fa8afcef7d800b019d6f3c93cbd13175092b1936fe9062
6302798,2026-07-20T02:36:00+00:00,8eb3896c992e3d6820ac0c1e2211a0000cb12c295c5ff950ad2fa30b307d873b
6302799,2026-07-20T02:36:30+00:00,bed80aa7355da42905ce1f8285b386ee25085c04d88c070bdec74293dfe45fdb
6302800,2026-07-20T02:37:00+00:00,d7e54bab142da34fab5400cbf6ccdd49e855a76e5981be5df894d79234a7e003
6302801,2026-07-20T02:37:30+00:00,f240fcb76b46f6445438189a3ccd02835d8d69402b24f609dcdfab211842ccb9
6302802,2026-07-20T02:38:00+00:00,0a2cc2c517868579f6082afd8b9b3aeb456204a7857710a686a1c93906f6461e
6302803,2026-07-20T02:38:30+00:00,bfbc44fc182ab625d7bf95d112924ff47ba5acb62fca7dc8625bef801e18ab81
6302804,2026-07-20T02:39:00+00:00,9228383fade5f62b8553f242736432f6b7c5d29cea92e2af005177b9c3a2bd0a
6302805,2026-07-20T02:39:30+00:00,2769c64c513b685e462bf5f986ac7a2db04a813fc6dcc3ca5b440fc4319d395b
6302806,2026-07-20T02:40:00+00:00,a7be4a1ccb29b0535c894cb155313116bebf6185356a98d7e1fff548f7ac98fc
6302807,2026-07-20T02:40:30+00:00,917342c67b2d7590f8f3137caa507127ba0e8b1c583e70a0f73f8d83117696b4
6302808,2026-07-20T02:41:00+00:00,3a537f838203d6a8b68ccf54f466872cf465f457a612cb96117da24902ff8e8b
6302809,2026-07-20T02:41:30+00:00,5c1c2c931521f0b2620ff550a858c8036c4f86134829998ac5aa1c66031ee754
6302810,2026-07-20T02:42:00+00:00,4b495887037aef266129aacabf9338b06fe7abc7f0387e7819a7f92c869c49a9
6302811,2026-07-20T02:42:30+00:00,683d52536109ddb8df5cee2d454e7af414c086e5ed6300954c4e327e79d983db
6302812,2026-07-20T02:43:00+00:00,0d307d1e077aa1445b6b7ad16880b3f59249d8b001d6a1fe2566a63d8dac579e
6302813,2026-07-20T02:43:30+00:00,af35e5a4ed9584729b00c47ecffae967c082ec3f801be5ec93ec95d36df05341
6302814,2026-07-20T02:44:00+00:00,269a79181258c3ef12a19a6877cadc31818b872ab74c1b5359d4980e08cb9495
6302815,2026-07-20T02:44:30+00:00,3caf168af92f323381d2162bfcb5a9d43698c7c34ebc5df54167a08dcbdb6506
6302816,2026-07-20T02:45:00+00:00,4d2c22b44c84e99cd5308b40bdc764b042f18057731a350f717acf9252cd1a1b
6302817,2026-07-20T02:45:30+00:00,19489317aaeac91777380b9e7b89599c96654c4fa5637f285dec112e77de8096
6302818,2026-07-20T02:46:00+00:00,2aa5199c3d164361da912bb282e9d074c3900df2c37d56644dec19acda293a6a
6302819,2026-07-20T02:46:30+00:00,910dd198d4e5106c4e912dbb889c51014c21494984090fb0666b138313729cdb
6302820,2026-07-20T02:47:00+00:00,1b38f1472dbc6d5d9960d03efd4ca6761f00ccac32992f48e12de1e3b47989e2
6302821,2026-07-20T02:47:30+00:00,23e828d25fa7487ff447f14aa55b55ade29c2fe2629819914663fe7610859280
6302822,2026-07-20T02:48:00+00:00,cac1fcf29844f6dd967b2790b659a71c17779c47a0ebe116c9af97796f14e747
6302823,2026-07-20T02:48:30+00:00,c09483c4569cf8467739938de67a62b095dcd519134f90569bd3aa8f678fc72b
6302824,2026-07-20T02:49:00+00:00,c4a73f4c9bad05d5e64eb72731bed37bdd5a5838bea8ef4c8aadf2a77a4b8841
6302825,2026-07-20T02:49:30+00:00,c6e9b1392b576aab1e99e84108902e5712e8a19026cb255714ae49739a6af5a3
6302826,2026-07-20T02:50:00+00:00,0536d11ca0aff10066e7460efc272e3deee8d41fbeddac98af4e60adca24d0cb
6302827,2026-07-20T02:50:30+00:00,392db7c532b92952fe20d60ce371cfad0d1956e7576743f2fe8500e7320ea4d8
6302828,2026-07-20T02:51:00+00:00,a6bc38a2e4c87588c4a155fca13986c7a51710fa29f26aba01f7135ef156740f
6302829,2026-07-20T02:51:30+00:00,1429863ceda025294d666ace7f9acb91c0e3de32e100fc6dd309da32d2e8f7a8
6302830,2026-07-20T02:52:00+00:00,f6c903a4c65a7d32c7b88bee40c5e0008e34e73d7b4719a80f2cefeffb1ff204
6302831,2026-07-20T02:52:30+00:00,0d22c81f20f9660ed9a90a2ec2d38db62d51b745b8844741b243e7ff1a98eea5
6302832,2026-07-20T02:53:00+00:00,fea2bad991df4987fb6a685ff820d2c6b7e2c3c10e1faa9de941d9a8a08c7753
6302833,2026-07-20T02:53:30+00:00,2bbf9f853c95974ae1493d4492d4e1c4b03070411b95a5e44edaeb5070cba1a2
6302834,2026-07-20T02:54:00+00:00,3390777eb0b850185983397ad16aaea59b1360ccde509eded6ef6b34aebdf3e7
6302835,2026-07-20T02:54:30+00:00,f8a82b100031e2c491d01c3c310dd6c457aa00904e09aa32a21685e3f48fcde4
6302836,2026-07-20T02:55:00+00:00,9b042df0074d62b3780c6cbdee3add5df2bdf4d1be904f31b4037dd1afa4c580
6302837,2026-07-20T02:55:30+00:00,2733103c028e9bf39d510d32fe6d17cf64dbe1940cecf34d34c361a74789a360
6302838,2026-07-20T02:56:00+00:00,aaa86b5ac257966bd6390e94ee05c47290f73917ac8435d93a1369388b682717
6302839,2026-07-20T02:56:30+00:00,b70f00ed530582f4ba5ddd59dfa79f1186c244bb05df4145627423ecc3e957a6
6302840,2026-07-20T02:57:00+00:00,eb86eeada11cf8c5f59ba6554a81a9af53f36d8c2a3030461bdf27f59f10b23b
6302841,2026-07-20T02:57:30+00:00,f3dcc40df08d5e141a61ebb2784f354e87839f78a6a3956284147118ef4b1c40
6302842,2026-07-20T02:58:00+00:00,405f57016e263fa52a4b95b03c5271cecf7924f2a47fe18e8c61a7bd8bcc3a28
6302843,2026-07-20T02:58:30+00:00,e1e09eb9ba738944b01292b256891882de4e02793ade2a6a0dcd5e2970155170
6302844,2026-07-20T02:59:00+00:00,c7accee6e247f30c2913ecbe0ebc81a62e8f8fd8c26af9584cec92cf7483e245
6302845,2026-07-20T02:59:30+00:00,cf28e8d59d71ded21e3f33e47eeb0b0183214c4c543cb30ea6d9140a01c607f9
6302846,2026-07-20T03:00:00+00:00,8fbc4f63cc77efd356479f2794d8836223d47123c10d2639755c342594683f3c
6302847,2026-07-20T03:00:30+00:00,c1c4b4852d6b637ef0e7e07b1ff0a535d1e7a463c2ad05003f36173247dd5dae
6302848,2026-07-20T03:01:00+00:00,49c397dfb43b756bff86f61eea5b2bd530e77cc27adaae450979cd08a5172171
6302849,2026-07-20T03:01:30+00:00,adf79abe9a7c3cb4eb6609bd6b39c46ee38c3f6b7269ddf4a186c6f9f69fbdd3
6302850,2026-07-20T03:02:00+00:00,c2b3ca374a75fe87c79b33e3e893ca11531f04425905ec2163517e38814caad4
6302851,2026-07-20T03:02:30+00:00,c5060081fc145e8f52ba86361aa44c0242472a28ea7ec1a358f531bf048ba6cb
6302852,2026-07-20T03:03:00+00:00,d7c066f552d650203d0a532a78d05bd0d9c6ed7d4809e3102b60be563f333684
6302853,2026-07-20T03:03:30+00:00,223ee7c79d2f12144ed8937ca947b3504fedcce477709b130db93a13591ab67c
6302854,2026-07-20T03:04:00+00:00,bb6e05eaea05680a813d1398e7c8ee096dd6d89626a6cc4f8680c4f32c914d21
6302855,2026-07-20T03:04:30+00:00,d1b2c9301193d4ddb53e90082f4ecf63fc8af60570a58d13d39bdcb213d15839
6302856,2026-07-20T03:05:00+00:00,41224b3a179791e153c9a347ea05992681e6af968d5a52c36843b5000e96f612
6302857,2026-07-20T03:05:30+00:00,fa7f62ef6ff709afba7f418d1df587959d50c642625eb4ee9780ea4b674ba081
6302858,2026-07-20T03:06:00+00:00,341a97e4a1796c3bafab0526c269f83b26369a80abf62e9ed8518207b4549228
6302859,2026-07-20T03:06:30+00:00,12d2cb58997ef7c8caf18ece313c0eba71919997ee3f856eb663144a7e9d3913
6302860,2026-07-20T03:07:00+00:00,96d76aec7d2189549a3eb64ad831c494b2ffcc7565ce87e81cdb3727767578c1
6302861,2026-07-20T03:07:30+00:00,cae5b21f546a218f0cb7a800b1f7dfb6a098ff5acb2d37daa20286cab17c6076
6302862,2026-07-20T03:08:00+00:00,70fc90b948be44c5e30ad2afa7e6193015732b57280be408f3d617dc18135f9e
6302863,2026-07-20T03:08:30+00:00,70065d33e5b4bd853645c1c0f4bd51331de641fe63b1436531c592bac2e9e4ce
6302864,2026-07-20T03:09:00+00:00,b92ad78e8d5ea44f58494b380b515fbfb96632fab1cbcfdfbf588aa9ca93f0b0
6302865,2026-07-20T03:09:30+00:00,9772f87a92d0e906dbcf66a4aa1b69014875d013c412e1bfd436b234fb41b3e9
6302866,2026-07-20T03:10:00+00:00,ac2302d546fb7b83bfdc12aaf4e835889fabea46367ec19defc6d95416ef581c
6302867,2026-07-20T03:10:30+00:00,a0c40d47e6ad8b73ba4689b614f2749d4d97a7b9ba7155ef37f70991c0d9c9d1
6302868,2026-07-20T03:11:00+00:00,ee52b7b7112345a959408f4f598a353a4b7ae26d5d479c99969a4d6b31a5a30a
6302869,2026-07-20T03:11:30+00:00,8749a5bb4acf35113cbd08e3b87dd4a87dca8c4cb773a7cc75e71f38ad66a756
6302870,2026-07-20T03:12:00+00:00,db5d75ba5b551c4636f2ddee963e67fb815b4ef9c291067211a13b5e30cc8ab5
6302871,2026-07-20T03:12:30+00:00,1e350f5976fa99ea2a2d3e4e2395b80c7fc9b6ce32751acebb0fcccabd69ecc3
6302872,2026-07-20T03:13:00+00:00,55fcafc6bd1e2dadaf14c6328f3ab806068f7724e09b78a20d2055a96367b0e3
6302873,2026-07-20T03:13:30+00:00,ddab798794cf0fd0ad7ce9276cd91c2b0f01571219237186d3c8f86326bb4cfd
6302874,2026-07-20T03:14:00+00:00,b4f2efe2ab5da3439f3fdadbdb1dc5262f959f3a6942c01cecf68ed8b00f7819
6302875,2026-07-20T03:14:30+00:00,a6324044d611d4b5987923f782dc554b4d384c6b01f750c1c6dd8031d69c9d48
6302876,2026-07-20T03:15:00+00:00,004fbd538a6dae78b736fb6b0091824564d14f6780f4716d0415bd33e1e1b215
6302877,2026-07-20T03:15:30+00:00,1bcaf52add7ea5153773b766c41bfa9ca346b6d55cbcc0d05f7242864658df95
6302878,2026-07-20T03:16:00+00:00,71a86f54f1063d82c9a9e32fd1980b599a25275ab058d21b2e9a50910f2b53da
6302879,2026-07-20T03:16:30+00:00,8538494df5f19f71d71c3eff354d92a33f66186d954a89913d9186e2e97f1907
6302880,2026-07-20T03:17:00+00:00,3e0a6b1e61d665e434b299acfb827944eb641f45c545b68b968fec597005faff
6302881,2026-07-20T03:17:30+00:00,07618b244d6d67d367857df404217fe22a531fd63b4b27c42829a00c53256845
6302882,2026-07-20T03:18:00+00:00,2e8132e392e986080495554ea95bb77a0c1f5bea993edabffcdbf43bfb6f3d03
6302883,2026-07-20T03:18:30+00:00,95842295a7b44053d30b1bcc5c47dd87e4e6b71cdffddd9a4c4e14d4d9e2988d
6302884,2026-07-20T03:19:00+00:00,77389d7435880de0171a7d2c6c28ca1cfb960b0fc51ce7a67fdfcef0c4e82d67
6302885,2026-07-20T03:19:30+00:00,51de5a0cfb614febb5573d570525990ffac70980871576f4e1ae143ef1989732
6302886,2026-07-20T03:20:00+00:00,baa92810cc71d148c14a0351831ecd200f72a45d8d4a6380bc8e44b8ded1bd75
6302887,2026-07-20T03:20:30+00:00,dd4757d04bc1aa7bc4eb49e4b92f715c4d7c94611e0fc7cf9704b91d86434c43
6302888,2026-07-20T03:21:00+00:00,26b7b4e3d5c547b3cd73f0273893fb98076d389d0b628e1a0ff5f9df88a294aa
6302889,2026-07-20T03:21:30+00:00,ba308489ab2e4874765597429d6fc8a06bb021216ba55711c59d94c059acbf62
6302890,2026-07-20T03:22:00+00:00,d2ae5c3cc28a6238fa4e6fdaa464550487e1ed634b89d5f63696f544a1f5dee1
6302891,2026-07-20T03:22:30+00:00,ae8b289e6dd7cfd82240f354ed5923fbd6836698c2ff6295f94c4a9c30487a55
6302892,2026-07-20T03:23:00+00:00,ea7e848767a1f28032828a36fb2a55fe306048ad0984606a6dedf7a2051026a5
6302893,2026-07-20T03:23:30+00:00,d6bee1b0f4a30208a04d7fd02c1ebde80520e1518c3ae3d1a7d70f783f47ea91
6302894,2026-07-20T03:24:00+00:00,db1e7dce7c45645742a2e6e1a909dc83070ef9eeba0b17f55ab0a45329443518
6302895,2026-07-20T03:24:30+00:00,c5733a930d05348cdb7a2884d2446a39887a0f55b711a597d9efca7bd98e1577
6302896,2026-07-20T03:25:00+00:00,9c2b0afe2db27f98ebedd9411530e031d5e509e3c23d6047b6df917454a75d35
6302897,2026-07-20T03:25:30+00:00,7bd380f40fb4cd4801d51954b828cad893504fd3d78839575b75922df89b7f70
6302898,2026-07-20T03:26:00+00:00,2601b72c48f602129e1cc55b74e78a0700743c46d60f4f1bc244bec8a7623a17
6302899,2026-07-20T03:26:30+00:00,f89d8c1f929dfd966d9fdfba143cc10b44bbc3a888f980c766e73dcfbf61c3bc
6302900,2026-07-20T03:27:00+00:00,33ad570bad16b0b7eed17f187c06a3c2468338f1f69168d36f07bc78ff8e73ad
6302901,2026-07-20T03:27:30+00:00,3becbea11a20816a4d1a0114fec9ef02cb1187038271ee3160c7fa8fb6d36169
6302902,2026-07-20T03:28:00+00:00,f46744ff305da1d0328d92e1cd3231449ad03a73c2e427d72c4cb22f90edf7a5
6302903,2026-07-20T03:28:30+00:00,c1db95394f4e9cddfa1900a0fb4c9085ee8389746328f7db36f4bc84cdc661c4
6302904,2026-07-20T03:29:00+00:00,6dba497051677fe9db0c893bc5b464823cf6e9f150bd6a1087da21463d976803
6302905,2026-07-20T03:29:30+00:00,1a8d7a5038295899fced2c84ed87347ec0f837851ff5eaad22fdba622aad8a89
6302906,2026-07-20T03:30:00+00:00,9f6ae26715b798ce3a4f557438ffa15602754f6a1aa6656ad171846e40b4b18a
6302907,2026-07-20T03:30:30+00:00,5f9dc42bdda95fbfb64926b309fcc35fadefe5c4cbaa6b6193a1fae6f57269b6
6302908,2026-07-20T03:31:00+00:00,650c41914210a63c4678412715e112020cda21b05f20e57abfa6902564d556cb
6302909,2026-07-20T03:31:30+00:00,0fef0ebcaf549291e3e679575d0eecd5c9c3eedb9c6a437d61c3f9bb0ff78b96
6302910,2026-07-20T03:32:00+00:00,7131b62eb0f30ea64d6270f687e805784d6e7b54b232c0a7bc272961535e3d66
6302911,2026-07-20T03:32:30+00:00,1fa0ce17d81379f0024ea62a9cc65f9c61fd3f4c1ee36543844e397c9fd151d3
6302912,2026-07-20T03:33:00+00:00,ba7cfe3dad3343afd2eb7a5314cc6a0ef4226beab0704e36f789eefa9df5b8f5
6302913,2026-07-20T03:33:30+00:00,6c8c73d5277e4836840a7c0a780a2cd5760af89b20a2169ebcb9bc58b215aa35
6302914,2026-07-20T03:34:00+00:00,ac964880277c6942bd247c5bcd5f8a8f9a9ea51c3b98aff9cc2776e5abf5a2d1
6302915,2026-07-20T03:34:30+00:00,5ee134ce1b9fda4073ab65804e1fee1d3a2442809eb7dea95e1991c17386d4b9
6302916,2026-07-20T03:35:00+00:00,037abe1e4f8b54bc4af07b5d611f62b46ce79f5265af66ee590ab1e8c72f0957
6302917,2026-07-20T03:35:30+00:00,24e8a1f9ad90206d3b266b51b62254071460747c56ac2796acef561219ef5ea8
6302918,2026-07-20T03:36:00+00:00,35753598b38d36f526f2ce456f9b7dc4d0222414712fef12ccbe6f9e3d5c3358
6302919,2026-07-20T03:36:30+00:00,326a7653d53d3b821f95ad29dbd3071a28210475d52e055e9d00283616607e8d
6302920,2026-07-20T03:37:00+00:00,230b88b093eb3ddf955fd718d44aa2df354421273906c307c00ea75533d2f70f
6302921,2026-07-20T03:37:30+00:00,3cc1e06d60a4767f62db8004a2973ffa8f25b425889abf87be13cc831c819a3f
6302922,2026-07-20T03:38:00+00:00,86fe3bdbfd91444745c6b4f0d696212165f9a533133ed0de87461d5877f0c235
6302923,2026-07-20T03:38:30+00:00,71ca0d6c75c15dc6a9d1adaa99d73b7a057ac8a0827d5ec8bc2de5094fae093d
6302924,2026-07-20T03:39:00+00:00,66fb11d779778299a7ca15cd3914d2803ac3d0fd4b4017f4189f6e0ed9e412bf
6302925,2026-07-20T03:39:30+00:00,9b6b3d5cd9a8af37aec66fcf7eb054d182c4bb353c25fbfadb005b5319c948eb
6302926,2026-07-20T03:40:00+00:00,d7715cfa8b929ed27858c7a27d8d40b68aad596b8873ba8ab17c2a091d3e22f3
6302927,2026-07-20T03:40:30+00:00,23cd77ab784e3a517f901cff6b95ef7defd7e6ea2b388971fad56175e9de31c4
6302928,2026-07-20T03:41:00+00:00,d95325bf6b2b70127a82891dee167cf05c15992dc6eeb67aca230d1e9e33b434
6302929,2026-07-20T03:41:30+00:00,9074b9773c1fcf0299594639d8efcff376a31a9e3db9c529fda0a6447cc33703
6302930,2026-07-20T03:42:00+00:00,f540f612fbf7b03ccaa07943a462937f91b8543882cda93ad0ef17921c6fa354
6302931,2026-07-20T03:42:30+00:00,f8f606e41c1bcca5c4d637188e321b90b846adecef060ab9ac428a93eeba5eb7
6302932,2026-07-20T03:43:00+00:00,41934b2fa501ea1f9d05e6ebe78be7fd1dd9dfee2ce2fe65ed1b97ac56f5cd4b
6302933,2026-07-20T03:43:30+00:00,1f45bac5082812ed87cf34bdf1c8f69d6589b4db5ccaae775a17e3ca10ec7fe2
6302934,2026-07-20T03:44:00+00:00,fe4ae429df0f2533da29edbb700881ef2812d25e7b04fdf2257093b547d1154e
6302935,2026-07-20T03:44:30+00:00,4f82d280e1f6d670421dc9449428610101b4ab0b59980bac47ebd89f1755b6e9
6302936,2026-07-20T03:45:00+00:00,54de089b6321f2fe52b61df008f5806849b82d9dbed4b0c01242e328bb3b0fcf
6302937,2026-07-20T03:45:30+00:00,de303db4920d67ecd9a865571011b122fa921f849390b1528b6c40aa59e883c1
6302938,2026-07-20T03:46:00+00:00,5e514328ad4575836b4e0d7ba284b1583557eae8b131b0be5ca7bc0e557d3685
6302939,2026-07-20T03:46:30+00:00,a4b2e68c2b4cc8cac2b40e42781e108ad14cd6d617a5543f2566decdcdf6c33f
6302940,2026-07-20T03:47:00+00:00,047c33df39e5604df11b52a664ef97b66b8ce777f9f1452e66c9781b61ec6019
6302941,2026-07-20T03:47:30+00:00,7422bfd0c5c24bc8f3fafcfd796bf15e25231357d0c44c355639fd97511f0382
6302942,2026-07-20T03:48:00+00:00,30b7f975fe12aed0dcb42e6ea22dc7c2bf6e0d8c13241c8bc0e69d82b004be5a
6302943,2026-07-20T03:48:30+00:00,61444edc3c91fec13ae77b3e6f2c2a42496dc548062da54e1285a8e81fc11598
6302944,2026-07-20T03:49:00+00:00,d235c8d097254d9e50dd72f66b19421704488e91514375a30719096ef11253a4
6302945,2026-07-20T03:49:30+00:00,86354a69f2ffd8b8dda2d3ada597ca9b940edb5a8876809c5bdcfdc4147d6a5c
6302946,2026-07-20T03:50:00+00:00,a9fd0c233668071b20b4e774c3804d95267bc8426afdac436d8a1446f9b5b791
6302947,2026-07-20T03:50:30+00:00,9a87aeab81b09206908e769812d5bdbf62ad5b30096d3c3bcbaa8ac54841bc51
6302948,2026-07-20T03:51:00+00:00,e4598f482da7808a4b92fcaa7e18880f59a28a2e12263019b308c434b7094ae1
6302949,2026-07-20T03:51:30+00:00,77640fc104eab7862fdda07d70b1603eac873d71b5ebe24527d26ecb5688bcf2
6302950,2026-07-20T03:52:00+00:00,acd5484a6ac7416d96f5858908ef407fe5ad3a438c36d1c42d2a0e735c553b0d
6302951,2026-07-20T03:52:30+00:00,91b3250705e8d6b6e0f2ae9424382d35ab9580fc5d99738c23cdcce765878bdf
6302952,2026-07-20T03:53:00+00:00,700e6049f37d8bfc234ac701440e29cd7be424f73ccd4f71998eaabbd2d2d84b
6302953,2026-07-20T03:53:30+00:00,b5dcb1725220fa47a6b92880d790caf827834155b785fd843ba2cffa5c09d4d8
6302954,2026-07-20T03:54:00+00:00,309c829e0cb77d422082c3bd956cf0c0fca1817a1784902705e36e44726672ee
6302955,2026-07-20T03:54:30+00:00,e20afb9a7c4c01157f6fc66bfc98578f485e96e4115868dab5b7307c97d8a772
6302956,2026-07-20T03:55:00+00:00,c1bf9e002f62252a66d33446ceb89bfe9354bdec496d68452c8726853f8b8ce1
6302957,2026-07-20T03:55:30+00:00,94e969f6f45041612b9d89cdf903469102c8b20857fce486b6222af19ce92319
6302958,2026-07-20T03:56:00+00:00,c18ad480229fdb912dd0c66b60be6e93649b3986292713ed90f42c2b047e7ceb
6302959,2026-07-20T03:56:30+00:00,60289c2eb39fc07a955b2e827f8bfc7c3a702ad3d3d2f4d98708457dc0d2736e
6302960,2026-07-20T03:57:00+00:00,419821a99e63ea6cb42f1ef72232d378fd05835bebcdb14d12df739ca115b635
6302961,2026-07-20T03:57:30+00:00,30fc3e752b9754b0361432896190a6a43900c2bc6d174e49e8646c3cb51b574c
6302962,2026-07-20T03:58:00+00:00,962e931aea4a5fb7c125b3f8c38e4e9694708cd557178ec8b86f968a952db4dc
6302963,2026-07-20T03:58:30+00:00,e3bbc170643f051973966f8346b6a16cfb5c47224a638a00c8e85d0fdacc41f1
6302964,2026-07-20T03:59:00+00:00,fb7522673d9dcf5ffaed726c2f4be0afc487c59842e0f766585c91072ef4d2f0
6302965,2026-07-20T03:59:30+00:00,b41659663fbcc2c3247f9ffd72dd75dd60ccc50e629fbca04393d4dd0250f1d8
6302966,2026-07-20T04:00:00+00:00,99d356f610bffd0c2d7d5a3c15ffadbfd37a9320c7a2899d4833f8f263e1871b
6302967,2026-07-20T04:00:30+00:00,e34325c0a8927b6ff217148ea5671f1eceaca4d4a48266839830d70362f59df3
6302968,2026-07-20T04:01:00+00:00,bd8f0cd25c82505d61f1dfb90ec8f3817cc02a0b182f02945b004b9297dbb085
6302969,2026-07-20T04:01:30+00:00,bf5b9cbf04c7e36dc12128a140db9744b6160028eb9a33260277b640206b4cef
6302970,2026-07-20T04:02:00+00:00,e5c38d92ec12d0c5df1e4a5db90e8ae9da9768701caec78876ee810df2157a74
6302971,2026-07-20T04:02:30+00:00,0837644467136bd3faa5034a809373758bb676840f5497653496363a209df16a
6302972,2026-07-20T04:03:00+00:00,06f594e6eb72f15b8886bbdbcc8d88a33c08037404bf5c0416e96050af4b6ebd
6302973,2026-07-20T04:03:30+00:00,64be6c0fa5b29114e00ca9672e16ce8df58e380638b10e90a396540c4e5bd1a9
6302974,2026-07-20T04:04:00+00:00,6d4af17bb6b605eb04929487fbc5dd137fc16424fc631327d4ad30933b480ced
6302975,2026-07-20T04:04:30+00:00,2a974d3264db6dc7e513e9cc58ad4a840b3b0d836f1c48c4bd494b28a30835b9
6302976,2026-07-20T04:05:00+00:00,142529f586b34abef192d1aa33cfe2e29f99f444737d78bd6e4a44dc6abdf0af
6302977,2026-07-20T04:05:30+00:00,fd883ff7b730a5da1a46c553e1cffbf7ac13392c85347d5d5b0dff9b39e3dce2
6302978,2026-07-20T04:06:00+00:00,4704c6992781c156069bb525306ede07f5149d31ec1bb10790b552debeaf517e
6302979,2026-07-20T04:06:30+00:00,bdcd245fbaba223af56de78a434846c8ef1abc1d6464e78839d8d75b3f3691ec
6302980,2026-07-20T04:07:00+00:00,ec9efe33d8bf27d140a17e4db0e059be22489f2f1a49397fb8ebda746d5cdea8
6302981,2026-07-20T04:07:30+00:00,f8e52c0f92852e423511fbeb2f5dcca3a05e9bde77b8844773b7a99fd035476f
6302982,2026-07-20T04:08:00+00:00,0da813ad0b7b2dd88eec6d7023b519a77d4b79235ddff3d3c83de2b0edcd66f4
6302983,2026-07-20T04:08:30+00:00,07a275a35ff744dac08efc57d649f790473f64831b298939ca69dfb9cc79f151
6302984,2026-07-20T04:09:00+00:00,f4147d8c9d34ccef820ed85899927dcaf4a8c4188f18fc08c8065d8c2d6af279
6302985,2026-07-20T04:09:30+00:00,f9925bd127f95c7a7b7a101115264eb54df5bd700da3e0cb23954ab7b252a6cb
6302986,2026-07-20T04:10:00+00:00,4918b51eb801c96714e0200d678e35fab820efab5a5f1b9cd422c8f14b135fb4
6302987,2026-07-20T04:10:30+00:00,03361ed05b63d35904b23f966f9dc91892ba0533f39ae78f569944e001a8e33a
6302988,2026-07-20T04:11:00+00:00,46a0fe3a76fe25509ce21426a1c8c6ad3b5c89b189211c0067aa0f3960ccdc79
6302989,2026-07-20T04:11:30+00:00,2d406eb6d7d3d7e28d511c7e7479400fad3f5815fe03bf71ef22e9cfe165511a
6302990,2026-07-20T04:12:00+00:00,e4e6b0488b53400b9709539839ec89b7e55ec04fe16b84a55f7754136f95ad01
6302991,2026-07-20T04:12:30+00:00,c671a56b154446c7cdde9e2e57bca6cf566f4fdadcfa1a994bdfb5c6fefeab57
6302992,2026-07-20T04:13:00+00:00,028e2f677e71cbfd39ba80bd705986e25f43829faa6530004f6b13533db1926a
6302993,2026-07-20T04:13:30+00:00,5c95ca33cb1c82e6cbd174725f9a5dad93f668def1db4a40a9611860ccac20af
6302994,2026-07-20T04:14:00+00:00,1cd22b00e7842b6691b34e403211e0efc5dd31c575222a5f8d1c5ca0b5c4977f
6302995,2026-07-20T04:14:30+00:00,a3cba8ee920f6e0bda589452604dd76e3e39236c5309da9c65d02fff189a0b28
6302996,2026-07-20T04:15:00+00:00,9ebac4c3f9f489d524f0dfee35f487e6cc7c798915fc343b9d56c6e32bdf065a
6302997,2026-07-20T04:15:30+00:00,5df8a6121a31191ea92ffccc888886d415df4fb416bd4b94383e5e246fe13568
6302998,2026-07-20T04:16:00+00:00,52cd1efe34507fa19db596e5becb985bc5e1dacb16b175efa0ea7d52fd8028fc
6302999,2026-07-20T04:16:30+00:00,1efa2262c2ede0aa82c252568d9f0e04ecb07cb462d37638b06b5219c3c8ef42
6303000,2026-07-20T04:17:00+00:00,b6ae3062f8c9721a223bf42ec1c300eb7e4c048a44d1d7bbf16bc3667291d69e
6303001,2026-07-20T04:17:30+00:00,e64f8952ab22805baae79c75fba4ea333338c53a4658ffd601b1047765e8f03b
6303002,2026-07-20T04:18:00+00:00,09e7cdc25dd3345b5313f401c7bf6c697f3f8b80c87509a0b7105df1b7aafa5d
6303003,2026-07-20T04:18:30+00:00,048d4bbde3b264fc558a29dfc7c11798f2c436211539db5d7699d13a9d7537e2
6303004,2026-07-20T04:19:00+00:00,4afc8186b0e0610ae9234b29f7708d17a4e8f5f30ace3e61e1c7695bbc2385df
6303005,2026-07-20T04:19:30+00:00,b48df681bb0848596cc1e39711f948e708c543240db62a5bc6c3ccf876533dfd
6303006,2026-07-20T04:20:00+00:00,6ac0221fda180099679e48fdbc248db67d6766b4d27bc854a28a29f47d7dbd0b
6303007,2026-07-20T04:20:30+00:00,dfdda2bb41040f71adf555152748d191ad74fc9b4255d51d67bcace66f1eb703
6303008,2026-07-20T04:21:00+00:00,a1a05b28f6d6156e779b443d75841ef0a2f6949f825d2c4764a7147d99ede32f
6303009,2026-07-20T04:21:30+00:00,1fbe0eb77c75d9a3d36bd04eab2f699969d0191ac2eae0b42d3b11f7698de89d
6303010,2026-07-20T04:22:00+00:00,34ec1b0d442649e5935d14895a269ca78ac0d41b30a4a9ffa37ea46fbd4b65df
6303011,2026-07-20T04:22:30+00:00,a3d771196de467b324efcf4f4af0659ffae90f789062097bb4ec0c113bdb9e86
6303012,2026-07-20T04:23:00+00:00,2577e276cb47eab69f1adc3f65fc2ebd93cc07340acef4ee39fa7dfab5246209
6303013,2026-07-20T04:23:30+00:00,d1622bb83ec4801dbaae0722510905a98cb602ebae7cb8fe0641640a504000d5
6303014,2026-07-20T04:24:00+00:00,5c53130450abed68c578ca7ab449871c01c148a62b9852684043eac2378e69ca
6303015,2026-07-20T04:24:30+00:00,45c9c0eb832a63485885e83a8e7abaa7af76754740eef7f45c4b58b67e1f87d7
6303016,2026-07-20T04:25:00+00:00,2f7e74a9275c04ca6b95ffd555fdb9ef64dd0958c3c69d3cac8d00cb83e2765c
6303017,2026-07-20T04:25:30+00:00,993abe4d20bb05f052f29795d217163b7255296a2d67d09e1c357b9cedb5acff
6303018,2026-07-20T04:26:00+00:00,e28daaf99e280d61fa04eb15ec2bc24f4c56c2957ed5fd314d726da159539d73
6303019,2026-07-20T04:26:30+00:00,8c7a1282cc831d3a84922773783e6e7c6624ea62b67c219e4d0cb379da0dce42
6303020,2026-07-20T04:27:00+00:00,dc45104aff4b903300ffff28a3570d0077b668330c16cb413b90dc7f05649f0c
6303021,2026-07-20T04:27:30+00:00,9b30da3f141f7aa5a7d18d7cf999d50519ef310623d82bfaccc81eb653991d27
6303022,2026-07-20T04:28:00+00:00,827e4e000b2d54381ea604eaec57bd6ec24c7c3c3d5c5d27efa3724a781f606b
6303023,2026-07-20T04:28:30+00:00,44bf0451b83e804415a8e9490f370a721470bddfcfa2888e264c61b99655c254
6303024,2026-07-20T04:29:00+00:00,6d9a840287eb3611e2e82b20c68933caf17aefd025bd4e9f6810cc45de1bc3be
6303025,2026-07-20T04:29:30+00:00,379225a2c1525c2785fcd34034cbded6260fdacd4990906222d0254130021a1a
6303026,2026-07-20T04:30:00+00:00,6481e785c329a537a01780a225677ce8a1294924dd206dcc53b6ca4c98dc384d
6303027,2026-07-20T04:30:30+00:00,778ff2babca9e62edf1377ead7ac46671bd8edfd56d1775b31379d8ebabe1ca1
6303028,2026-07-20T04:31:00+00:00,4f49e70798ec04592be28a667e34cde4b835c2889b91ca190c310c3e63dd8448
6303029,2026-07-20T04:31:30+00:00,1717c3c79eec56e44f6d9d5cdbe2418be2683c62ce0f1e8d93180f990aeb0e0b
6303030,2026-07-20T04:32:00+00:00,c833cca46869e528de1e4f17795f7da43f9c3e17b2a7cfeb5803a1b0e899739f
6303031,2026-07-20T04:32:30+00:00,0db90007c8546a513419f7f644792c3d9043cee746ef3d34c676df9f9dacdba4
6303032,2026-07-20T04:33:00+00:00,89d0545f2f273594ee609b66c0d4346b3593c244e01856cf4fa0151d67fb978b
6303033,2026-07-20T04:33:30+00:00,3f4a904f911de205790b724fbd4a1c5f3956f4f45644f8981f022a402f27d182
6303034,2026-07-20T04:34:00+00:00,1fb8717a99929a83e6c6fb6a09308ce76f2e3089b6ac08bd4ef90f9204736372
6303035,2026-07-20T04:34:30+00:00,bb7e66325a629c9e024e8b4392fcf525f7b667968cf3acf25e8f658a5e9cc0d3
6303036,2026-07-20T04:35:00+00:00,d14f2c391f9dd1cdff7361855c92d9b8300b40c37c273589c7024b945d798597
6303037,2026-07-20T04:35:30+00:00,348d7bd2c57706b1372eb92abd3d3f6c82fa4e056ab9807f91f3aca6f333ae27
6303038,2026-07-20T04:36:00+00:00,d110051bde480176fc69e33ee9cdb84b6d309e720dd9125beab9dcdc0c16d51f
6303039,2026-07-20T04:36:30+00:00,fc0600c028e0ec1a3d1f9cb3b3a846f8b90b676b49287b1c9e6d8663f3532afd
6303040,2026-07-20T04:37:00+00:00,8ffed35db8d27ee167dc770deaf66d70086451e206cd1bea01681fa3b0f40c21
6303041,2026-07-20T04:37:30+00:00,6d144a8d9b2810e1d4fc3a9eeab270b4c3acab3965e49f5b5953b4caaeaddc0b
6303042,2026-07-20T04:38:00+00:00,92e15ad3f96fc54855c8ea0c1849318b280b08b8bfef176c0cd98cb0d6948d26
6303043,2026-07-20T04:38:30+00:00,426a3a56f61bfd45c35935bf16dc5f87e92f7dd1e1781751b743bf080e7ad1ee
6303044,2026-07-20T04:39:00+00:00,3e9a8395dcf896da1db036f6fd8f6ba8233c90fdfb9a9382df726ed94ce0c224
6303045,2026-07-20T04:39:30+00:00,471618c92eef75d4a9428eb7d75cac8c2d6ace7bee8e94380280fcadd58177e9
6303046,2026-07-20T04:40:00+00:00,d97c2a7b89cd378f4009a1ea2efebe413c84eb4fd1aa3f8d1925bbf33b12da40
6303047,2026-07-20T04:40:30+00:00,cc37fcccdc7d4949eb60db673abb1b9af73b8f2985b29dab8eb913c9be95ccea
6303048,2026-07-20T04:41:00+00:00,944077a24a221c4bde5e45065dc8cf5d13cbf9b8abd83844275ca0816e5fbbf7
6303049,2026-07-20T04:41:30+00:00,be0a86a8456226d670929c9e96521537ac06285c0f4577dbb798422560465776
6303050,2026-07-20T04:42:00+00:00,ba50e7ef24b64a358b288f9e8102a7b97cfb6659b988a81b2ce8646812731a06
6303051,2026-07-20T04:42:30+00:00,6fdfd7a9df85ef72f5978e46786744352c080265927458a08badb7ee0ef44099
6303052,2026-07-20T04:43:00+00:00,f156aeb3f25df0d47543ac0a364e3e439ce766f15ab5e3a4297c297c03bffdff
6303053,2026-07-20T04:43:30+00:00,662f09a01a8e2b0944da508f49fe78f600a48929f2b7d7473ed54c675bdac916
6303054,2026-07-20T04:44:00+00:00,aaab0388f8636ba84bcfb63b9eaa4833836cf02fbc0e85e170521ce9869e848d
6303055,2026-07-20T04:44:30+00:00,0a5711b7dbe5d0f16c934a6640a7cf1f014b3c8b94991c739af51cb97efda86c
6303056,2026-07-20T04:45:00+00:00,bda40844213f7be2fbb19f630a0de707582d5b56be60f433aa8efce146225352
6303057,2026-07-20T04:45:30+00:00,3aac45aa66c9da97cc2d0bc910b02f400e968020bd1e77412e632794a8fea666
6303058,2026-07-20T04:46:00+00:00,906c93988674b09c3b22de9a16f99720a27b65ba70b437fcca62fe0e1313ce32
6303059,2026-07-20T04:46:30+00:00,e780aa2d4cdc63382bbe52689e815111211c57e2c8099470641a58225d67c0f8
6303060,2026-07-20T04:47:00+00:00,a938c0d2ac4678833d3ba71f5a3a9f29a3a2bf69d96d522c5e1b99a0b0f5bfcb
6303061,2026-07-20T04:47:30+00:00,d94cf8474bcd04e5704f7ebd31bf7c64efb13d5363eee9d1e6a7324ab8a16b36
6303062,2026-07-20T04:48:00+00:00,d4f564d4ab01e6cfca6dc8c4470de0bd33be8c3c33e2777d2c071c31ba92cb60
6303063,2026-07-20T04:48:30+00:00,6439bd90f8179875f38e6db898f95c7802d34eb0ae11237eea4201b3859eb82d
6303064,2026-07-20T04:49:00+00:00,88123f08eecd0bc6440105502576050f0fb57efa18920a9a404bec7b57a39f9d
6303065,2026-07-20T04:49:30+00:00,a2c4f63f8a380a1b51ec702fa35baa2a0b9ebab724973471ee18efa51e0147ad
6303066,2026-07-20T04:50:00+00:00,da0741dbd11bfdc35a81f1f621231e5be4a926bb25d76fda25c4e451c0a68f8d
6303067,2026-07-20T04:50:30+00:00,b70f26a0bed8b8d8a91aed12cf54e173310cd0ddbe72963de6b5b3396d86068a
6303068,2026-07-20T04:51:00+00:00,58d97b79dfe38f302323c6b7b9f8dee9f99b115dff3993fc32bbf246a55a58b3
6303069,2026-07-20T04:51:30+00:00,158c14c9555e82e9b352d01438cac23277811b9df57cfa6127da3a671c02c553
6303070,2026-07-20T04:52:00+00:00,35495d152442940f95460b6e5c01a061d06aab41eecf44b7e4207b676faa4f8b
6303071,2026-07-20T04:52:30+00:00,fdaff07c439120d859d6f4f5da38afc1841cc1a2819ab381f0ba0a13545dcae4
6303072,2026-07-20T04:53:00+00:00,f206c0225d9ae108012aeb577279cb10272bdf74082eace692fa98f29f519cce
6303073,2026-07-20T04:53:30+00:00,2d3c6fc5f88caa25cdc7610432586ad2fbbdb8b3fd634dfbc69e5451e90bda83
6303074,2026-07-20T04:54:00+00:00,34e773ea38e82c40f365065c4bb489b7e8413997c446d966a5b3edc0042bc7ba
6303075,2026-07-20T04:54:30+00:00,bbd587da75715b37269b0a6f756c6474b239fedf21998dd5d9c6c6ae12c64e3c
6303076,2026-07-20T04:55:00+00:00,438d94e225d8d39c44fe79609f02a8901cec1d1886c6f955a98709566fee01b2
6303077,2026-07-20T04:55:30+00:00,a6cde3e77fcd37008d51f6125a791ca06bf2b9e2b279f426c61ef536368f21e1
6303078,2026-07-20T04:56:00+00:00,ad3f440cc062e13bf98ae3972d89804cff30ae8aca03da40eea99654be70640a
6303079,2026-07-20T04:56:30+00:00,66e6132d1730ace86c8cb299c495ef9ba529aaf1b8c31c9d0bf3fa541d8199ea
6303080,2026-07-20T04:57:00+00:00,6be51d1b3d0eccc673517a08be08038dae736bac57908f10bb1692bf548feb2f
6303081,2026-07-20T04:57:30+00:00,92435667f8f9b84876320220100add43d54ec20467f88d0baffcd6b5f18bbd3e
6303082,2026-07-20T04:58:00+00:00,8da2732089ddc80935c2f2c31066fa1addb5392050f2481c26e754c4201b6f25
6303083,2026-07-20T04:58:30+00:00,bf1a8367f77529729c40eb52c2b5b754098cb9242243de3fc656c6c0cc6ee59c
6303084,2026-07-20T04:59:00+00:00,2859c17f38e1723a890bc67d54c95a847419d17c9804d1c732ca75f1346c351c
6303085,2026-07-20T04:59:30+00:00,e2c303b453b85ef5231c73c573cd1c4cb33ca0b41a606dea0ae7f3be7905339a
6303086,2026-07-20T05:00:00+00:00,cf200c4342ce249fc6ccf24523efacba560ff1158531bc7a6e4968d6bdb55699
6303087,2026-07-20T05:00:30+00:00,8772ecc3296f14350afdf8d0a75ea14bbccb3c14cca2a3a2303c8ab7f9361ee2
6303088,2026-07-20T05:01:00+00:00,1dce163cfdb083baef62ba80c5e0ad39a9079aa123a1fa92e633d8d5ffd859a7
6303089,2026-07-20T05:01:30+00:00,7d09b8b6284ed6212159f47931c8d8c44dfc86109de6d0918962d210452e03cf
6303090,2026-07-20T05:02:00+00:00,1af2b75c9185c047b5b761524334e9fd068d19f3c908fc305eeb403ca9e1ff8e
6303091,2026-07-20T05:02:30+00:00,72e0ae2d6b44c9376711001aa6e4faafdcf7e872caa61c56bf9e49754ed4aaec
6303092,2026-07-20T05:03:00+00:00,fba830b216f4e5fd8d8a5885b95888f3f34038d95659f0482992a520a0a8533e
6303093,2026-07-20T05:03:30+00:00,42753cde4de2584b8f04a06cafd7379168ea141e9f5201d846dda959f02b0e3f
6303094,2026-07-20T05:04:00+00:00,a15988bebf2b311880d0ec94495da0ad89fa6ac2d545d7d5276f6a7484f48a8a
6303095,2026-07-20T05:04:30+00:00,4b6991c8a9e61d1f61f526a5e3dcea02c65f6fcee1fa5d4321f14db2ab8202c5
6303096,2026-07-20T05:05:00+00:00,1aa8b063a87484a40721e332f47da39deb3892a7c0d83dc0d1e22554f01a5c56
6303097,2026-07-20T05:05:30+00:00,7ac9bcad2eab12d31950dcb4698c517104e86475fb426165923095b998baf80c
6303098,2026-07-20T05:06:00+00:00,6b1f6e7f715fc83beea15e6ae388873ee1d137cc08df3735f1a2a4602b0d9581
6303099,2026-07-20T05:06:30+00:00,98e6fd2cf63e2c34778038425aba6c3f6c4eec31cb266e57cfd97962cf1f804c
6303100,2026-07-20T05:07:00+00:00,eebecb8be099d17581c4b480a5d2e1759fc1c7acb0d9934d0cb06b6d90bfd4c4
6303101,2026-07-20T05:07:30+00:00,4902ada523f70a7d6914192d1159c934d751e0570dc713e968831b9fa778164f
6303102,2026-07-20T05:08:00+00:00,b648e2f7af680b13b21a849fd9ee2b103f7b4a1e19afa8bc9269175132293a0d
6303103,2026-07-20T05:08:30+00:00,398eb8b0dd29292b35bec2dad250ab117830419797731fd3e33fcdac87a2dc51
6303104,2026-07-20T05:09:00+00:00,b4ffec154e3e96671dec8ec8e9e4ed724db0571cf01384f720f90253c7d4b8d6
6303105,2026-07-20T05:09:30+00:00,2a0b0e763551ffe009ce1e1d395883e11d49a0b847872914353cf14038382309
6303106,2026-07-20T05:10:00+00:00,7df246466e003ebfe1d2c10e4a721d9514abdaccd6f7ccf1369e9f01918bcb29
6303107,2026-07-20T05:10:30+00:00,f3d622dc69a1fee9fdd313b7375b3d9164fc400f6aadf218e6ab1dd747a1ee34
6303108,2026-07-20T05:11:00+00:00,406f03761b749abf8c49bee276058afbd5f184b93299a38a66394a2217c04cd6
6303109,2026-07-20T05:11:30+00:00,65c82062bfb7dc8dc1a9c0d426ad9330278e8149f5e0bca49e5984f21ef7de8d
6303110,2026-07-20T05:12:00+00:00,e94eaea94a8cc4be1d744a10b9bfc8b46fed34dfd95e8a5192d0b3a92b362859
6303111,2026-07-20T05:12:30+00:00,28495ce7f306a8d50580595314ffb5fef5aaef7fa284f2b81474ad8955ad7fbe
6303112,2026-07-20T05:13:00+00:00,c95d5fc8ded59dbdd10b84511e775dfd7ae93dec3087c0d5b3cf9c66f01ccd2c
6303113,2026-07-20T05:13:30+00:00,c438d166f3c815f502640537be315d663b78748ddaff12a81a2f6893a98304db
6303114,2026-07-20T05:14:00+00:00,09f115aa9f170132b415659ffd7cac065d1750ea10eadbf644cfcc4d9780a700
6303115,2026-07-20T05:14:30+00:00,d19fc654f825190d04d781966bb45f781d8102967a7122e9d7e4ddfd7af40c3d
6303116,2026-07-20T05:15:00+00:00,780a969dabfc88a8d65560b0aec1c6e4eb802c66f54000fd9dc0448ace024695
6303117,2026-07-20T05:15:30+00:00,488f6b12a93c466862ff6b1c17d1a5377b1e2d74f6eb8e9cde6a24799b7cb006
6303118,2026-07-20T05:16:00+00:00,ac1ba3ba03b717ce5beb3b4fbb960d78cdb3da398935a843431d6da2fb966963
6303119,2026-07-20T05:16:30+00:00,109acea183e59b546341ed87b83be9a9a1bdc26bc2e8bca08487bfe76d837484
6303120,2026-07-20T05:17:00+00:00,28bf4da837df6840e82474638441d6a407e413cbe30fda5c9850cf283a9e9d6b
6303121,2026-07-20T05:17:30+00:00,fea237eed781a81c913854319887c70b6df17fc4e94b1cca642d3fbb0617a9c2
6303122,2026-07-20T05:18:00+00:00,9e511a1901a6cb2ce5a05d2ca4b47d30a21deb95e554960701ddebc6be921ae5
6303123,2026-07-20T05:18:30+00:00,8c1b9fd155a3455533632bfc2c45a9f4e71b6e76b2d421dcfe9af0caf32f6e61
6303124,2026-07-20T05:19:00+00:00,da3109033ec899102ee918cf97d5ce29500c2985c0fab299c97407e85fb18cee
6303125,2026-07-20T05:19:30+00:00,30ece128976d68b66f292eeb910de82c2fe942ad40d7a08a99616f78deb96e2b
6303126,2026-07-20T05:20:00+00:00,7c47a0040aa83bd3f51ca9ea1e7f48ff891faf4f46c8420ed636452a8cb19101
6303127,2026-07-20T05:20:30+00:00,19d1b01734e84e724cd2ddca5d72b7a7a534c5af168fb4bd5065551bd6e68322
6303128,2026-07-20T05:21:00+00:00,a975cf3765229a3435c0eb60eb5e313a3a5f1c1a2b050ffd288a89c848304d23
6303129,2026-07-20T05:21:30+00:00,16e68265b3d4bdbdd67dc66e15981d31532e1993ba73cce3e33600bbe8e21205
6303130,2026-07-20T05:22:00+00:00,582a5d948f068e62a45f7f21afaa2aa96653db797553689d50a8f88f40e4e9df
6303131,2026-07-20T05:22:30+00:00,8cc2bd8d7882bdec7986fb380910a3739ffd75c4167ca31c1ddad4c4b3f40d4e
6303132,2026-07-20T05:23:00+00:00,ae4bbd142e531d282af687b5cfbc22299d88c8ae1e6892e415bda37246d26f94
6303133,2026-07-20T05:23:30+00:00,a9aceac32acbd6f6a4ba97575f09b7fc48c2e0cb506199f65070f36fca6fce53
6303134,2026-07-20T05:24:00+00:00,627f87489481db59b64b20afc57da9f38ee73ce895ae119acf12f1ec643f6bae
6303135,2026-07-20T05:24:30+00:00,05f88c247972b5c1e6e4f16f1996a26f5b05359b84e5bb94228c21627603b1cd
6303136,2026-07-20T05:25:00+00:00,739148ebeb1f3a08b19b63b329f24933b7673c2a326b0ef415addba5c1d85a24
6303137,2026-07-20T05:25:30+00:00,9a135d0147a388e0460e7e9bda0ed4546e906e6cd6cd021b73a7b25cf8d3e5f0
6303138,2026-07-20T05:26:00+00:00,f8140d1fe98ce153c272f8a7c66bd2fa1efe370c70b3b12ac6f4f922dee46f0e
6303139,2026-07-20T05:26:30+00:00,0f9adb2ff140c0a9f07aceda3af46ec8c04ff6b2cb6622aee84ebd3f183056da
6303140,2026-07-20T05:27:00+00:00,c9437db8280d88b9f3fece9595eddad3a3cbb2e5ba24a78bc309a49b1a83eba6
6303141,2026-07-20T05:27:30+00:00,e3c0369f6b7b7118f70152a18079d9b8c33d22822336a0ec6276dc76aececb26
6303142,2026-07-20T05:28:00+00:00,74b5f53f652a250d0caa629d45d8425063ecfab5e9c18a1cd4f2f82d8281d272
6303143,2026-07-20T05:28:30+00:00,367e71247936e6578fd4d954dcdda5eb33022662557e53aacacef288a00bbe1c
6303144,2026-07-20T05:29:00+00:00,a87922e653cdccf9abb6b17dc6727ca57eea311377d0dcffc31463c23a15c321
6303145,2026-07-20T05:29:30+00:00,e2cfe5f258e50b89bdd5aade91511a8482697e03e0ff8c4b1f16af04ee907461
6303146,2026-07-20T05:30:00+00:00,64a3844144b15ba1b86a5db4db63cb0347ee6c390e4df5bc0ef10d1d83a8fc0f
6303147,2026-07-20T05:30:30+00:00,f4e7c3920f0ee8499e4cdfc206778bf80d07e40e286de956408ffa146047e595
6303148,2026-07-20T05:31:00+00:00,1c7421e29d3efcfe6ffc82e127a7477859486934c2443469cc8991a7e4c5e6b8
6303149,2026-07-20T05:31:30+00:00,cfd5b2928143581878a0cd0d53c27638fd47856cd535c71bb1aab8d5b97558ed
6303150,2026-07-20T05:32:00+00:00,a9330a7c678e9a9097887fb4e182bcd2b3eff5fb07dddf0567b0166c6532831d
6303151,2026-07-20T05:32:30+00:00,717a02734c917c1c43f4da7d28c4032cca76525181b42b3c38d94f33649b3d1f
6303152,2026-07-20T05:33:00+00:00,f80a9ad3021c5ec05505ea26fc03bf9ada6fcdbedbbadb9d3c6511baabac0c50
6303153,2026-07-20T05:33:30+00:00,44e8e8c6f99e6a9c191e4d5b875e81a6d4ddaa62efc00b6f193427b418c3150a
6303154,2026-07-20T05:34:00+00:00,87abc94d741348102eb9c07bcadda12e78666c12ca272750d9c46f17d2213683
6303155,2026-07-20T05:34:30+00:00,f3cfc5137a2c82618da611b150ac651d237088528a82ff86f678feacf33097b0
6303156,2026-07-20T05:35:00+00:00,f7c7b2c3ebb93b70400c00955de57c4440fec02e124ff23f8fd21171358fee35
6303157,2026-07-20T05:35:30+00:00,e5c8e191dd3da4bb5ac58eb7a006439033be2e38d579c68c3a9faa37a71bd206
6303158,2026-07-20T05:36:00+00:00,e7776476918f4f67002c3e5d3a3cd23223d6570cd4b4ce636aadc84aa6d499eb
6303159,2026-07-20T05:36:30+00:00,7914edde9b7cf78c454c493cb0d367197df295d89f1d4a87ffe63d580a3a5db6
6303160,2026-07-20T05:37:00+00:00,eda86f70afd5e255465c6b3e44d35f12169cbaee74230cf3663b64f5bd21713a
6303161,2026-07-20T05:37:30+00:00,79cc7c3d63659bad99d2b1f93feb8d4fb057d565e268ae9ea67b0ac8a3204eed
6303162,2026-07-20T05:38:00+00:00,656d83d7210babfec57e61838d83feeb89f0345f16bdb745bcfc2c9ce88e9a27
6303163,2026-07-20T05:38:30+00:00,28097d9c15a21976cc6b13bec1869217ef3690a8b1dde850019fd8099a048a93
6303164,2026-07-20T05:39:00+00:00,6b4efb9c3583bfd319e4ad34a1eb42ab377db9e81250638380d9a7f4cb04c641
6303165,2026-07-20T05:39:30+00:00,75f15e17e259c4a7449f2c686029cb1f39922b70897335b982de00beb6eb7727
6303166,2026-07-20T05:40:00+00:00,666736a269bc40b196b5bde6bbdaa28e897b42489867fc35414b552f8201c294
6303167,2026-07-20T05:40:30+00:00,1bed2612257f8b625e6e5034e25b01985b493d5cb4f34deb029f78eda63d075a
6303168,2026-07-20T05:41:00+00:00,5ff7326d49d88fbb728f28c91f0e1cc9030d3962b116d91ba9d8ad1aa860c6d9
6303169,2026-07-20T05:41:30+00:00,23d52c8dfc0b8dfe4523ff30eacd47f66f7d0e8ef75e0f30be6f69000c513b65
6303170,2026-07-20T05:42:00+00:00,d6ca6c83589a74b85d51b74a4caab918563e0fa8a31a1efc9c8f861951005340
6303171,2026-07-20T05:42:30+00:00,b4965f8db8102fd9a7fb155684bad985d7a5f49d2b7bd84d95f985ec798d33c8
6303172,2026-07-20T05:43:00+00:00,f88ec9aa60f7eef6baf600273ec6f7005cc08bce52ff4dda2850d40358f9ae2d
6303173,2026-07-20T05:43:30+00:00,2be7db43304a44fdf3f33b8130316b1b422ef12a3301dd43459ab91e83117d0d
6303174,2026-07-20T05:44:00+00:00,b1f8151ee2d5bbe9616eaf132947d3146ef0fc8a33cf14fb9ef05dd6daff2d48
6303175,2026-07-20T05:44:30+00:00,2257806aca868eaeaa8eef993b90149d226f7666d45861fadecb57a6e40fad6e
6303176,2026-07-20T05:45:00+00:00,139615c512f9459b413a0634444e40e4b71f7a115710110db5fcc8178d31906e
6303177,2026-07-20T05:45:30+00:00,35a99901af23ac203ecf8b23ee9e5416ca0f8ed83c84d94b642512266ccd9628
6303178,2026-07-20T05:46:00+00:00,67d34283a8b9478c6097aacb9e600d5474f14b84fd74888a9fc56c10c6fceb97
6303179,2026-07-20T05:46:30+00:00,a8118c93d02c08fab095a29769826208867047febf5d639c37b052bf1beee4e0
6303180,2026-07-20T05:47:00+00:00,491f65559d578d8472cc4f073c09a0cd4e7d29b16f7af8f505c3ebb43cf027db
6303181,2026-07-20T05:47:30+00:00,d80212b5acbf38d1703bb21e900c23db95f5f6149d3a8577572d752bedfc53cf
6303182,2026-07-20T05:48:00+00:00,1a1beea740bff5f1db32cff5097591cf88fcf2292b35506871b5eea7cb4d9b3c
6303183,2026-07-20T05:48:30+00:00,d13b4f6fcabfd5548fd7846eb03ec5232eda090ab1c752857e3be1441adda6ed
6303184,2026-07-20T05:49:00+00:00,9a00787070ac022b0124992b3bedc29dc027cf6086b57efb06153e3657d4ba90
6303185,2026-07-20T05:49:30+00:00,755af3fd818453f5c3f3d3d6d28a58bc0c7ecdbec4ee42d41dc95df00e3a42c0
6303186,2026-07-20T05:50:00+00:00,143e9fcf001ebac1ecb0151d617c386454ec357d1816ae5cdf705b4fd67f6579
6303187,2026-07-20T05:50:30+00:00,220e062a1109f3020456deefac8e4cb4b116e9bac1983d0615b075c75a65d939
6303188,2026-07-20T05:51:00+00:00,e2aadc37530b254b314f1b63406b9d3ad6252b74eb69d7d2bbf6cd8277282652
6303189,2026-07-20T05:51:30+00:00,cc9928b81544f9fff810edcbd915f7922d2488ebe868d082b10d331a0c643978
6303190,2026-07-20T05:52:00+00:00,a62e2caa36a4f2294dccaae6067e80aeb3e9be4b34c5d56e035da5cff4189fbf
6303191,2026-07-20T05:52:30+00:00,110ecbee17a0f6d67c92d2567c57c6c8ca39d52e79e007654d924f03989d8e38
6303192,2026-07-20T05:53:00+00:00,4198760f9bc06532f9b5909bfb6e0063f3c31d36f25ae5afecf561feb54fd4bf
6303193,2026-07-20T05:53:30+00:00,0efeb4e1e263df77055884d13b65d7ae38d9de8eeaa836f233e3ad253814c376
6303194,2026-07-20T05:54:00+00:00,ddd52de6d10adaff6a8440bf6ec9d770d178b2f0d590f562af22e66461938b9b
6303195,2026-07-20T05:54:30+00:00,5ed7736c3df1050732867b795a9a187b8c1cbcc954aba85a1df236596599e36c
6303196,2026-07-20T05:55:00+00:00,2fd08b98d4e0ba5018f4d5e9b7643d539b646533f5945b9c4e310e8a3d0f204c
6303197,2026-07-20T05:55:30+00:00,65e3052d78b4da4b1313f5f5da4a7560d0fe0b54a30d0a8026aa02a732419831
6303198,2026-07-20T05:56:00+00:00,b021ae4c40763b04b99157a5f97d1e088f823c75d2e35ab2ec90a99e5afbb119
6303199,2026-07-20T05:56:30+00:00,f994c6b2909d400dd86209cef928f0b0d85bf4ad63466bba161c60479f6cc715
6303200,2026-07-20T05:57:00+00:00,36f605104553253967bdeda80ab30584d7da27ff9029034bda1b5e47075ff2a9
6303201,2026-07-20T05:57:30+00:00,91e5d8db740e37c5f376cf8d14b59285453497cc75f8b4387c32f6e4db2648aa
6303202,2026-07-20T05:58:00+00:00,c63eb16d5f9b5c52dce0561d1a548afaf1488207c26ec7f725387317439e36e2
6303203,2026-07-20T05:58:30+00:00,8b0d6b60df476553c88917800850cfc6ac72cf4b3865fde4bae5fb6c5573eabc
6303204,2026-07-20T05:59:00+00:00,7e7ee6919f121dda1d5248bfdc70e59139919f54ff100754d6964b7cd8eaa28b
6303205,2026-07-20T05:59:30+00:00,f8d92bd7bda5cfbb4005929e64d1fe0f90525ef952ceac7b7a34671f607235ce
6303206,2026-07-20T06:00:00+00:00,c03477514f10d75dd8dd141cb5aeac6576bdfd89df1ec9f4d8d0aa1226e487bf
6303207,2026-07-20T06:00:30+00:00,7d53430e157e15b1fe91e613537332f84baea0175185ff27af3741f790c05a2b
6303208,2026-07-20T06:01:00+00:00,6cb1c41964e2a7200df7c60a7b635b0ee94ee51900837ce882fee938c3afe24c
6303209,2026-07-20T06:01:30+00:00,e0aec92c29df2a820bd032e86b075eab2679eb8f2dc9d2f5069e7d5c1691ecc7
6303210,2026-07-20T06:02:00+00:00,2fa903fc51727f3dba0d7e3430fdd17abbd22da4526422988cdefe89c679ebea
6303211,2026-07-20T06:02:30+00:00,7efa6007f5294accc0708c23353d15106317babdb955524d3eed050fcf6c5eff
6303212,2026-07-20T06:03:00+00:00,f9b953f1bd51aa33feba8b8957a6c318e8563ad115fb47b8305af872f5fc9823
6303213,2026-07-20T06:03:30+00:00,1fbe2d5fa6f5d40c8ee6becaa40f5b7f56b8ec52ca7be4a9fae99752bfe33c26
6303214,2026-07-20T06:04:00+00:00,57aa3af53403971580b6c9f0fd4870a1e74b474275d052014ecd1b9427385310
6303215,2026-07-20T06:04:30+00:00,41225a30275ee63bf16cc707dc3a1d38838bc248c4f2765a1afac8356148db20
6303216,2026-07-20T06:05:00+00:00,86cdb1e30f5ba7401917259ba25f4560c48e8e79ec59a7c5d5a3152057fdd8d4
6303217,2026-07-20T06:05:30+00:00,de428b0a65e8dc56ce552d532b5fb27754ec14bfbaf5fd67922e6fe3518cebcf
6303218,2026-07-20T06:06:00+00:00,9d77c81892e93a014875a30aaed4c49a1c5797c0f5ccaaf8e07ce2d3dfb32d51
6303219,2026-07-20T06:06:30+00:00,dbef5b60468463c338cd64e2238b798a038534fd95e0a9bf4e823297bf12d94f
6303220,2026-07-20T06:07:00+00:00,8905eebfcb39a7ab71fdb05c036458f64b5c3ff3157fceaae5132aafe63eae9f
6303221,2026-07-20T06:07:30+00:00,2b775562e909b067ed04ec27fecd97dd89cca9912a71cf45c2f1f9f42b6331fe
6303222,2026-07-20T06:08:00+00:00,2544cc7e619a340d341a3badc042a561b2b7bb31a29bf8586b66d966f3fbcd1f
6303223,2026-07-20T06:08:30+00:00,8e45c9142780e9ac640541466e699099f3273584a09e8b3847e8be5ca5a61341
6303224,2026-07-20T06:09:00+00:00,36a98bbde7010238474124d16f5639a8d03ee16b3c9e686bd3aeb84d0bdc9f97
6303225,2026-07-20T06:09:30+00:00,c91dd937d01a2be3ce56de20071214212475280ee22d58d041e68e28c2aa49df
6303226,2026-07-20T06:10:00+00:00,cbcbe7eeb2baafc1533dfece73881d449b9f6c5561d4077e6296488b8ee971c8
6303227,2026-07-20T06:10:30+00:00,2fa8db078d9302f9bd5d884056a539cffc38d89ceae07d39b9f2a7281de215f7
6303228,2026-07-20T06:11:00+00:00,0b04bd7f122d8a4a988712a62e43918656769d2a877054e4e4a47bf13fbd5db0
6303229,2026-07-20T06:11:30+00:00,54e38552754fc97af5a6f062e175c8eae900e347546436ceefa69e413ca50587
6303230,2026-07-20T06:12:00+00:00,a21bbc0f6f8d6e4961d357e0aa5772e15a6eed53172d47bce8c4ef7d28de13ad
6303231,2026-07-20T06:12:30+00:00,0bbbd0ddbae4b429639baaf8b7d8a81d65a8608b331efc5a133d050345d33505
6303232,2026-07-20T06:13:00+00:00,b692faf9bfb4f782f22d2f559b171a7174d6af0fad2e2f73616a5e6a3d04b650
6303233,2026-07-20T06:13:30+00:00,89ce4545346057ea26f1ce0f965d6d6df6da10031e2690ed4302d61e70135108
6303234,2026-07-20T06:14:00+00:00,c4330bb95f28d43cf423a402e1cec5dc5ba8f2f8767c05acb20fc8cef9de5e6e
6303235,2026-07-20T06:14:30+00:00,2ae38706cb961569bed6f9805e6931434579926e92d58ff52600c3d3777754ed
6303236,2026-07-20T06:15:00+00:00,26a1b3b9dfba0a7f64d8c8c3ee703114891e86b187b5520e02a17d1b5ba4bdc2
6303237,2026-07-20T06:15:30+00:00,371afe13b6746164c39873cea7c9e050d1f3eb21013a9c99fb7d904c728d73ef
6303238,2026-07-20T06:16:00+00:00,47457d81dc6d99a5e33370bff9d7e874a4254f8ed2e0761ac9265db63a2bc23e
6303239,2026-07-20T06:16:30+00:00,2ad7ff775f12e99245326b00fc66833d6eea203401a962983d128a4f1c94792b
6303240,2026-07-20T06:17:00+00:00,edfea142b9cc0dd5ad3a465e58d5b8c7d5b4d6e16807f8d2563cea9eb5988ca7
6303241,2026-07-20T06:17:30+00:00,0fa08eee41376d3c5a7160722828cf26487c86d684b83e23b0302eac55c6e84a
6303242,2026-07-20T06:18:00+00:00,fe01a400492aa0a2d447ccd6f3b81b57984894ca2a1f7ef38af0df390a3a62c6
6303243,2026-07-20T06:18:30+00:00,78f31de54a2323a49deffc37eeed43447bdd0c5a7a69de9f05c5bfb1d907c661
6303244,2026-07-20T06:19:00+00:00,59ba248084df542626b2b00184683445433ea723a6b68206bab7ba8744169807
6303245,2026-07-20T06:19:30+00:00,9cbf0eae5030fb6ae93d65337a27200c3e32c3f759534b86d6c8b830f7c7b785
6303246,2026-07-20T06:20:00+00:00,fd12add101207d77e1a34f63275a4521fe5aa871d1969ccd6c7f897d6ca411c1
6303247,2026-07-20T06:20:30+00:00,f351d1f65827163f6efa887d5ebd6a2f8299b814633b792c073e91ca49c81427
6303248,2026-07-20T06:21:00+00:00,b9db2eac71b07ff241be00361b8d657b42c644980d39ee0c50460624c9b310ea
6303249,2026-07-20T06:21:30+00:00,73ee3f3f18824116ae30ff52569b91d9fff5570d1367dc3eda37cfbfd3b88e5f
6303250,2026-07-20T06:22:00+00:00,79e2c01886c5f2bf1f3dd9000b4736469f3eedfd4879773b1ea529585286e431
6303251,2026-07-20T06:22:30+00:00,794b7bf059112b8cf57490e556a4c265a352e0edba35df060e7d9ae2c26fd83e
6303252,2026-07-20T06:23:00+00:00,5a7c1ce634698aebae0af92c85f24af572dd3d494bd252f80a76fffcb6ffb9c7
6303253,2026-07-20T06:23:30+00:00,0e561941a45863178c74004a2a0b8367ac6cd89ae990468ffd7498f0a3528f73
6303254,2026-07-20T06:24:00+00:00,5b8571aabfb1a88d0e0a49cb87627f3975da7c23ded132121945af9429e9b523
6303255,2026-07-20T06:24:30+00:00,e763f733ceccd9b3c0bedd1487ddd22d2eed5d51b8298acd57d9f3eaf8cafffc
6303256,2026-07-20T06:25:00+00:00,1c2d271669a0626516c2ea6ee14ba391b29fcb57a61880355ba15d24d100ef2a
6303257,2026-07-20T06:25:30+00:00,c2108d17fdf8dab3fc1dad242fcf6ee1cd6063b83e921eb5242678f514b84f70
6303258,2026-07-20T06:26:00+00:00,931ec1382872d7c2463975bb145f7705046281348b681346d3cb29d330372a06
6303259,2026-07-20T06:26:30+00:00,1bd9a5323251d0dd4179e228c41d3eb61fa90d69c066f7cdb78ef59f613d5b62
6303260,2026-07-20T06:27:00+00:00,826b4f4d3e5ca7b74ea96ecca20f1f86d778f3cc722a01a685369beb663cf4b1
6303261,2026-07-20T06:27:30+00:00,bbb5d4079a6cf4186fef6216d47e321c82bc61223444d71a57cedbb1be8d7f1c
6303262,2026-07-20T06:28:00+00:00,34d6ab71c1be1b394a2cdad2bc227b36f5c2a8742c10c49df611ad68d14435e9
6303263,2026-07-20T06:28:30+00:00,9419974ae363ef85b251b391ed101ece1f2f238f212f1bec6b13daa2e7241e25
6303264,2026-07-20T06:29:00+00:00,c7c9953a86c1e58b10e64c55932458ae5699d3374d7f6a2a4bff506114941596
6303265,2026-07-20T06:29:30+00:00,850166a37992c114b8d9463d0765358b1820ef91cb98a4ba1cc50d5f28df156e
6303266,2026-07-20T06:30:00+00:00,cfcf5c9e5fe1a792c4d5354bb15615ab37bb474558545c81577956db4b1b564d
6303267,2026-07-20T06:30:30+00:00,8dc2878559b44440be13f0d3e196cf2f4b74e0aa371441911c79f85c98958f34
6303268,2026-07-20T06:31:00+00:00,3b6f74799673651444f92cc88de1c3afd6f57b740066be163a1537b486e1e00a
6303269,2026-07-20T06:31:30+00:00,9908d83dbcb295eadf691a923893c265e4f9b1f5969d6bb9790c258321934c63
6303270,2026-07-20T06:32:00+00:00,b9cccf029ceb2d7fa182261dbf9b29a5042779f5037bb5f702018a90742580e4
6303271,2026-07-20T06:32:30+00:00,7980b2977db7d10e22ca5f58ff650ee9566dccc63ee1bf75a73c3c3c22629ea2
6303272,2026-07-20T06:33:00+00:00,376d80c8e8eaf8cd14a18f2032f133cc8c0b501235f964dbb3920df47c15c4ae
6303273,2026-07-20T06:33:30+00:00,1876d199758d20b5c978be3905c857ba34adcc4250287b31ffcabead2184fc98
6303274,2026-07-20T06:34:00+00:00,7317879cb857cde632e5ee9c9c9082ae27accd9ba591e9d874f8b0bd0871ec68
6303275,2026-07-20T06:34:30+00:00,1f49bc4b1c33d30ebabc573c1a9301e5cab1093cf6ec7df6ad0d4a4dbd702af6
6303276,2026-07-20T06:35:00+00:00,c76aac14323c767e61b47ba18b34857c83dc21c3e606ef9a3242272b9399a2ca
6303277,2026-07-20T06:35:30+00:00,0040133fc701747f23943203498211a53e14b5414a46607c33fd59c648a8576d
6303278,2026-07-20T06:36:00+00:00,90fd233c4d9f033143112db48bed404eba6ce275342f95d8832cad7352d08815
6303279,2026-07-20T06:36:30+00:00,dfdc05ced586f2a3ecbb88022f6cc7cbb5d6d4b034943808a3d8dbf1415a1950
6303280,2026-07-20T06:37:00+00:00,9dfe27d16d259cad56772301e6e43a18d67035e075a63b1bc67dcaedeb1eceb9
6303281,2026-07-20T06:37:30+00:00,940ea872535a37fb8535892727a906016241a425fe453b0b616fb66f5a868d22
6303282,2026-07-20T06:38:00+00:00,abe6d30e84bc827e4a32a63cffe20fa6b6b5be72558c96e900627bc987c8d8f7
6303283,2026-07-20T06:38:30+00:00,aea610a97ea6a74666e3f20859d96826caf909f48b901cd04b4ea7b76e119a5b
6303284,2026-07-20T06:39:00+00:00,7ca4e3f58ac7e388938eb606a4b34adc886d4b3c10cd0b7b6df9af843edb917b
6303285,2026-07-20T06:39:30+00:00,ed9f7fff275c1901d10f59d122a33893323d2d8b41dc86a04c2dc6ba62c5f073
6303286,2026-07-20T06:40:00+00:00,ba2a012589a3f60ebf2c02bc81b4607dcbe527ab2f10cb74a0387d987047335a
6303287,2026-07-20T06:40:30+00:00,95a63795ed4b1ca3119bff7b50b309d073712fe287bfd1c0cff81adbd939d430
6303288,2026-07-20T06:41:00+00:00,58009699f820a0347f0d8e423cfc7537d787c1150bebcd55290a8a5556410ae4
6303289,2026-07-20T06:41:30+00:00,9bebd772b01791ead6fc8da93f892deeb9b2cbd1a2178da48ff9df2bdffd1768
6303290,2026-07-20T06:42:00+00:00,e8bcbe398e9bbe8544f0adeb386e5357fb497e7e9311963a6702c7ecc68e1784
6303291,2026-07-20T06:42:30+00:00,a050cda5c8ba10e3db01a6fb0eb608a58c806d6a7b5be4012a2dff7be2171b3c
6303292,2026-07-20T06:43:00+00:00,ecf9e3beb3805e6136f80122c013f1e8f26a67281b9588165a69bbcdf4df413b
6303293,2026-07-20T06:43:30+00:00,995c340e81469a9aa9f47227f52131dbc92a12aa2e2292e988e2a65a9a041177
6303294,2026-07-20T06:44:00+00:00,9fe1a2e356d67f1fa1b19365c48c0ef57ff84340ee6d0d9a07bd8a5f2287c6a2
6303295,2026-07-20T06:44:30+00:00,c51a2c8cc3c8a3de72b762ccebfbe875cbf4e2e88cf9315f890a55f2fb2d78de
6303296,2026-07-20T06:45:00+00:00,a1b68ffc5950debddf37d54a4b103bd43335a770dc8d0a6dc0f133709e2fba7d
6303297,2026-07-20T06:45:30+00:00,d45257891b7493c0137fa72fb804e1d35b6aca9189fb9e4ca003a3674d631fd9
6303298,2026-07-20T06:46:00+00:00,ce01dc6c0d06044c997d9cac23148a21143c9cdf82390350b25af907600f4c2c
6303299,2026-07-20T06:46:30+00:00,8fd4864398e4a6affa18cad4de0da902a9e4d9975ce54ed065e0bce3e21a0248
6303300,2026-07-20T06:47:00+00:00,41246ba011dd969965da6836f302c2d441e2f97125ea4806742e99d9516b7246
6303301,2026-07-20T06:47:30+00:00,eacc5049ad9fd9bda3c4b595ba63e644678f7aa1ac768e1702d54fff857a368e
6303302,2026-07-20T06:48:00+00:00,2ea2d9aec90e428b0d9162778a24908f0594c6fb0f1eb4fc655360ea202cb0d5
6303303,2026-07-20T06:48:30+00:00,0c595ed624a375c835c7c32a51da78bfb5754aed0a7fda98548b0ce160ce53f8
6303304,2026-07-20T06:49:00+00:00,4ad01588d34db465c5beb9d86666e8083de32abd20bf4d8230257faf5355239b
6303305,2026-07-20T06:49:30+00:00,b57708d1ba222137627f15ec443ce90b7d6b962b4c18ec25f2cf96714a6f39ea
6303306,2026-07-20T06:50:00+00:00,14b9b0bce21858c669cbdea0162f219c083b2d36ed7fd71dc79da4ba1b496300
6303307,2026-07-20T06:50:30+00:00,df4cdd39c78827328e7ee658439ccefcce2af866286104d38c99b06b497b2171
6303308,2026-07-20T06:51:00+00:00,1b4556bbdf982c9c15986f85d77c9d6bbabafda19c1b0bb2c71ccb42dda19aea
6303309,2026-07-20T06:51:30+00:00,71ecd2c6667758b26e3e3cb597b8456cb3110c6a0ee99af823c54378d6cedc5f
6303310,2026-07-20T06:52:00+00:00,f4e6d3d3ed1568a7cabe35330ce7c5ef45c1c6b77819df8799f8a4fe2ee68e24
6303311,2026-07-20T06:52:30+00:00,fb37e374a113163e90e0c6ce49e31c2e806dfeb705fce60e975a898c7bca3729
6303312,2026-07-20T06:53:00+00:00,eb0be45b7202dbcdc676e5ba29a151c0f376289815f18e1bc9459d1b73d27dd4
6303313,2026-07-20T06:53:30+00:00,1337629fcb42fac48c7a12d92a70410db61a2814284f503cc4789933eb6b3a88
6303314,2026-07-20T06:54:00+00:00,f065ec5cf2fb0a9cff417ad3a419d059e8f527b641f67b506cd282777581c97a
6303315,2026-07-20T06:54:30+00:00,183259c70a8baf8aff70131191cd9d40e028aacc3641372d4b851ae8d79df59f
6303316,2026-07-20T06:55:00+00:00,0232eae497fd7ee161a521bfa98b032dd11b4689669267333c011a77016a98b5
6303317,2026-07-20T06:55:30+00:00,e1b9c66d07d0031d4bdf7b42a5c1de095280c23bcb4668c0f1846fdd1dd389c2
6303318,2026-07-20T06:56:00+00:00,7ddcc23b18b1d80283b24b909a700de77b04d2cbacc1fe792954d48a83a61f86
6303319,2026-07-20T06:56:30+00:00,62a48ada87f2bb392ee2fcf2af69e574ebefbaf3a2c7860106b935c699aa3b1b
6303320,2026-07-20T06:57:00+00:00,20bd51ce58d3c99ac2272a4853281a6006a4932dde5ab4674e35161aa659623b
6303321,2026-07-20T06:57:30+00:00,0e2b6847e204f2c42d384efa706218d3a1845b3f82dd331d3fa81c00b06dc7fc
6303322,2026-07-20T06:58:00+00:00,9dc63390bcc58a660e1663dcac36a89a9a7dfd94ffc4a51ee63170e9554201f2
6303323,2026-07-20T06:58:30+00:00,dc10adc712598794400dcd6b4272a874bf538047e844177ba303e26e2c5d538b
6303324,2026-07-20T06:59:00+00:00,153d469270b58c803883980c67d34f9e60b411e6e67ba1f46c2c27410e921209
6303325,2026-07-20T06:59:30+00:00,3870a216d1f59883518da3d8c3b28bc55806b8c2d62db02824cdae1c4807a156
6303326,2026-07-20T07:00:00+00:00,e2f64958b13793725e8648e7ef9c9523904dd275a72f74d7bf8cd2290412d963
6303327,2026-07-20T07:00:30+00:00,1974bd0fd6a02c6071e0f950c4201adbd62fb64a961cfc3129e75ed694a53c16
6303328,2026-07-20T07:01:00+00:00,1d3545a2d2120e66e5206979ee4a65b56dfdd6808abc8fe976259d6214682a49
6303329,2026-07-20T07:01:30+00:00,879aa085d1a0295517fa569faa79c55f62acb27dd6714a8f5b86a6eb7b88981a
6303330,2026-07-20T07:02:00+00:00,1d48dd3d7176aa6580489b784d76ce75c159426453ecb2d8bc4e4c628a3e0c59
6303331,2026-07-20T07:02:30+00:00,af3f1a8d010b0fd6d7a3cb1dee670b3017cba4dc445571bb99dbde74b08a9ac7
6303332,2026-07-20T07:03:00+00:00,06ee1e47cc2e4ed94865cbbf3cd78a4c94e36e54430b41d47d142b99cd48db56
6303333,2026-07-20T07:03:30+00:00,0ea5d08fc8a4c2064e53adf11d8ebb090a3e250f9ab022152a563f65ca0cb06d
6303334,2026-07-20T07:04:00+00:00,73f13496aae26afc9e694d6746d5370ce172c8d2ee07ff9f462c44ba33793b2e
6303335,2026-07-20T07:04:30+00:00,886f7e35c34998982bfb7bb023b61e4b864728b40b344f1a86aeea8a20174620
6303336,2026-07-20T07:05:00+00:00,c7789a9590d6c6f4a1ae2f5e168b7703a7d135129bdd7224ff1bb7c993adacde
6303337,2026-07-20T07:05:30+00:00,043cb4c77d231903254a7cc5a12fea3ce60a5b3da3f634a876997ccb24d0dece
6303338,2026-07-20T07:06:00+00:00,3922e3fa97294db03090404986453aa883cb1eab3d1b0668cff6efcf751fcebc
6303339,2026-07-20T07:06:30+00:00,6a93fc8e6500e8baa7f35f8dcf87536a9a39a2dd3b0e2272b090125bde4341b1
6303340,2026-07-20T07:07:00+00:00,dc78ff28eaebce914decba94f72a8a5e6e84dd8b1775e1c34f912ed4ffce1b44
6303341,2026-07-20T07:07:30+00:00,b279ce2bcbb7e836722c4b55678af4d62de28093aff5918553b0087139492ffb
6303342,2026-07-20T07:08:00+00:00,8e84961453657862379a285f6aa23fb0e355e1972df6dd1e86a64c1ed22f93f9
6303343,2026-07-20T07:08:30+00:00,fe22f5d7a2cfacff7d456039537a919689a354144bfe1ccbdc24b1476ae0a677
6303344,2026-07-20T07:09:00+00:00,6ed31d20ee224b85bc9a13608feba714cbbe9cc6f7a39220e79c2b2e4819e52b
6303345,2026-07-20T07:09:30+00:00,e29e9eb81202103005edfe91c186063fd889791a83fd33b2b76116eb71b115b1
6303346,2026-07-20T07:10:00+00:00,eb0610089342766b18c216157c7e22ea91dced416cd45df348fe1938a68cd9e7
6303347,2026-07-20T07:10:30+00:00,9f3a7de0d1e7063d067d113241336a901ac48cd3a4c826c9db085d4955e479ed
6303348,2026-07-20T07:11:00+00:00,368cbb0540c161638cd585a64e9ed801289620e58b0f8790193f7b4d0a01ddf8
6303349,2026-07-20T07:11:30+00:00,ec33dfc1812f9aa982b5617fd4c3199d13e9ab6e2faed818b5d193c9033f6544
6303350,2026-07-20T07:12:00+00:00,357208ffe2fdb721632a23e388f77a9196b36b98c61af7bf36883222ccffb501
6303351,2026-07-20T07:12:30+00:00,30c638c1be2fb789c8d8972986c54bd90149e83806156464abcb5243d7d842f9
6303352,2026-07-20T07:13:00+00:00,2a38fd3102b8d28c2b2bc7b2a91d63bd2f4bfc90710e5415f3de286b10ebe552
6303353,2026-07-20T07:13:30+00:00,4ec926132cbb43584e37c134d9f33044156924b5d9bf03875e1ce65f7c39f41c
6303354,2026-07-20T07:14:00+00:00,228478e6ad91b36132ff6db1ead1eaab668a9171be8cbcc06cd638dd92385e50
6303355,2026-07-20T07:14:30+00:00,60130cce00bd96b4a837917d4d615f36030a7ac1dcd71c1826e26afa9d194cbb
6303356,2026-07-20T07:15:00+00:00,219b304ccc10dcabd4323b2e6bd00481020ef0cae65635b1e852a0aab3558c99
6303357,2026-07-20T07:15:30+00:00,87ac714906050e800a8ef5506620d6bb8fe171864f53acc02bbe78db33397a3f
6303358,2026-07-20T07:16:00+00:00,43c5d83ec40516225479009361d86551159e80aae22ec88b9f36e218276f6478
6303359,2026-07-20T07:16:30+00:00,1dc5f49fb7964e17c08c85b6f71a77f9efad6ab5530b34352ad16c617a97fb89
6303360,2026-07-20T07:17:00+00:00,1bc48891234a8cabd3d9f2ab06199c525374811c0535b1cfb090a062415fa911
6303361,2026-07-20T07:17:30+00:00,3cfa9a83ffaf3e51f8863baaa096fc095fa42b7a478daf8da0158d6e79f674c3
6303362,2026-07-20T07:18:00+00:00,7f5242ce3fefe3364d0911a364d45631ae0938adec58c92e77d8815a57380b74
6303363,2026-07-20T07:18:30+00:00,877513827e52f66b6bb3fb2e984ca3485c098ebbb80fa9fd227fff21193e0b06
6303364,2026-07-20T07:19:00+00:00,0912a0be7aaeddcfc6b788cd8fc747b5fb3ea2e8c4723069a9d4abfa7982455f
6303365,2026-07-20T07:19:30+00:00,c3a47825a15c892b46c6667c17bb6a59a0deb1206d956c6a3b2c8465eb9efb01
6303366,2026-07-20T07:20:00+00:00,b127fd828c482ec879ff49e17d003d0118166f0879cf7a939f4d6d3d356f3c1c
6303367,2026-07-20T07:20:30+00:00,dd13623020484675662e7d59ffd2f881baf581fcdc73bc119cd5a75139df1ef2
6303368,2026-07-20T07:21:00+00:00,de0e54b103c458d93223024327a4ecdc6bb5cddfca22724ac3ebeb86b86e8641
6303369,2026-07-20T07:21:30+00:00,4eb52ac2ad3f1447998f29ff1a919d1b485650fb2f39b0084169e412cbad5bfa
6303370,2026-07-20T07:22:00+00:00,372cd50149f0fc5752039b9cd566158274cb75e8c760d435fc0f0c1839f7054e
6303371,2026-07-20T07:22:30+00:00,63e429830028d29c09271fb7df368b09926a76c3855266f5bcb0efbcc8c4bc92
6303372,2026-07-20T07:23:00+00:00,c96e3064889d71b79414561e967bdf21fa285504a56ecbffd7d7a125c56ec47d
6303373,2026-07-20T07:23:30+00:00,2c8bd24a7bf69e602be45dec15f6d90f376ca47db2e7a00730b6829fad9feee0
6303374,2026-07-20T07:24:00+00:00,fc0462d4a6eaac2f59598955050751f07a9001aecb63d2ecdc3ff7c1af9f927d
6303375,2026-07-20T07:24:30+00:00,c66691783e1c29c2b8c49591bb55106ea764fc1c8da0d73ad6f9ba77a912add5
6303376,2026-07-20T07:25:00+00:00,540b9d2edd6d94fdb57405a7a1fb7134c3fccebce15905f430cd12c961c21333
6303377,2026-07-20T07:25:30+00:00,aa5d82513c2970748dc0dcedebc08877981efb2d27c55b4450f52f8bed636637
6303378,2026-07-20T07:26:00+00:00,3055a430685bd4176465c883641640a3a8306b2dc758c6b17345ff1266464ed2
6303379,2026-07-20T07:26:30+00:00,b4b3e28b822b21ffa8ad1c9125abff2f3810f5614f3df910d494c69873dafeca
6303380,2026-07-20T07:27:00+00:00,9d95fcfd97d25785a7e893ca5a2b334b71ce1fc3ba5f515a644ed58ce9a3a3e1
6303381,2026-07-20T07:27:30+00:00,4367f7147a915a7c76a970562c379477a5c9c89c2352534222cde6cc8f0f027a
6303382,2026-07-20T07:28:00+00:00,87067b586b555529d1775772da11d4963da1fd18c94e4c1a5b704c0aed20580c
6303383,2026-07-20T07:28:30+00:00,ebde1cc4f468d50d256e822be25d0675957be5a651e35e51555dd904fd9268e5
6303384,2026-07-20T07:29:00+00:00,5d5bdb4f110f1c2055473b5abb5376c70ae0d529cd4620de719bd324555496e4
6303385,2026-07-20T07:29:30+00:00,15612341a4d0ae32a8348342d328e3406e6a74c1eebcf70798c3e150a9bb497e
6303386,2026-07-20T07:30:00+00:00,f530c0e4fa885be850de83e897decb2df0d6397d889d188b55a5584a2b5a40e4
6303387,2026-07-20T07:30:30+00:00,2ecf2d27d26aac59232df92f5098189fd0526b406ec9055f567abcb782f6ac5a
6303388,2026-07-20T07:31:00+00:00,328a4389c43496489b236e57b9123b47cd5dc5dde48cd512ad7ffc0b141da4bd
6303389,2026-07-20T07:31:30+00:00,9b7c253b3bb5ec04dd75747e95d4ff3ec986e80f1325a740aca84df185356441
6303390,2026-07-20T07:32:00+00:00,d9d57d988c85f96c1c2870533777a409082782e66482a01f6fe47ba8298a8325
6303391,2026-07-20T07:32:30+00:00,696c6f12a4349f286dd29115dce5ca88e97061c7c91e52c70212d3e0c6d63c4f
6303392,2026-07-20T07:33:00+00:00,4e9acec9133dd5781a7c38805aabe97d8ae6ab101f4cad99cbd6384c7354c5b0
6303393,2026-07-20T07:33:30+00:00,922ffd33aae2c4fce705853d30e62148294fba757d4e9ff9b538528e5f911645
6303394,2026-07-20T07:34:00+00:00,577737bec0c4a157adf3d4a447c6f88e65a1577b478366c557ee7118447f4515
6303395,2026-07-20T07:34:30+00:00,3914e8396f5acfa2ccb0544a5430949ec49670a312227eab7a00069a90bdfaa1
6303396,2026-07-20T07:35:00+00:00,db01f0b9ae59296057b04e17842b51024ae7ebf848c82d26faa1176e56e0e3f0
6303397,2026-07-20T07:35:30+00:00,845cb32fa68736142b1064de643f0e80ed5124c3b1ba891520a6a37b92a6f996
6303398,2026-07-20T07:36:00+00:00,a029837bb57f708a6ea435c5845e595dd912a6cb278e08f172dfa7fb7e340b23
6303399,2026-07-20T07:36:30+00:00,87a57ef3414c9348df66a0053080f922ccf587af53d621875ddea30cf4346dc7
6303400,2026-07-20T07:37:00+00:00,f51c87980e3ad76382b3e02ada9b157c88ba205ff74d8011b2e5822e815fedf7
6303401,2026-07-20T07:37:30+00:00,24442c12499f5c9e3aa23fd1bc22094fdd7a36c8a70500ccae74a8a639bd986e
6303402,2026-07-20T07:38:00+00:00,d2871b2f1c5cf3ba9d5597054a581c62aa2f45ab48e4c7d125ccc4b0de6dcb29
6303403,2026-07-20T07:38:30+00:00,9453a8201c2b07727bfdbfedec2c0381028c6f5f0e47d03d782868aab239ef71
6303404,2026-07-20T07:39:00+00:00,838170ab7592e25aacdbd702b261e6d85873e2bb61c6366c8b814dd9eb13fbb5
6303405,2026-07-20T07:39:30+00:00,faffbafcaa7cde353b2ad8d76b87e3370d9bd24871081023ca26f0e825a22368
6303406,2026-07-20T07:40:00+00:00,2e41566deeb0661b48ea3561db771b73f038fdb284f40fd6b5090b98cc112c5c
6303407,2026-07-20T07:40:30+00:00,171491068d5639ac7808f5ef01f94f87a299df41348fd5957ae6228f2db33b87
6303408,2026-07-20T07:41:00+00:00,9b14f097813f34bf2ae07f3d29073bc1726e8c1f61aab2d7265d3d49e74b3bcf
6303409,2026-07-20T07:41:30+00:00,178312f9c11717a7288d3ea7a49f6b8a1ec440b9ae71d4af3333c86714080138
6303410,2026-07-20T07:42:00+00:00,0c0d832b6476876b2acc0aabd0ebf72a8cd4d06add73aee948ab6651af3562f4
6303411,2026-07-20T07:42:30+00:00,e984790710ecdec69b91014d8bc1e311f8b3f9d85300981aaf8dafa0e7af1877
6303412,2026-07-20T07:43:00+00:00,19cf0425f8a19e5d3680067d5319d1f17a71b16bb596b853bf831396a7947ed8
6303413,2026-07-20T07:43:30+00:00,0e69c707ea526da4dc75e72ccb225bb328c059bd2384a3b650ff81d88c50d1ae
6303414,2026-07-20T07:44:00+00:00,25a33a3eaf7db18aaf8ecee66a822f1043aa9d2174e7f1c09d8758f8e2d18270
6303415,2026-07-20T07:44:30+00:00,a109967987de4b3a6826ed9244de8f5b98dc15b3246ea1d4dd6a44c2ec783722
6303416,2026-07-20T07:45:00+00:00,cdb5d7da7d0183f6ac9e43b9dc3eed8f6514c7695f08d03e6e35bb9c546e56f5
6303417,2026-07-20T07:45:30+00:00,a0ca46817d683c4042e3d4e905027752de31583570654a47a0bd28122e16a300
6303418,2026-07-20T07:46:00+00:00,ff5e1e10c87a23e214ffa386346c923c79ada0f440a841b4ddad84ca09d003f6
6303419,2026-07-20T07:46:30+00:00,06ca53d0b26964da435356448e2d8bc5767944f489a63a736d887210be1f0e36
6303420,2026-07-20T07:47:00+00:00,8f989153386113fab0acd674cd5eef77cbde3d2e83acbd67a5138d9aa400114c
6303421,2026-07-20T07:47:30+00:00,c8263b94e730a30910403f2ef32b6d48a8c8566f46cc10b62d0888e1d153fb89
6303422,2026-07-20T07:48:00+00:00,24abf3520b06cbccd37f8edfe1a079f35f3cb00cc810708d4ef6aba1d75201ee
6303423,2026-07-20T07:48:30+00:00,0ec46e0df3cf1ed8be91291d6db7346cbb86ce0dcf2b1f2a9c6ed56733b165d4
6303424,2026-07-20T07:49:00+00:00,f9337cb80385fb7447a22fedb66f8d63e051e1773aa744ed0c862380c2d34172
6303425,2026-07-20T07:49:30+00:00,b9e1477ae2938837eb377d2c793ec6f7b6562cbd1786b4e5950183eb77e7770b
6303426,2026-07-20T07:50:00+00:00,0e48871e70a48ecab37ef2d055196f7fb6945679a2afc35a9a045a858e8818b1
6303427,2026-07-20T07:50:30+00:00,afeb1004e11ea6cb202655f87b05873ec4a6c24911529787ef9823ca06fdeeff
6303428,2026-07-20T07:51:00+00:00,e39eda4d04acdbb37c74933667de2c19bb1f97727f2f74b817e067b7482f9b7b
6303429,2026-07-20T07:51:30+00:00,f806d31ffa2d1b7c34de9cb97860abf6705e4b39760aef2dba1e953961b2b0e2
6303430,2026-07-20T07:52:00+00:00,d2adb5ce1a4141e5aab29ea5e1f677e5888f4cf6d7ecb7b836168901ea595091
6303431,2026-07-20T07:52:30+00:00,27a21eeaf478f3b44815d0528458fe90db407d414f42e3c0da34020350414b4d
6303432,2026-07-20T07:53:00+00:00,c8ed1c0a9b2163938e9df47edc41b7c5d6e1e0e5688214ea88ad52be606a91ae
6303433,2026-07-20T07:53:30+00:00,4910b5198ec96555f0e3c8cd9ad35660c1c6d7d61d2a056018e7d9b6972c7e9b
6303434,2026-07-20T07:54:00+00:00,dae6ca9c3d64ec4896a3e6184b8aa4c4750f951063ce5f9534543cd781771ed9
6303435,2026-07-20T07:54:30+00:00,48f3e795d17164b88149920b1566492848dc7dbb0ce717e4f268831fd973a30e
6303436,2026-07-20T07:55:00+00:00,251db813c1eed9423d0f3432bcb8fbc08460bf0195158d8ec2c42a1f9fcced30
6303437,2026-07-20T07:55:30+00:00,85679a2d1e9282219dbf53ce88c8bcbe3303a0273ee92e5fa2459bf1a6290374
6303438,2026-07-20T07:56:00+00:00,07a3a8f79b4f642e9740bfea9d028a6f23a5ccf1a399cd852ebd5b359447ab27
6303439,2026-07-20T07:56:30+00:00,b0a9d67074ec5eabb7371e6e589b4085ed81b8b61f347f76a0145f8dbd36b9ff
6303440,2026-07-20T07:57:00+00:00,2602410fe6443f9ea0482ccb6052a28eb47386e91828b209b082257cfd63031b
6303441,2026-07-20T07:57:30+00:00,d5c488129a5bd486864cab7ad24185c408bfc0388971e79592730950516aacae
6303442,2026-07-20T07:58:00+00:00,1d5af405b0ce14078bf3f6a4c364f09d8f55c12f3c81c97d487a669233f7d0e1
6303443,2026-07-20T07:58:30+00:00,7ac05d307c697d8571d2ee89cad5653c0bfcf8ec3c2578802528e9ca57080177
6303444,2026-07-20T07:59:00+00:00,784a507ef17558283aabec2d904f7125bd24401a5499ba9e506e15efa5c5df7b
6303445,2026-07-20T07:59:30+00:00,e27e94a58102607490f0ba26999e2cfeb5971c9682103f8247b4210ff62a7f9d
6303446,2026-07-20T08:00:00+00:00,1f27ec565b6cfd5cf9dd32a28606d47da7b18e3654bf85264ff5ef7f146fff16
6303447,2026-07-20T08:00:30+00:00,20790f36822374d43414f68e73493bdc2e4ff6be7eb2a1854fbfab36616ffd08
6303448,2026-07-20T08:01:00+00:00,1ac0c8f27b6db3f8675a44dacf86b27abc39c1aa55b74512c90dae4dc7597205
6303449,2026-07-20T08:01:30+00:00,15003270e730f9d48214f9881015467eb9572202307b480c6110a8f92f566a3e
6303450,2026-07-20T08:02:00+00:00,9913fe191fe06aed80a73e4db085df407f40bc04012e714813ce3d20e1abb347
6303451,2026-07-20T08:02:30+00:00,354724e250d6f500815fe1f5a20aa7150909dfefbbc74ca535df7623dd4460d4
6303452,2026-07-20T08:03:00+00:00,267f47d5302ee3d2013c43703044392fab4038a1f4535085d63abc39bfa1312b
6303453,2026-07-20T08:03:30+00:00,2d40316b56537d3417e2f1b2424a5dda600ada8f8ad1ab6b2aebcd935af2346a
6303454,2026-07-20T08:04:00+00:00,61d0aa483d192295860eb00af05db1d067a7fc1cd82dc424a228a813a41cb045
6303455,2026-07-20T08:04:30+00:00,acd8f05ec3fe8998741a8260c4a7ba399b1491c6a0ddb16e1e61a7829239dfa6
6303456,2026-07-20T08:05:00+00:00,5f44e81353f4b6a5c36cb573a469c5a390e55bdde83de0b4fd35ac0e3e80ba0d
6303457,2026-07-20T08:05:30+00:00,96b7bb344d991c3c8605414f6e92d195739398987f8ef2d4e67abfcd501e1ba6
6303458,2026-07-20T08:06:00+00:00,92b317d215250802f6ce7a582962bfb9bf5414ae87fde526e942caebad0c6117
6303459,2026-07-20T08:06:30+00:00,1f18a516efeb63fa9fce2e967f2d1584ec94a88612b71b72104934a2c42a404f
6303460,2026-07-20T08:07:00+00:00,670fedca4c7956817012e56db8cd9827759ab0850a51575fc1afefb3b165cfb3
6303461,2026-07-20T08:07:30+00:00,4f65a57f5b753593f8c501f138a890e462b60f55b8c417b6ebe8abb3b6809ca5
6303462,2026-07-20T08:08:00+00:00,51fad38e976554e93b504b343a7784e0132809edc2d23d5dadc370602800ee2f
6303463,2026-07-20T08:08:30+00:00,99f4503a5a7698b44bf19fdfcbdd44d8d19d225acb25d15953a523fa90c8114a
6303464,2026-07-20T08:09:00+00:00,6e88120c9e3893c7f675ad293794a1726ae424dce828e7ae2210f35adde40d44
6303465,2026-07-20T08:09:30+00:00,aa6607eb85a1b8b2ef025c87e93f7900da86c6cd95ca105d0d9bd06546361533
6303466,2026-07-20T08:10:00+00:00,bb66090236f068ff8077ccbd0e2718ca297df41c76e4699c2d65190b84e3f22f
6303467,2026-07-20T08:10:30+00:00,e91c8c210bb0d6dc37f8a736658ed85c121fe4db3abfaa221a3cfe2a6e003fd6
6303468,2026-07-20T08:11:00+00:00,1f885339899617e92165ecb0da2fc70e0fbcbcdcca9d6f7c1a458ebc5778c632
6303469,2026-07-20T08:11:30+00:00,4fa37f382752a0b76a310e7aa60d0df6ba9d06f1408c8af81ccd51715628b5b2
6303470,2026-07-20T08:12:00+00:00,86aa611a292c0b50dd214140d6d0bf4844b090c3739c6a5bafa06fbda9f24043
6303471,2026-07-20T08:12:30+00:00,491ff96299c25ba40ac4f6df4c299a499225e53ced67d81a26d2e8b28671320e
6303472,2026-07-20T08:13:00+00:00,c1557e8f8b98943178a94a46b3d185e331423e7cf044a7f63ed673081ab42d79
6303473,2026-07-20T08:13:30+00:00,de0673ad3527c53ca8d2372f18b997a8b74dab357c1d84c9ae7e395d31737a94
6303474,2026-07-20T08:14:00+00:00,4eb2f274eac2dc5004c9488c92afcebc09a5a70da814eea3ab1317ed0f9e21c8
6303475,2026-07-20T08:14:30+00:00,f443c8e6a949163ebc742c71809a3126c0719007b52ddcb3731756e37e3f187f
6303476,2026-07-20T08:15:00+00:00,32c26b28169100e9acd24f3025e16b3e3a1aa82d3039a545950088ac6b8ffca6
6303477,2026-07-20T08:15:30+00:00,42b71f15d9e93d67ee2c4538ae7e4af1c79fc62254edeaaf96d1198a777c5dc0
6303478,2026-07-20T08:16:00+00:00,6d6509dcb01cb3dc744481f13959284486c4724e8676b2724b239eaa46917a19
6303479,2026-07-20T08:16:30+00:00,75493fdecf21eccd59ade410ee63455e9797cec676e45addc44ccd6499bd0d41
6303480,2026-07-20T08:17:00+00:00,753d97c0f89d4fe728b247056cfa705ef856085731c13aa443e10a9f806b3393
6303481,2026-07-20T08:17:30+00:00,929bfbe64552a7eec5daecd68563dd0901940f1a1d2d2473aaba397739f19731
6303482,2026-07-20T08:18:00+00:00,1749a2f21f30936d4df8d95c32cc6249557b7de5fdf9a4fc8c15636cc03d94de
6303483,2026-07-20T08:18:30+00:00,82d95c09de521a505b75ccc4e22845f488948c2a405dff320d7aa885015ef2c3
6303484,2026-07-20T08:19:00+00:00,87a847b349cc57b825d7f2427e8b1279c7c8b700f7cf7e8c9cfd4d76a5f2362d
6303485,2026-07-20T08:19:30+00:00,ef22c1fa3b8cdd6858341e9c1246feea7fe152decf806cf6d9fabc49d41cfa4d
6303486,2026-07-20T08:20:00+00:00,64a8f95354338e126835c38df26d41d839b6ecff47286d717bdba489aabca230
6303487,2026-07-20T08:20:30+00:00,ee8fbf1b884ff9c189fdbd5e697db68b76090c43521ac88c50be62bd60532583
6303488,2026-07-20T08:21:00+00:00,9c777c4d93ae8d53503dadc72278d6c9851ec0f41a9d7b269be75d82355dfff7
6303489,2026-07-20T08:21:30+00:00,cd62c344fbef8fba090fb92935bb45b26f3bfc99f87d7222f797426748f9f3c8
6303490,2026-07-20T08:22:00+00:00,6af6b6fe82dd077556b401ccab838280e1209a8b9514cb813f81565559f48739
6303491,2026-07-20T08:22:30+00:00,bb85d539a75ee089a928da1b05e42283a128487ed6537e81d1a2afa93ef6175c
6303492,2026-07-20T08:23:00+00:00,f4a1c286d647ed32940522fa551e4367fc7124a536acdf5aaf854d9c0faff47d
6303493,2026-07-20T08:23:30+00:00,bfbdf898574ff4652047c183fd8c039105604cb337ec0a9fe1aca8bcaad409c2
6303494,2026-07-20T08:24:00+00:00,de7af785b1baee66a0d6ad0a48c4126c5ad9644f468242d2e5bfbecc0cda2e89
6303495,2026-07-20T08:24:30+00:00,0655c5d59d89d58dbda98e9bf6d185fc4b4833365d8484e688deb2e77395b8db
6303496,2026-07-20T08:25:00+00:00,aa66b118ab3f2a0b5aa3b00b96a9efbbc5bbf63c50404ee8cf7511cf334fe217
6303497,2026-07-20T08:25:30+00:00,e3261a9f7f8b24efbda56a73983e838c063edaafbf54ba66fcffbd8928c3d801
6303498,2026-07-20T08:26:00+00:00,b9d0d0c71900afe14f00b6c417a640ffd1efc8a3a316e9e6d18ef0d62093d9af
6303499,2026-07-20T08:26:30+00:00,94468d7d625ecb3601d3c65237b7bec326801443d1077f3e1d63668c875b9e0b
6303500,2026-07-20T08:27:00+00:00,2b9b1a477715394903b737417f72292760cc4f080adde3eb7f53c1158ddf4bf3
6303501,2026-07-20T08:27:30+00:00,f5d29b7d28f1b8326dc80644c71eccea85b93334308d1a550667a8de24faeefe
6303502,2026-07-20T08:28:00+00:00,96eea33b15deaa58beca5065427923ebca84d86f31b7e876b7ccf1d176a6215f
6303503,2026-07-20T08:28:30+00:00,6268010f2270f825f506be135406c89a0b588439f188a9992ae92ead9f9a94ed
6303504,2026-07-20T08:29:00+00:00,ddbb2589f2169100ed79f67d735418582a1fa6d27ddc3c00da42905f520ffca9
6303505,2026-07-20T08:29:30+00:00,a6fbd79deebf5746e822c5a7472e4638119b89522706df4407d71713c389b5bd
6303506,2026-07-20T08:30:00+00:00,1711432031f1d81c9a414fe8d15184bf45877a8bffe0c6fee458f14449cca040
6303507,2026-07-20T08:30:30+00:00,e5e519377b4accbb9db1852e4842db4042b344a756fb4932d04bb6daf6df6d0a
6303508,2026-07-20T08:31:00+00:00,e95564af332b353b452fc9fab3c098a49a083f790b09c4d432af916265a1ce89
6303509,2026-07-20T08:31:30+00:00,9aa96ec34e68cc2f2001bcb82bcf39a9c2e6f5c44255b9850813862824ad210c
6303510,2026-07-20T08:32:00+00:00,34e56385e9a65240fba0a60210eefbc44dd6369c9eb0474163233849de08aae1
6303511,2026-07-20T08:32:30+00:00,f94c2a560b21e8abb424cd666566bba3b16c6bb2bacccc86cc1ccfc4cd55df5e
6303512,2026-07-20T08:33:00+00:00,0f7cb4358daf7274d2f07e3b35e9a0b899e3dcbf51e4c408216417540a1dc616
6303513,2026-07-20T08:33:30+00:00,c826663c7c3aeac4995e7b62d1906c26cacc3b7612edf27e8e1cf23941bab601
6303514,2026-07-20T08:34:00+00:00,4862dc18ce2442e72fc9165be6c7241a1abf04750ff56fa79bc161f002de20eb
6303515,2026-07-20T08:34:30+00:00,28aa56b3d877f7d7bfe4782115fea35bf78fc9ecbee616e9d894635c1a7e3b88
6303516,2026-07-20T08:35:00+00:00,2b90791d7165fd54b879b63ccf7ffa4de3a1d288d61cefe5ab7aef3df005e18e
6303517,2026-07-20T08:35:30+00:00,00e50c8b5602a58c66bc1d460d553fbc3d537edf21875c6a93d3819471c79472
6303518,2026-07-20T08:36:00+00:00,6ea193b624bd6517f63b9093d374a642a0879638aa444ce9fa84fad5733ac194
6303519,2026-07-20T08:36:30+00:00,b2977439104dd606fa642ea886b0397a736a53f2d73ed4f32df77a5586ec8432
6303520,2026-07-20T08:37:00+00:00,d3aab88448f93a651cbd0ef5c26cdae2882986065f5bdb3e7369709b7553b968
6303521,2026-07-20T08:37:30+00:00,22f706723b9192deca820e8eecae38ef17df216f975301616d91e08a18daf032
6303522,2026-07-20T08:38:00+00:00,08f49c38b2513db487781e5af8c0658abe7e5436b9aed8b4e3b86b5760a81c08
6303523,2026-07-20T08:38:30+00:00,2647e42aeadd8e80cac67861e2586830bb61f07cb889651b2bec998a7581ba5c
6303524,2026-07-20T08:39:00+00:00,c1dc1d31985085cd07e2ca6ab9b575a74d4413d8cd577d0b282ab34b67e93e71
6303525,2026-07-20T08:39:30+00:00,ec5cf6f377cdd90cce2d80b2822abafe37b30f329a3ef4e22f57f74c3b25fc21
6303526,2026-07-20T08:40:00+00:00,f13497a717ad8e344ba516c6ba095d4b835c8d9b875f429d8655e3eda88b5ce8
6303527,2026-07-20T08:40:30+00:00,de83aa4cf5d77353f73cffc22541d02e8046ac6575bda96643401e5c241c80d7
6303528,2026-07-20T08:41:00+00:00,97f17ddea96b2ff36e2602bce8cbc4f5db6be06c697485b9cb4a79ff7b6ee9b8
6303529,2026-07-20T08:41:30+00:00,02022236b9724510181ec22635a6f32e185e7f5b2a219a137c9a422b13576f09
6303530,2026-07-20T08:42:00+00:00,edba9646e5a78487f066073908b34649cbc0e7fef715a251d1e6aa8bce846865
6303531,2026-07-20T08:42:30+00:00,0aef99241462a4e6ed80b9b33ca17f8c4c9242469fc209b2123482d2d4e76812
6303532,2026-07-20T08:43:00+00:00,fa5a22469f7260d61b6b76ccb3d1ec3b4173c3e4557e4690fbeaca7d1b10a2c5
6303533,2026-07-20T08:43:30+00:00,dd6146f5b4e91a068d1e1b07e67709fda5f0333b5bdb2d2d888e52fd6424e4cf
6303534,2026-07-20T08:44:00+00:00,de2a295f6caa3e6d1af2d287ca3766e9f2c9a6df39f4e1c1380d544fe44cb813
6303535,2026-07-20T08:44:30+00:00,5a7cf09cf473c9d5e283c88532e35602694b567f64c87297148ab1e84f02e413
6303536,2026-07-20T08:45:00+00:00,0b92f37c84cd1a305f2f4df46494a7ebe6eb51fb6f8133ce620b21d115cd3ed1
6303537,2026-07-20T08:45:30+00:00,a36ba519188dba0ae86022d0be4bf47841746759a44d1bc2d8b1573ead0bbf46
6303538,2026-07-20T08:46:00+00:00,5f80b840690b051d686315e558c2ccd24e16ed3c21fd700da1cdc98cdb57c774
6303539,2026-07-20T08:46:30+00:00,9b3f707996f758366db00762248cdb0adf69fdf8b8ef4bba3b4571706432ed75
6303540,2026-07-20T08:47:00+00:00,7ae5a4ea27c8a58802484f153844a96e3568e5937142f3f20563fa4736df9f30
6303541,2026-07-20T08:47:30+00:00,1d27aa0f67dcb671173c5e581af7e27397f25f461ae0863fc67a53f04d008b24
6303542,2026-07-20T08:48:00+00:00,eedee67a221c5c2c414ee9d1fc02c054969ec6dee248269870b88f5b499c7ac8
6303543,2026-07-20T08:48:30+00:00,f588725a20ae2f8a19be33bef6c2b49141a3d3acbbb515cbffca31933f72e860
6303544,2026-07-20T08:49:00+00:00,30b5e143c93aa8981e2b33240866ea4393c592fe9c541fd427119dc69b162545
6303545,2026-07-20T08:49:30+00:00,f5feba90552d4b0c0dd307dc3d22bf391601d90b105aeb57225cdcbfb8aeb813
6303546,2026-07-20T08:50:00+00:00,5532f01d7c03a4d567e45453aab80a25e4664fabd82645537cb0d44098464b5c
6303547,2026-07-20T08:50:30+00:00,22d5d77deb92956e614fa72b2d60ffcc0aea447af28e727e83175e033129efeb
6303548,2026-07-20T08:51:00+00:00,92e8870938ddceff8b91c2bbd1efbf57c7c0fdf8dfdc5062ee4dced8521226fa
6303549,2026-07-20T08:51:30+00:00,47948881cc83262ce813578ad0dba014a5c2720207bef0d29aa7db57ae8ec9f3
6303550,2026-07-20T08:52:00+00:00,037c351bd64ec663a040b6facab93f6d921fef681992c94cef1a507ed97b5b65
6303551,2026-07-20T08:52:30+00:00,f21fe2310e6a80d4008bb3d7b24d54868c77cf36c01aa36456c8aa8476fdc4e8
6303552,2026-07-20T08:53:00+00:00,e2fce6b71f1415f6b494d9096dd4cc1147881b56a1b97b88c5e6c463bd89025e
6303553,2026-07-20T08:53:30+00:00,b418a1875a0ec007ad954556b5359405acd2f5265d150a46843bb2ed97861847
6303554,2026-07-20T08:54:00+00:00,abd3f804e8bb334178df8bef4b802fc410f225646feb545619b4a2674ba578df
6303555,2026-07-20T08:54:30+00:00,6ceaac36d5a559e618fae27e45888e62c45c436194d071a03eda8cabc5ddb083
6303556,2026-07-20T08:55:00+00:00,28fa9e8b2c057f4bef677ff1c9836e37f0557aca737411025792046391cef04c
6303557,2026-07-20T08:55:30+00:00,f9f17a7aedc2ab95cd23c5fa41e405f897e1ee9e16137c2f264adf00902109ad
6303558,2026-07-20T08:56:00+00:00,c50a72feb8fe2690bdb2cbe3352fe2e1b40c57bd3f0d19516c05a40a869e5a73
6303559,2026-07-20T08:56:30+00:00,29b0719f17234b148b67735f496940fdcd7737841a0560125e0efa168ec9220e
6303560,2026-07-20T08:57:00+00:00,aff9a45ce50b6e7c6ff706b44fa6c6590fb4aa31c7713c2faf7267b9a0eb92a4
6303561,2026-07-20T08:57:30+00:00,60f9cf726e58458620f2434b0638f58eed06ed64eb2fe8bfab01449f9b3440a3
6303562,2026-07-20T08:58:00+00:00,54cc8c803105aea9ac21ca048acd57ee5e891846bfa52492c7c9c6aa1dfbf374
6303563,2026-07-20T08:58:30+00:00,8087696b69a2c2471e502e2086daecd49cbc0f7bbdf589993e8ad91a4c5c9797
6303564,2026-07-20T08:59:00+00:00,817572e740e971cbf860a570848b860d22c70f97a316d239e14acf6d6fb02ef0
6303565,2026-07-20T08:59:30+00:00,75b5a22260d099dbbd9bbc9f38704203d1fae03837c4d20570ffc44d7cdf1d71
6303566,2026-07-20T09:00:00+00:00,36e49e0837bf359f7b4462aa90c3dc2afbf4e78cb676f053a8d4d0dd58adc9ff
6303567,2026-07-20T09:00:30+00:00,6694c59c604e86355f0b708c6eb33bdd331f54d3f2a1968efd3769925aab84b9
6303568,2026-07-20T09:01:00+00:00,e82d9e1f3dd67f139f1d6394a1982ef826544082a542d750b4263e0bba1ba40d
6303569,2026-07-20T09:01:30+00:00,9ee95767d88502bc67987e2fdd1342d1b12d69ecbf1cc0a47e19dc6f200cef58
6303570,2026-07-20T09:02:00+00:00,3399e702102ca99f26a54cb428f7a7fffd9313c6b8731dac192c69931904e02e
6303571,2026-07-20T09:02:30+00:00,1cb91402d4077411faeb12b9688c5b512beb548e4dd82b60d212af22044e5a95
6303572,2026-07-20T09:03:00+00:00,2d9342b8dfc995f58cd439b914580a8b39e7127412c916c5c1a71e6955f949d7
6303573,2026-07-20T09:03:30+00:00,130952034df4aa81df69f01929af885d39fdff7c63fee92f350da852fa10ff18
6303574,2026-07-20T09:04:00+00:00,d2b4c4c809587b8e08cd0b300fdeeb66833a829b59b74fc8e8030e19e175c4e8
6303575,2026-07-20T09:04:30+00:00,8a3194bdf4971c6246f21e2ef52add0785feeeb6eb762f393fa04e78bc162cd9
6303576,2026-07-20T09:05:00+00:00,899dca031ca018ccfd2e4afc8e6ea65aaebcf6099bac7f17837152a9f15b0aca
6303577,2026-07-20T09:05:30+00:00,dd836747233288589bb0e97a2876cacc40a7537389064d6c5cad5f0843a51434
6303578,2026-07-20T09:06:00+00:00,68dec4fb7e0d3773a6f3d7f4d2170876c7b284fa9b530e4223d05e216565c1ae
6303579,2026-07-20T09:06:30+00:00,3ada4331ad2f2be54c9bd08bb99774b2a464cd3d53af8a76201006b7a948e8cd
6303580,2026-07-20T09:07:00+00:00,83ae2de64fe866d5ddcf64c9f7d0ace8f9a1d646907f33aab3f6a7dbee36ac3a
6303581,2026-07-20T09:07:30+00:00,a5e41216400d72b9af9692554faed4cf9081f96af50f3b004d553f122764e55a
6303582,2026-07-20T09:08:00+00:00,6f31109564f176487d69dd787c72c55b9ff28f0b19a0b045213983b5d4fcfdff
6303583,2026-07-20T09:08:30+00:00,52e07b5853fe445b6a6c9a05be46f22ce74a76df44271b6336e3a740c1414a1c
6303584,2026-07-20T09:09:00+00:00,0215539105a7f51288e3d6aab56d4c9431b518f96bc09d50d35c26c6e51d0364
6303585,2026-07-20T09:09:30+00:00,ddeb2df8e5f224ed8294cda1bb0a00acd91a17684880eeb0994faa70a916b811
6303586,2026-07-20T09:10:00+00:00,47480f5280ac82b0cd4743451065df9953d3fcf53109a143a9d446963de2f233
6303587,2026-07-20T09:10:30+00:00,e1606a223111c5681f85e3410494b561014852ae7c287cc4fb61208dad43ef60
6303588,2026-07-20T09:11:00+00:00,66e907df56b9a7356ff3688ebdf97ae8dcb2892d0ccf8f1ada1d75e8bca82922
6303589,2026-07-20T09:11:30+00:00,c4ea4ded12d73d1e1c5c88387d26c29be0af893dce93657adbe189445ed1d7c1
6303590,2026-07-20T09:12:00+00:00,0f788cf8ef6520ffa10125d3b73d835d2fce16fd2eec39ed189ea615ce07ec5e
6303591,2026-07-20T09:12:30+00:00,6b16862db74d93e0a4dfba0d3533bc1103ad181dcf16c2498ca00eb1a283e8e9
6303592,2026-07-20T09:13:00+00:00,587d9c99d5a26995411f173b06b048c4dff1fc63f412d920b0020617ac58ebfc
6303593,2026-07-20T09:13:30+00:00,d4f3c887b66672d0007797823dc0f08ef23f70f02f17bd7a952677ee7b865149
6303594,2026-07-20T09:14:00+00:00,43bd9c28ef175f3a7989f75a6586b7af6dc1dd2a7290626efb121d4af38d394c
6303595,2026-07-20T09:14:30+00:00,b97d1e7d965d3cbd563f1272b04e9da156b1bf261bf9c641338c3f6ae44b85cd
6303596,2026-07-20T09:15:00+00:00,4cab6f561bdd1deceb36fc64a3047088dea8a4b2b52bb85cc711fa26a2e04ee6
6303597,2026-07-20T09:15:30+00:00,dc9b3b92fb4c838b0075da1dd9ea66daea4f6c2a10230fc25bf884cdf1560a3d
6303598,2026-07-20T09:16:00+00:00,d9e4bbec830155005b4b77127ac1e28d3715cf844b1f9deb56bf1343a9e72f8e
6303599,2026-07-20T09:16:30+00:00,120acf68d05a3e25636e3c3f81f7b43a90b0342668ca58d2195af5b4a868a47e
6303600,2026-07-20T09:17:00+00:00,f6e41171156ea441e17e1f9d020aca8e1357d5ae9099c19bf3ff9d98e436e7ad
6303601,2026-07-20T09:17:30+00:00,3f24c38b1d624d8f173a1a1b32303e552134776ded66e2c1b6fa1b284bfe0aab
6303602,2026-07-20T09:18:00+00:00,1ddbefc49d6096c6bd94d33d5084d475cfc3cca29a17d14f5c2ee91df9f3b461
6303603,2026-07-20T09:18:30+00:00,0f3d2764d39682f562fcf0a47672d98cd50baf1f0fb58ecbd4bd2a2c5f457f3c
6303604,2026-07-20T09:19:00+00:00,84d758054a27e38987150982d5682641a71bae7e9594c791da8849b8ebf3c428
6303605,2026-07-20T09:19:30+00:00,faeb964cb6b17ab664a6ac794a8925b7c5117ebc975ca2033cfb4b1fd16ad0ca
6303606,2026-07-20T09:20:00+00:00,f896ad093aeb4a2a34602f8257655206897a95f378dc9fcf6a61164efadf813c
6303607,2026-07-20T09:20:30+00:00,9d348fe709789ba3ec540c51d39ff2bcae1a0bf2ba3b187df39ab6147e27a059
6303608,2026-07-20T09:21:00+00:00,386a8645b92e296c2e43a5e6ab6efb8c0b71b575c78c9a3192e720a48d41f2ac
6303609,2026-07-20T09:21:30+00:00,9b555fcb02a16a2d75b297b053ecdf7e20c2014a492163e73a05778c36718200
6303610,2026-07-20T09:22:00+00:00,f6af19ac3ea4e322ca9b2f23dec9667a90220575198b05618160617cb9e387ff
6303611,2026-07-20T09:22:30+00:00,aa951f9b8b7aa3837717e26038b60bd5ed0f1ce579cbca601f9de81440686e95
6303612,2026-07-20T09:23:00+00:00,28d27f92fb08b6776b2e4d20617880e80bbe820aa57d7a9390ba493b54b47829
6303613,2026-07-20T09:23:30+00:00,28f8894e3ece8d438a7ded5e4a848a77899b6fc1c7f69b94370b3867ee7cfff6
6303614,2026-07-20T09:24:00+00:00,54e53a327962e5802580ed31ebdff10a2592acbc895f3faa1c1ccd20d8e7e07a
6303615,2026-07-20T09:24:30+00:00,9e94f18d77053c57ac3e62c420ea8ac0b551ee923712daede8f5c4b6c5547dba
6303616,2026-07-20T09:25:00+00:00,77b442603922440fad1bed4ad2e7325d1f50f845bc18df4ac3abe9b99a7dd824
6303617,2026-07-20T09:25:30+00:00,eff1a04c64cca281535a0a32935c88fb74c0d9bab927ac6532eeb8269675fd99
6303618,2026-07-20T09:26:00+00:00,1cd4ad7b0171006faa0da9b2b034ae19ffbfd8414f7f34da09b62f2a283c7596
6303619,2026-07-20T09:26:30+00:00,9cc9efe359a0d566995a5e097c3ad228dcfe19153ce676259dc6819ad8b4dbf1
6303620,2026-07-20T09:27:00+00:00,50b85ae34400582f70f870ceeeb5a7e92eb86b4b6b6ffbbe8074159c7f51c17b
6303621,2026-07-20T09:27:30+00:00,d29b6fe5e2e75d406db161b6390cbef134cc9c96c41470d6f0a079c67d88cc1a
6303622,2026-07-20T09:28:00+00:00,2a915a91a4e76f0b392e4d71b65750c731cf2541f3a8aec670244f759d03fb84
6303623,2026-07-20T09:28:30+00:00,ad5327de4a031bb033b42ac55a98dece80dc12b05ca9026e7f5484e08a6bd229
6303624,2026-07-20T09:29:00+00:00,11a5d12c2ff481924965509ae67c4a94864637bb0bc6f6e6ab3ffaa9b9ba7da2
6303625,2026-07-20T09:29:30+00:00,2e1fa537a9569b724c145b9fef0492e87944cab4a2b0cc9d70f8dd11181d19d3
6303626,2026-07-20T09:30:00+00:00,9ad24c71b04621a64b5cd5d210a76c17494893c0069d31037289e30cff2b9f3d
6303627,2026-07-20T09:30:30+00:00,d194942caae1177cbdeae34ced2a67c0eae16119bbb96d047cbdd42c8a6d373c
6303628,2026-07-20T09:31:00+00:00,d68e6c463f2df448d7c8bd869f457f4703adaddffcebbc337fa7e5070d947b0c
6303629,2026-07-20T09:31:30+00:00,a2df50493947258d647c08cfc5d5e33f6a865fb9d02410a03148de5eabe8a40d
6303630,2026-07-20T09:32:00+00:00,3fbb94a00c7120278c7710bf3ecbfb58f6e3359dc85d7d1340d5814826a79932
6303631,2026-07-20T09:32:30+00:00,8dbaff0a1235018fdd20f151e3f6dcb94cb7755c980c2caaafff0eea97fe5705
6303632,2026-07-20T09:33:00+00:00,e4ca75437062af3704143a7b50f63dcd074a7eed9d7b7a05e4d555b1ebe49555
6303633,2026-07-20T09:33:30+00:00,c97ceb0828137897026e20ecc643d710d6853fd60ddaa456b7ccf97f9c095aef
6303634,2026-07-20T09:34:00+00:00,5ef1336b711c17b686ea9ce4fb449c285bdb3dd7aa2b9ef39751cbc794bf145c
6303635,2026-07-20T09:34:30+00:00,122d4cb34b24ba52007fb036cefe5a8d8bf3c37174050a362e151566c151b532
6303636,2026-07-20T09:35:00+00:00,f57c6c724175168ead39470a6133d24169841d1e3ee98412a5b79324fc27a471
6303637,2026-07-20T09:35:30+00:00,b307b05f7752167283b6bcb54bd5d2a1fa107a65787aeca43b9bd18e31dd53b2
6303638,2026-07-20T09:36:00+00:00,a97ee03da25527b9a63763a5164be1868e778d11fb9de7b8bd39af40e880eada
6303639,2026-07-20T09:36:30+00:00,d04e8af89dc8335ff74fe2385ec519dff8c05cede5a81b9268a46dd4817bc762
6303640,2026-07-20T09:37:00+00:00,fb36335d0c656be92e30bff49af86554e89e7f064265b99d83df8d9fba71dce1
6303641,2026-07-20T09:37:30+00:00,f327fd6d9653ab7630edc6ac8b766979bf4f4155bb1db30185a1f6db6e812167
6303642,2026-07-20T09:38:00+00:00,197f3dfcdf743a4d82cd0e45aa34f22f33e52dfca2e4cb107d692590f1c7daaa
6303643,2026-07-20T09:38:30+00:00,5b60fae2002d4f9af67088e66e4d7bce60fe438c9e9c23f95965bfd088d72769
6303644,2026-07-20T09:39:00+00:00,c3c378d402873da2394a28f32bb05e1e606ba8c883ddd89fd36fb9296da55869
6303645,2026-07-20T09:39:30+00:00,c56dc63486b6816b2ce68ccf9bfb45f7a49c65fd5001cdb7be3b16f7282e1740
6303646,2026-07-20T09:40:00+00:00,b52b508bc18942ed9ad411b24619ad6ea3f77d55bf8751e53efaaf299121d409
6303647,2026-07-20T09:40:30+00:00,e3ef281322ace29d9a1630775e22573142a79e596ffa9cab14c8bb940af564bd
6303648,2026-07-20T09:41:00+00:00,1e1eaa193eab00a5923de1c5c29d1d2b0e25d57fe7676104af5cdc72038fe171
6303649,2026-07-20T09:41:30+00:00,eced8079797f7a7f3acb3c67b35c0a8a3ba3fb1c44f64b62f7b7ea04b4025706
6303650,2026-07-20T09:42:00+00:00,295fc145c3759f2e1a73c70ee796e1721ef446fed266a601cf23e022d6440372
6303651,2026-07-20T09:42:30+00:00,1231fddae2e5e5410a4b1d15752e1a20a1876aaf2b2eddb58b686083a075079b
6303652,2026-07-20T09:43:00+00:00,b2b193b23f5761b1fee69a1ec57bc337274a7dad99fa8b4f7c9137b664ecd2e8
6303653,2026-07-20T09:43:30+00:00,e5ff2076af0ae44a1ca7969ed47753be7fdab60aa33b1cf120c271c08dcbb972
6303654,2026-07-20T09:44:00+00:00,c07d169eb65b86d708ce2dd8740272a97730edc898b6d565598c845effe77424
6303655,2026-07-20T09:44:30+00:00,5eae3012f14aef8ff1762d0edb2c993b5f04f803c691b1199a25d2064ace2ded
6303656,2026-07-20T09:45:00+00:00,4273f39c76cdf569fef84107f569ae9a8e89ae92274d7106563be29891bfa719
6303657,2026-07-20T09:45:30+00:00,a1a87207d34c878b88df340f2d17ff0c283877007513693292aaff4e92314bde
6303658,2026-07-20T09:46:00+00:00,8b7d40555ef24c71da75af81b1208df1ad721152cbb031f9ed20e9d0127e693c
6303659,2026-07-20T09:46:30+00:00,116f42b5f9ea495df408902e61858f5a7e84acc554619ba5cc6e27734cbb586d
6303660,2026-07-20T09:47:00+00:00,9e7c0274b8b43d2e4040238933e6704ea5de0c5eca7bd85e3ac46373ddaaa24d
6303661,2026-07-20T09:47:30+00:00,3fa2ae99a9750fab88842e3a51039b0a66ba5adbec08968231b9f7a7acda232b
6303662,2026-07-20T09:48:00+00:00,75fc90248b3fd3b0d3ecf7365f97bb1ec5a05ac1da3a0c02d35cf206c589fcb4
6303663,2026-07-20T09:48:30+00:00,0a2f658d50e7cf6d07afe4bd56fcd8c734759faf2dc1a4a27104c6ba50aafa90
6303664,2026-07-20T09:49:00+00:00,08425a0c46662f3616c42c668fdd3f3d3f27c3f272365f0a3ae70bb1a6ac0cd3
6303665,2026-07-20T09:49:30+00:00,522e1c5ae7434ef01b4b6b01870447600dd7ad1f2a7a953c30b01e2d4b21c365
6303666,2026-07-20T09:50:00+00:00,c5ca185d31372c5513bce7e1b539ce0148439c72cdfa64d436ad9d1a40a0009a
6303667,2026-07-20T09:50:30+00:00,1443595bb5aae665dc771ce0be34b0c770757f8a73dd2d807fd6f9bbb37742da
6303668,2026-07-20T09:51:00+00:00,2dbcf6e3de197e05f2a74856d5fbd60816f32218bec52dd080bf6bff98434a90
6303669,2026-07-20T09:51:30+00:00,3f5162061ad899cdf5d9f7c5865b152606780c2e082d4c910e7b8faffec6cf18
6303670,2026-07-20T09:52:00+00:00,b672a0704706dd38dddc0b984c96e051ad36607801d50450603a3254d7573035
6303671,2026-07-20T09:52:30+00:00,e2831c2abb0fa24148a98bfa220c3166486e10c76b95028a08315f186c64c843
6303672,2026-07-20T09:53:00+00:00,24b8744de06d6ac1ca7a19dfef2c8e56c5d98938a7533661c83dbbf4800b7a57
6303673,2026-07-20T09:53:30+00:00,00d66ef88f6bd6a0cbe7139980f611fcc3d97590bb7be31b6da9a3cbb2ed27be
6303674,2026-07-20T09:54:00+00:00,5a41eac0c54cfc2375819da904b12920a1a54f319c13e7fcbc382f0662df4f4e
6303675,2026-07-20T09:54:30+00:00,eea9660d2a1e64bbbd931ebdaa1b627a37e8ab5bb1600b8c458b42525abcdcbe
6303676,2026-07-20T09:55:00+00:00,3ee34334423c896dbaab991ce2db21462a21cadccfce84d9cfa9e4e355430950
6303677,2026-07-20T09:55:30+00:00,bf444b83fff3a784d02e976b383c3d1fae93267929bff139b4d30c714da2bf3f
6303678,2026-07-20T09:56:00+00:00,7cb7d511624b87a6010802462ee887d9fe93b779dbe54c90523988b5611bb7b3
6303679,2026-07-20T09:56:30+00:00,2868b73bb388803c808a71d44279396ced9eadbc51a24a09a2e72ec6351a9a8c
6303680,2026-07-20T09:57:00+00:00,d40abf226fe45e4a360e7ca3be8837d6ce7f526651650dd863011d339351f186
6303681,2026-07-20T09:57:30+00:00,bd8b393ebf713ae69a67fd69847b5aede38c68520f0c1f84480a347b32559b02
6303682,2026-07-20T09:58:00+00:00,62f0bb4886294ef4609d8839ee5d0de7bd1b3e86ed432f069270b823b3690661
6303683,2026-07-20T09:58:30+00:00,a5fcd23e83bf1b5087a0e1bc2897e51b28e7cd6a3d1004efe2384029f4797b6d
6303684,2026-07-20T09:59:00+00:00,dc2739f88ef7c6072252304cc4068da4768b9cca348e75726f2d3f52e1693490
6303685,2026-07-20T09:59:30+00:00,55a4cc4a273a55930d38e7db0be336b8b86f87178d045f75bdcdb995d8b698dd
6303686,2026-07-20T10:00:00+00:00,0d38452c4e7ecdddb06a392ca150030ba5304637f4320b6d85bcee736d0e0bbb
6303687,2026-07-20T10:00:30+00:00,58c17832d8f116818b7fdc4e78811b2359dd466a39a1f85efeca7b481bedd914
6303688,2026-07-20T10:01:00+00:00,a6713817ddc071254311fe777f1c575242caaa60ad02fc6cd66922a674d5e058
6303689,2026-07-20T10:01:30+00:00,f629255ccdf9857942f6b47ea32f0261dfadba0cc18fa3569c47e917404c14b7
6303690,2026-07-20T10:02:00+00:00,cb1cb63d936c998c64d9c8438ce2c6e1138bafea642939e7d9dd61689253854b
6303691,2026-07-20T10:02:30+00:00,65c1ccbb0b36aa5aee91c85c628fa444bdbbd60d9e5a495de16be5956bffdfd1
6303692,2026-07-20T10:03:00+00:00,b57ef7036f256f8a2da98353784d1cb49f3c4756b4dc7ceef98ab6668c934b3a
6303693,2026-07-20T10:03:30+00:00,0aef2ed03556d986d16f79ea107a798187374e7be8c1414c68272e240145b786
6303694,2026-07-20T10:04:00+00:00,d3ba76bb1b06ad6034af0dcad774094e9425dedc5cdea4574a9d4b27bef26401
6303695,2026-07-20T10:04:30+00:00,e2431bb1d70fa5bbbb89aa0d4776601d88cad909fec99026400560a59657593a
6303696,2026-07-20T10:05:00+00:00,79e60f291f7c19219ef792968aadec39562501927fa329398191be4fc72deb44
6303697,2026-07-20T10:05:30+00:00,1c54e81261b07f3c22be5db9cf89e4330fa0838c5d78956097c6408fb1bc2fcf
6303698,2026-07-20T10:06:00+00:00,ec196a2980ed1beea7a9576ca47d4f0ff4df0c390584582eef58290f4c690fc3
6303699,2026-07-20T10:06:30+00:00,bf5ee2a621c6bd09971d359a387a3879fac9f362a00dc9ca7d541e57d788fb10
6303700,2026-07-20T10:07:00+00:00,f9e92a32b41e37fa418cb9d86f230e2b90b0640e6d45b96ebea7e3f83ff1a114
6303701,2026-07-20T10:07:30+00:00,e663e7db1a450c37938dfd92fdefa0e427cb413da1c0d4ecb4bccb53c92b0c89
6303702,2026-07-20T10:08:00+00:00,cefe416311216fc4730dc876875b99fcd65d8b8b1114ac18fad37df855151d39
6303703,2026-07-20T10:08:30+00:00,261c9f30c65b35e09b079be8a862c7af55d8431f43e07a88e2e4e0f13d7820c6
6303704,2026-07-20T10:09:00+00:00,63745a976964000d3cac13b02742ed79b9a34cde8bffdf5c48bbe93a7093aa6a
6303705,2026-07-20T10:09:30+00:00,977259d6da8a372d7739518297ac97b2a24d5c12fa9152502084a08343d14ed6
6303706,2026-07-20T10:10:00+00:00,908c37f21c5de9dc08b0b765fc5133f8a71087b4c95a71683ca54367bee79aab
6303707,2026-07-20T10:10:30+00:00,409a74f7a9eda45edba09d93ca8e7b0f03c5d097e80d678badd1560ca9b2214a
6303708,2026-07-20T10:11:00+00:00,ae40aac28d937b90dd93cfbc49b9f3e2985fc091e2a8a0c690fedd9641f35fbf
6303709,2026-07-20T10:11:30+00:00,570c09606f005f7fe845ec54a49389f53cb3a112f8a70779dd6937665eb72317
6303710,2026-07-20T10:12:00+00:00,1eeef21fe1e8024c0f1f5bc9d82b8eb2920880be5b19081b52c7e1128899b008
6303711,2026-07-20T10:12:30+00:00,653c32622d65859867ccea32885d74e9b3585f73616507dd4421e58eb18a76e8
6303712,2026-07-20T10:13:00+00:00,a7ed1d00c7e67197fb66c4de718be2cc40dc49f75c7aaf14854453de5c4496c3
6303713,2026-07-20T10:13:30+00:00,42a4fb8e6d85c148416ed58a738a3e74f1e21e19c9f4e6313aad43dc058e2e81
6303714,2026-07-20T10:14:00+00:00,f078bb5332d29bc0589cc639c33a305048f39d5441ad6d2cbd7c40fc7dc3d31a
6303715,2026-07-20T10:14:30+00:00,fdb20fc63fe5f39a6afad8948a7b17fde9bb29e084be906176e2ac09843ed87f
6303716,2026-07-20T10:15:00+00:00,d22988684dd874e97f040388468704fa87815fb7abe7fd74ce73749f445cd5a5
6303717,2026-07-20T10:15:30+00:00,b1b3a3881e377987d5e07b59736c7246896585e1e461cb531c625ddaeb79f4bf
6303718,2026-07-20T10:16:00+00:00,6aae2404a9cc6355602fcd63582481b13ed2adc88b26e5385d0781d71fabc1da
6303719,2026-07-20T10:16:30+00:00,f3a89d00bdef0297eb859fda8dcca688b360b93ba1046158ae6bf7f7f5c3ddd0
6303720,2026-07-20T10:17:00+00:00,194229b13d127a6bf4c56eec70bf5687710f8f019e0f5e72089c7b57544bc578
6303721,2026-07-20T10:17:30+00:00,73d977954bc28c1f88420b4edb5c7b9699be2122c66aed55fd4fc71759aff032
6303722,2026-07-20T10:18:00+00:00,20e31f5526dd4a7c683b078ff7e5515021bf6e6c70bc397a06dd4e7d984d8133
6303723,2026-07-20T10:18:30+00:00,c14245e96e5fee51e332a4fbfd8c693931b716cccc2644ce0b9821384eb3852e
6303724,2026-07-20T10:19:00+00:00,89406bcfb5af57a69720ee2754f519fa196d83892c67f2b0f1601fcb9a996907
6303725,2026-07-20T10:19:30+00:00,16551d08e83732d0f1861cdf0b9e7e8af1271a35f69bae5383d6148532142592
6303726,2026-07-20T10:20:00+00:00,4b0bebdd3bf3da03f98e6ee599bfb9a49790eacb6bf95920c9f642cda934ed59
6303727,2026-07-20T10:20:30+00:00,bbc46a053450dbfe922e973546e83db5c61cf89cafc8cdcfaaafc1c346ddc4e6
6303728,2026-07-20T10:21:00+00:00,810eb9f00e3dd6c24f219cee37216887b82a9e9a4d362bee44bd26d4bcb862e4
6303729,2026-07-20T10:21:30+00:00,037a2c0583c9b218a138f564a8612a2874e5d6e8c38a03afb070146e74985806
6303730,2026-07-20T10:22:00+00:00,3c0ab1eb3f7b8d9e5b57c9dc6ed9d4d09a7b45d4bc56e39dd708986273ac15d6
6303731,2026-07-20T10:22:30+00:00,580239cdf1b33c7b42483adff6b1867c43a5a00b47cc38f2031430d6970436ce
6303732,2026-07-20T10:23:00+00:00,98b5cb474faf3b00fd06255095410f2bea60286ef4676ffd40a47fb0d8eaea6b
6303733,2026-07-20T10:23:30+00:00,653d32ff4e3ddaa51d509b8692b0a2669b57c4186211ae50db166f9bd4069c03
6303734,2026-07-20T10:24:00+00:00,61147b4068b41a8dca80c1a190bf7f5c33204a239b00678ad365167112e90fb3
6303735,2026-07-20T10:24:30+00:00,288255ced6954e0a4762938dd38cc696001d2e7566eb719b4b3de1c34157c742
6303736,2026-07-20T10:25:00+00:00,ee15ed86463b972ffdd6b5484c17de6ad47fb2c4adf150d79b83ead55126ed5d
6303737,2026-07-20T10:25:30+00:00,7b0b4958b46f204aee8ec6f47e235ec973073cb326bb19176a51a199588e05ac
6303738,2026-07-20T10:26:00+00:00,b685fbedba71f384a227f3c39be1625730f95e19918fcb9eadc86d6035663bf4
6303739,2026-07-20T10:26:30+00:00,99d69a15f159dfc4c1289c708492f0a5be41cabcb2b1d39f47f26d69a8c36c91
6303740,2026-07-20T10:27:00+00:00,c7525b62be319fbd9bd6b909e411fad6379567cefcbe00a5a60b1b722460bee8
6303741,2026-07-20T10:27:30+00:00,8987e52ba8fab89eb35a0dc8245d2cca68b0b1d77d36e7e5c615e999ec06e3e6
6303742,2026-07-20T10:28:00+00:00,41a46a3fc49ca29360f6e6db1e984f8be1cc51f0cd34fb2223e26660025a22f2
6303743,2026-07-20T10:28:30+00:00,ab7b10939ff2afbf39c1f9ee0caeeb7a168952289268af416e0de06844c2d60a
6303744,2026-07-20T10:29:00+00:00,1867b6f3b3069285e1c06f6eb9d822e3770bd97b844895b22a196b0c43821928
6303745,2026-07-20T10:29:30+00:00,181758e20949988fa6d4d18036d7d3c79140d87ad741ab48e3a782be3eefc815
6303746,2026-07-20T10:30:00+00:00,4ebf0763d4190938e33637c72609e2f93b2f797d6276c67a50ef688d2ab7c4e4
6303747,2026-07-20T10:30:30+00:00,e14d4d79579b0970108e09e2d9e2f6c103b7b7a041047bb7b9eb70e4aae1437f
6303748,2026-07-20T10:31:00+00:00,fc59be39e65971b2b99ee7649a308d6c37369eaccb7132e631afb8c54bd6310d
6303749,2026-07-20T10:31:30+00:00,9e12263da2583018822ba6f468bf807e03ed0e247e55b0a9fecd95d5be504369
6303750,2026-07-20T10:32:00+00:00,f2036600c2b57d9b3bc7771175261888f0978403b7b982992ec466061fb4f927
6303751,2026-07-20T10:32:30+00:00,bb05c6ad81baff7200bf9b2fcbad7a6574096030c9e804af82dda6f6ae236a22
6303752,2026-07-20T10:33:00+00:00,869d76cf2bccd3f89055edfd8b96425e3c3f2e93e82043630f7ce40d033c40da
6303753,2026-07-20T10:33:30+00:00,7ee16830dd1ef2845e2ac61a6720fc49e870304de6e509c2e0f7aecac0ef0973
6303754,2026-07-20T10:34:00+00:00,efcf391af6f1ec822262d0dd4347bbab15499c6b08fc970c3680dbbab2851a3c
6303755,2026-07-20T10:34:30+00:00,052408eef1fe03874fae1f18d385ccf40989c90d4b8f5a9b12035f318abcc164
6303756,2026-07-20T10:35:00+00:00,7f4823b294efc81c058079676bd0a44cdc08c7c92d32931b64b658a172a2575b
6303757,2026-07-20T10:35:30+00:00,67694b53a8354a950215a29bc308b67760247293a7fadfae7546020710cb3add
6303758,2026-07-20T10:36:00+00:00,0ec5828479d73fe6fefda8abc7916dc4a885873d2c4a3a877915f5bf73773414
6303759,2026-07-20T10:36:30+00:00,9f39577296dff389bdf84c459dfcbbab625c17b8e43992378023e10dded17d54
6303760,2026-07-20T10:37:00+00:00,0860960cb97f5ec529ac9af43fccaadc732e55d3c8766ea661ae69356b0cbfba
6303761,2026-07-20T10:37:30+00:00,cf299d843357d2a4343a3ebb28e410adb771f2aecc4ed9f308924255dcbbdb59
6303762,2026-07-20T10:38:00+00:00,cb4de03e91fc58c2e5bfd10dcebb7f3cd7625a1f763cbfc294786c48b418c796
6303763,2026-07-20T10:38:30+00:00,b54f77d7e688e655ed35177bb2ff84dc7787a6d498c397da158587ee338eba6b
6303764,2026-07-20T10:39:00+00:00,d0f704b277a46a6c27880710910332fd59039a66e5b390abafd313c1dfa4d66e
6303765,2026-07-20T10:39:30+00:00,287c9efce7b10bf0c696b165f92d8d43ac443c32ee6219ece47bef6e92278712
6303766,2026-07-20T10:40:00+00:00,cf531f0f72c3a6bbb383785ee7f44cf29d1bc472b162b20f47d7bf0c124c8f1b
6303767,2026-07-20T10:40:30+00:00,ecc3a972e49f9a489eb1e378d7679ffb94035f7b518ddb9b748d1a3c7f8f5d8a
6303768,2026-07-20T10:41:00+00:00,1678b64ad48a9787001829b20a7eaa479af4b344f38ecff8ee4d88750962b901
6303769,2026-07-20T10:41:30+00:00,d8782376ae54ade1c4bd85f045fe6414f9d3f629ceffbbb129c0ca0062486ad2
6303770,2026-07-20T10:42:00+00:00,3301ce88237c22bb2d169fcc4e6daa2dac314b1804579b22e3b98d251965d6d9
6303771,2026-07-20T10:42:30+00:00,1b7b5e562a72bb44ad7f7d39515482c79695789d776151f7533a0895fdb80542
6303772,2026-07-20T10:43:00+00:00,7d444e06abb52e2199ced101c55712236efd21701716ce292c92256fb99350b4
6303773,2026-07-20T10:43:30+00:00,6f2396823f895645ff1d155e278015c100a52b33c7f4b2adabbcb826d6588c29
6303774,2026-07-20T10:44:00+00:00,caabbcf5d432857fead7279e4b5b8b1ec8124ad46a6d59ef14ebd3123cdaf61d
6303775,2026-07-20T10:44:30+00:00,2e8fc9fb40ee79f847b05fd656860d462008f0980c8509e85329d7acf7a95421
6303776,2026-07-20T10:45:00+00:00,7d296ad8a870985f41cf31a66e69979f1c43e1126e9b7684805f52fd864a99bc
6303777,2026-07-20T10:45:30+00:00,e0c44617b1db0c060e678ab411fe903ca05582e2d3d3e5ecceeefa855e268716
6303778,2026-07-20T10:46:00+00:00,3d93b66d0fde7cca17732e10db264fff2544e332a2f63aed9a2c468bb6bd535f
6303779,2026-07-20T10:46:30+00:00,c4eb5ba29d76a2df6ced8ceb2bd63686b121090e7437382d3a9fad4318951eb1
6303780,2026-07-20T10:47:00+00:00,69e682f37b42a7e3cebed48451a78b1a36121bd4f41984e00c91fe5d9db8d2a8
6303781,2026-07-20T10:47:30+00:00,f820b11ede29463a1675dc82b1deb7697b4c79dbe337270c8d51e8295db6d6c0
6303782,2026-07-20T10:48:00+00:00,f45544d63b72451a4e99b01083ec24b45fe71606e15500d4d421bf2da1a0d30f
6303783,2026-07-20T10:48:30+00:00,869321896a1a3270232c9dc497e8fb6a8c8b2c0e90d79f2c16c4b2d5e31f0761
6303784,2026-07-20T10:49:00+00:00,7270a5701c7d689950833742a00eeca6b7546488d3c7c441cc6bdaad5e2e0518
6303785,2026-07-20T10:49:30+00:00,06e1b77a68660517cb1398358b45e8815ef7ef26b031e81d6b44eb6d81f23aad
6303786,2026-07-20T10:50:00+00:00,8bf8e5306fcde634276dd07ef4d6bbc401edeef83d54c83e46ccc4ab4fef5b6a
6303787,2026-07-20T10:50:30+00:00,fb4a9417e4ce68afe5cd2078085b51faef06e11a12a0ee8ad33abc09c5646280
6303788,2026-07-20T10:51:00+00:00,47b6983bebeaed2d1c2d6400ab3afd293c5abd94dc690109578dc3107fe97d8d
6303789,2026-07-20T10:51:30+00:00,d4f59f8d4bea13e9cd0a3853616acdafb723d577312e1e3dd72a8cbff9533f12
6303790,2026-07-20T10:52:00+00:00,9d4b94d32b9fff44ef6576d4f6e2c2fe4899d263bdf9a71163111801eb22cbac
6303791,2026-07-20T10:52:30+00:00,7022527ad7d54a051fe6019f9e00544cfacf866e86885c0fba066a479f78fb8e
6303792,2026-07-20T10:53:00+00:00,89e3d1773095c11037f473a79ce92655f9008240292a32bdd2823aab3f0ea046
6303793,2026-07-20T10:53:30+00:00,ae93f8515a836927cecd819942c4c8adc50459de530923bb8b439b6d444f8ef6
6303794,2026-07-20T10:54:00+00:00,cc7c923d52e93e463d913bf64a25d06ced3190bdaee5f8867cd72e8fed2f9c09
6303795,2026-07-20T10:54:30+00:00,245e16edbfb71546bfb774d21362ba789abc78f057ae6130929146220674b997
6303796,2026-07-20T10:55:00+00:00,9024159056a3805da6ac6cb4546402e05528dadaafba4a04ff3286a6748fd9a1
6303797,2026-07-20T10:55:30+00:00,329fb91209adf85d949796824d9abd8a3fa16b43c545092fcf1ad8cac055035a
6303798,2026-07-20T10:56:00+00:00,229e32cc400edd396685353bb8c0a60973211eecbe489d607ef5cf7ddba0674a
6303799,2026-07-20T10:56:30+00:00,157f38c799477be500e21ee127b5993891d303a2e51eca9a31943d06a205a77e
6303800,2026-07-20T10:57:00+00:00,cec719d9fed92662446aa9dc56065ad8327f0e8dd30698d7df271e5cad044e06
6303801,2026-07-20T10:57:30+00:00,80ee2daf387a026878c02fa833962d58ce68085e041fb514276d40ef3a8a53ce
6303802,2026-07-20T10:58:00+00:00,efa1213b00650ac514681497da3349ff44d36d2e4db41bd780f4d4faa12fdafb
6303803,2026-07-20T10:58:30+00:00,2383ca95c319f1425260b21a1df12cecd2df26419f562f14fce01035ffe7e365
6303804,2026-07-20T10:59:00+00:00,da13fdac44d9a075da04ce612437f8610d3ade62c5d38de8248e7618dc256029
6303805,2026-07-20T10:59:30+00:00,7017b23fcb97dff347b5b612116f31433694ec95d725c7d5eb6b7d1080df92a9
6303806,2026-07-20T11:00:00+00:00,95aa3a9911214c83eca330aabb01456de22f2540f99bba824a9b068f52ecf30b
6303807,2026-07-20T11:00:30+00:00,6b782abb81a866779b0872ec49383a8c8cd3e150f029bca08d7535f4b94dc96a
6303808,2026-07-20T11:01:00+00:00,134daaaa7f868730ca72d0f4fd685789813ebe12844c44e93c3b07d8b3b42901
6303809,2026-07-20T11:01:30+00:00,40583eeeb6d227ba5e37d383c73eaaf1a7f1e54678b48a6baf1fc7f0d32eaa4e
6303810,2026-07-20T11:02:00+00:00,5c60a91df1bfb7b04113b9019c422e18ff1dc3f0273ef0ff30e7ec3e06965898
6303811,2026-07-20T11:02:30+00:00,bfcf206f6fa40acd113cfbc3ab6151db25521b43eabda5f33187016a81445295
6303812,2026-07-20T11:03:00+00:00,1a6bad0ab23a9d8e007834e3ce41b94e7c9323e80ccd2eaebf41df16512b0a7c
6303813,2026-07-20T11:03:30+00:00,69d5e78292ac9860cd4e43ea53325e009825e6d1402c9ac5738c329693760aed
6303814,2026-07-20T11:04:00+00:00,c640d5dd3f80bf3424ebd352428e9a87c83ed14f460368c496923f208d57338f
6303815,2026-07-20T11:04:30+00:00,dcde55e79acd23e1d396d1657d86d8a40855d7aebd879c5041ae85ff3acf1c84
6303816,2026-07-20T11:05:00+00:00,34372858c5605c0441a51a7beea205d4286f259b66c916d722dcaefabf9faea0
6303817,2026-07-20T11:05:30+00:00,0c4d38bc65977fd0fe4d7ce05dded6769fcfa03f4d5b7243e39f82f9605e538b
6303818,2026-07-20T11:06:00+00:00,a2f238592f65dda44052a57b6fad445cf7877243ce047a26856c9417ddb4f0ee
6303819,2026-07-20T11:06:30+00:00,b2d882aa99a2b0e3f8f8132311147df695b296ec2952764a2a7bd644fb55d28e
6303820,2026-07-20T11:07:00+00:00,4c6418e3abbed26213011cb661e4e94ea07a3541cec73a870befd2ae926a2297
6303821,2026-07-20T11:07:30+00:00,c356dc6e36fafac7b60b195684bf75fa40f47519ee5df5e6d3ae84677bb855d6
6303822,2026-07-20T11:08:00+00:00,b95e1cb102a6e0369ba00f3b36bcb1e6dce51c739af13b5ffe45ff03b759fa91
6303823,2026-07-20T11:08:30+00:00,29b28adf77bed9b04d8e58e818975d3c3fcc3dc2751ddff7e613c9c8c6322a82
6303824,2026-07-20T11:09:00+00:00,385a5c37520c902c0445d5bdda599ff23afa03d582d2dc63bd300937a483bbc3
6303825,2026-07-20T11:09:30+00:00,a3a61b1b404436bf2bf776f4db6fc31ec10464adf2e9ae925350d0dc1ed83de6
6303826,2026-07-20T11:10:00+00:00,8fde20951a99f2d3d30ce9d3466a8ff9fade58d611543982a3cb655f32ffdda6
6303827,2026-07-20T11:10:30+00:00,3942dabf3ce1dc498fb040ed887110f8cb220e2370871276101813e637a125bf
6303828,2026-07-20T11:11:00+00:00,b032ddc762952652aae15f13414d313b1d1ceabcb9c2e1526cfa67c8566b7786
6303829,2026-07-20T11:11:30+00:00,486d7cb7b9e45f2e829f99cc89b603ea7837654d6768a11ae1f48686357efc7d
6303830,2026-07-20T11:12:00+00:00,dd7af7ff7317be45cd339b5008f5aaa222d31f68d2236afe55ce12cf45c27535
6303831,2026-07-20T11:12:30+00:00,ca50446c73154cd0d2de612009c0151d8d44765d817384ccfdea189cbee5e4d0
6303832,2026-07-20T11:13:00+00:00,3285e444923045d2cc640399ff06b3de00db6ff375766aeb441c3ea311a94711
6303833,2026-07-20T11:13:30+00:00,b2b0214fd8f59774313aafb61bdd5ef16b912cba4e20057fe4bd7c4c5b7a7f30
6303834,2026-07-20T11:14:00+00:00,02743d3f5acfcd10c33f480405bad0001f956438d2c5909de06f23dd454626ac
6303835,2026-07-20T11:14:30+00:00,7a4f039786a6cd7b68006fd6d5744cb6d1939f1e5d0c9abfc9b9343d71cbeca4
6303836,2026-07-20T11:15:00+00:00,a607b8551bb5020cffb8399bcfb2b71cfbd9000dc0d06a300dd430a1f3d087f2
6303837,2026-07-20T11:15:30+00:00,5455b9e830ebfcc1bfa60c839f0bd5359c6190306ea6a1c52a0dedee83f3f970
6303838,2026-07-20T11:16:00+00:00,d7169cd81bddee7e1328aec8e92b9c72f238bc849496efde7fe988c792439d22
6303839,2026-07-20T11:16:30+00:00,3fbe5c140dd61bd553d386d5411492f9ff50ece3d7b7e48a789f6d40e4ca6e5e
6303840,2026-07-20T11:17:00+00:00,b5ebf236f7d8a835c97e38585860f639fb6a255d23e294cf0b8cde46473d5da9
6303841,2026-07-20T11:17:30+00:00,eccc3d9fcad9052a113c839de1b8350a3e32584bb5d35614d0af5aca51416e41
6303842,2026-07-20T11:18:00+00:00,071a5c9fbde24e97cf91e67d38a96165774d6b26f2182ab45ae9c0eb41196899
6303843,2026-07-20T11:18:30+00:00,e31d39c3f0bc5caff7fe517c45b7ed562585315d08bf0f85ea36857834ad18f5
6303844,2026-07-20T11:19:00+00:00,8bec5be9dcd2b9c160bf93e45c76e24a378b95aa1cab9fd7137aaefd62a0bf9c
6303845,2026-07-20T11:19:30+00:00,dc15b30d7ec38a7eab8ad53fcd4c6334e736a54449bec7b2eb597c3bd66d91d3
6303846,2026-07-20T11:20:00+00:00,33131306d89013ef46fd5e595aaa7b8cda57d3ab0cf0d71d435a7cdaa2590a4b
6303847,2026-07-20T11:20:30+00:00,b2e739d01452268897efd22c36e5cc06f47ec04b6afd3b3b4175ab3afe00e319
6303848,2026-07-20T11:21:00+00:00,669e9d41e132d2e48e90887d27a3359ee2f1bf91ca7888a02dffd386f88d5ebf
6303849,2026-07-20T11:21:30+00:00,751f25fb7416c9cae428c15ff423000cc8aa331133aa2184336d6264addd480f
6303850,2026-07-20T11:22:00+00:00,0c543ff4e95fcabbada03d01c272fca9b42694226483ed2ed86084d3c0c7b31a
6303851,2026-07-20T11:22:30+00:00,f8dfa0e79a97676eee2b3778873d6004e325ca05736ea86ea957adbc80a84c27
6303852,2026-07-20T11:23:00+00:00,401f3a25b2f5d56df9395d323de916022849a0b93486d63060033490f97d4773
6303853,2026-07-20T11:23:30+00:00,5eeae2212d1e269afd174769d4515823c3b0d1c4e76ea792e17ab44fea01248a
6303854,2026-07-20T11:24:00+00:00,be3aee8dfb8321558c5cab12845d8a0bc35da9d716bcf19d089bde3dc9b32907
6303855,2026-07-20T11:24:30+00:00,fe7dee33072cf9473cd6a15c2263daf85201761adeea3aa014404ff6c47fe6d6
6303856,2026-07-20T11:25:00+00:00,ef8098cdd29f24c4de85586727b2e6847bbb7e3d3b7aaada9ffbf1edd6b4890d
6303857,2026-07-20T11:25:30+00:00,4351bb1b84f0c244a8e7f715b82bc4015abb23432c2b81d741981f73ad2a1c1e
6303858,2026-07-20T11:26:00+00:00,58c365d53868e4df1b12dd8f17764068aa83eff8fa97718795bdc596aee45f58
6303859,2026-07-20T11:26:30+00:00,2068dac9766e743e25a34a47a848527ccd7e47cf9ad821c5ce4afda1493bd073
6303860,2026-07-20T11:27:00+00:00,7e568eba4a0703fb3ebf408de477a7e0936257d3703e5f51c504ccbafeac7811
6303861,2026-07-20T11:27:30+00:00,9f56dd94dca2dafd275a7f59b0836c33bccd4927f4250887ee15c9a23f5e9804
6303862,2026-07-20T11:28:00+00:00,f02f31d2cbd5031daf2295d25a022fcfad9a2a1a08e2b689eba99866842f053e
6303863,2026-07-20T11:28:30+00:00,77e3c04b4d87e937bfd569a9178c81e9aa4fb14f4a1364f047a5a4d96d261115
6303864,2026-07-20T11:29:00+00:00,7bd9f468f37681febf97b09586f97c8905df427c13f286f15f212d7c4d074bfc
6303865,2026-07-20T11:29:30+00:00,4f026ea93400de3f10d1b6b0d7b5d16222a89bee32a6301070b937204f72b82e
6303866,2026-07-20T11:30:00+00:00,99dfd13cd6af3b9a6426fcc9b0cd43201adcbb87690eb7ea7253df88eecab5c1
6303867,2026-07-20T11:30:30+00:00,8798a4d323f07fb8b215aa07a0cc6d826dfc4fc496bb980e4e3a47e0489f7f1d
6303868,2026-07-20T11:31:00+00:00,96130cf55643a7e914d7b682117fb83a6c42c8592e9cf158b56c84350dad39db
6303869,2026-07-20T11:31:30+00:00,f7537837d0916c8fb735171fc478e827e9811089f59d65dd899bb454bd3b96bd
6303870,2026-07-20T11:32:00+00:00,0a50fa6c59579c4431b3f261f0febeaa6f8d4316d2d2c1d8bfe9b0ea87ba17f7
6303871,2026-07-20T11:32:30+00:00,13e5339fdec2016150636e8ab36b073fb9341fe97d3f1527eb0bfb58644cb4f6
6303872,2026-07-20T11:33:00+00:00,de0b149432a96b72b7de026dc4d727ba8f232b63d6cec57d1b0076a536a641ba
6303873,2026-07-20T11:33:30+00:00,6a05d6715de3d0328e09d5fc499ddc1779ec5ecfbefd1a0d4744ba460efe0c20
6303874,2026-07-20T11:34:00+00:00,71f09af9aac4154ce938d69f1755f31a123b0ece3b67a3b07f2c3b01abd7b9cc
6303875,2026-07-20T11:34:30+00:00,919f6465df0614b652bdc7057120fe2502fc3c8b99bce5ea1c0b3261dbb0b942
6303876,2026-07-20T11:35:00+00:00,18cef6187d9ecd94352c275a82102675e8684b0a15357692aa138a0f9ae09f07
6303877,2026-07-20T11:35:30+00:00,eb8425f40882662dae19174c1fa8d4a9a7cda86208c110f98e51fdd7f8b8261e
6303878,2026-07-20T11:36:00+00:00,379436c7ae810a7f0d1856b68e3030753de9d47ad38d1f46576153523ebaa554
6303879,2026-07-20T11:36:30+00:00,97075ef409f4e07cfdc23bc7ebc8e5ff1f2e8aa3f19ab8c6e3dfb6ff99d9c253
6303880,2026-07-20T11:37:00+00:00,e0802bb1803f18f4c07f1783ec945309c341abc2ebdc97a84189a505084af555
6303881,2026-07-20T11:37:30+00:00,a3a9ceb2b4113d66dc2a603ed99bab0fa98ebbbec84dd45eabc3f64e8de75244
6303882,2026-07-20T11:38:00+00:00,8460312a7ffb68169b629283d08874abee671100e48d9bfefd19f11cc80c2ec6
6303883,2026-07-20T11:38:30+00:00,b03fe990eb102f3b71fde1dbe8f6c347ce5ebca26544b91a13dee882257c8430
6303884,2026-07-20T11:39:00+00:00,4ccb538097d3beec15df65f631a028a6996f7579ee850ef605470901bfaaaeb9
6303885,2026-07-20T11:39:30+00:00,aa6325ae0b75d64de5cbc779f1abe060c377ea84da7346de860f25dee70be7f4
6303886,2026-07-20T11:40:00+00:00,e55aa56c6529479a3039bd928ab15dd1289bf6161eb4cb08f4f1d326836e7d1f
6303887,2026-07-20T11:40:30+00:00,6ce3739d7db2812eebf406ffd9b81bccc98d32be2d5cb8bcfdf2dda797715df4
6303888,2026-07-20T11:41:00+00:00,952a906e42302f899480da779966924e3fea626de8fb726ac0742f2267fbe57d
6303889,2026-07-20T11:41:30+00:00,5ae169ee4befbf86d31ff0a415852f10431a1a2bf6addbb5c2e8a6ecd0afeba6
6303890,2026-07-20T11:42:00+00:00,e320dabc3538b9c067a25ec03a19cebefc8537b79610ed56d3cc16e55239ef69
6303891,2026-07-20T11:42:30+00:00,bddcfdf102a03d8b67c566fb8eff56ec38a30cfc53a98aaf49c13541a7a7fbd5
6303892,2026-07-20T11:43:00+00:00,50d605c9caa10c5c3adb48f6fe0a3d60d33af4493af58f36147f0d6ff8484d51
6303893,2026-07-20T11:43:30+00:00,8adeab2585ccb33ec26d9576597cdd6405f6bb2b951ec6a7bfcd2af9f0520974
6303894,2026-07-20T11:44:00+00:00,c4688113a20d1ab42ee6044266511739741e28c179bb80a13c536e07c2b3a5a7
6303895,2026-07-20T11:44:30+00:00,9edad9260f58ca8283e741cb26ad57fc50e0d12eaea09ee238841d5c96e6bae0
6303896,2026-07-20T11:45:00+00:00,acadb04d69a10b1b9881ce39619e5e58b8a2a7e578315879330bef72c65f4219
6303897,2026-07-20T11:45:30+00:00,fa211ed657fa5d087f732dc3a017c197a95dda4a5773cc0da4d6238e1ac016a2
6303898,2026-07-20T11:46:00+00:00,bef5da919b684dc9dc1dbb6bc2c6274d9c93a2ac295e55cef05aa4bf45b0b278
6303899,2026-07-20T11:46:30+00:00,bc11d657ad86291d90b69a1ba1558ab02ab7bf83b219f9dac4b3a5601506864c
6303900,2026-07-20T11:47:00+00:00,91367a049d9be58660fbe66dfd3b3657a6bb70d72a69068557e07e3f82d37860
6303901,2026-07-20T11:47:30+00:00,a52aa86e198e72659d5c26c972703f34528abd27984a812506870d7964cd7cd0
6303902,2026-07-20T11:48:00+00:00,d0604c77c5980b043fe49080de4adc4f2793056a73619a37945efbf5cc9785ea
6303903,2026-07-20T11:48:30+00:00,67fde9e8385db2d7a649c9b06ab7f1affdfdd72b7a20c621f417d09392c2e5a6
6303904,2026-07-20T11:49:00+00:00,ddb267634aaae933bee3a25053ab893ea34fa9d43baa9f317d1e1250496f5e1a
6303905,2026-07-20T11:49:30+00:00,a928acdeb40b9ecb041eaacc9bbd3cea65b722d5f0e3fd3785c5d83f1ec67b6b
6303906,2026-07-20T11:50:00+00:00,d7058431e0170efe2ef5c4fa3bfd751bdce58e7faa2e370eff29ee671b8434d7
6303907,2026-07-20T11:50:30+00:00,abe40f02859a222ea36fdd5c172ad2d77b32ede50afd17327526d8f5a47d0084
6303908,2026-07-20T11:51:00+00:00,4c2a36320c0933f1c57e69c9486871d5f6bc9caf6b5ab82bc3d93fc5a9e703ce
6303909,2026-07-20T11:51:30+00:00,5fa809e061ee1dce59cf2862b823f72683e2f786e96937c9cf0f426fb5423f73
6303910,2026-07-20T11:52:00+00:00,c4df8029fe9c7d3fbb923959be7aaa385de9a1ed7cb52e2861437d16ee9ee6f9
6303911,2026-07-20T11:52:30+00:00,4eab87b54ad397163cb4e0fd94209be49ad03ed9537fd6c59d0ec33a641fdd2d
6303912,2026-07-20T11:53:00+00:00,6258408bd96e72cd867e4a8a48b582e2f8f3c6cf007dfc5a217691d381d5b6e0
6303913,2026-07-20T11:53:30+00:00,7d3db4844bfc49fcb90e6eb9edaee6d37f75d6dc3aff81cf44cab1d8fc1ec5ba
6303914,2026-07-20T11:54:00+00:00,33340b681bb33c5f541ee1bcdeccb74591f96b1925cd82cf4a983a41ebd7abd9
6303915,2026-07-20T11:54:30+00:00,7cb9675cd28483ffc8fd3fb6b459ab27a31459f9553b0d0ccb769922218c57b5
6303916,2026-07-20T11:55:00+00:00,c4f343fd39da1a5724aa43cb7cc2be366e02d1fcebfeb7e209c7bca25f5eb068
6303917,2026-07-20T11:55:30+00:00,98a12b19598bc0b9a8acf076e628341e84d7a4df3707657f895fb84200fd2e9d
6303918,2026-07-20T11:56:00+00:00,68000bb8580e6250866a9d36c9946de50ffa63311bb683d4d640ad6de0c28722
6303919,2026-07-20T11:56:30+00:00,e46b415c384393718ac99b015029de2f71e9238e80321624e4d8319f35935517
6303920,2026-07-20T11:57:00+00:00,38ae79443387d4738ff13a57805e8ebfa73b0ea6964e00008952c047f41487b6
6303921,2026-07-20T11:57:30+00:00,91568d185c2d0dd8023df7068e74c33dcdeebee697b336b9569a25e1f686c347
6303922,2026-07-20T11:58:00+00:00,2651159ab167ea59fc29749ab47985f1b8bd52ea369067fd502c74841272fbcc
6303923,2026-07-20T11:58:30+00:00,2774466340825efc4f39184d3d2951ccc7b578d38b36938eeb75e33662a08d01
6303924,2026-07-20T11:59:00+00:00,03dc83092e2eb55f57d66f27045296ab6b559e0247eba4e41bfef6209d19bb6c
6303925,2026-07-20T11:59:30+00:00,7cf8ea817c916c9c9b8f086f839b78adf21f2a1bccdfd8f2ccceeda232399a1f
6303926,2026-07-20T12:00:00+00:00,fd87e381fbeeed5c88ba12200677642a93a7dc408109aebef3f3b64c824243fa
6303927,2026-07-20T12:00:30+00:00,b023f7005a4306bac2a670573f0858714cd615a4de0c3e64d3696541459aecae
6303928,2026-07-20T12:01:00+00:00,e25f8464dfa7c7f231b9f3288bb51ebcc6850a58aef563354e6b65a0c85584b8
6303929,2026-07-20T12:01:30+00:00,86cb839c6ee96b544baf4b5490fdbe224d2f2768f2e520a2d2e3ed4a113ff61e
6303930,2026-07-20T12:02:00+00:00,b6fa1f65f9925ad837a7e601d5d31ee2a5d8fcb51b6d13ce1fc70598e0b0cb8a
6303931,2026-07-20T12:02:30+00:00,d8ec81a39776167addfa05081a1ebe18d811991bbcc108fe813f51f62ea3609d
6303932,2026-07-20T12:03:00+00:00,877fe3272b81a5c277b24f2d6b88d506c1ded9d1d4a14345f9eef97956c7bf11
6303933,2026-07-20T12:03:30+00:00,fe138b4ae03a359ac1baefc8e7e1d96955d1605a66ae1b77e6c8c56b554cef77
6303934,2026-07-20T12:04:00+00:00,728c11b37211332787416c96c5078daeec410529736e778208e54845d59594e5
6303935,2026-07-20T12:04:30+00:00,4a5a4c63fc5408bb8c6ade7c5df504d8c5cbb1a5f3f0db61ebfa2a97b1e238e1
6303936,2026-07-20T12:05:00+00:00,5fe4d8ae6ab878087e073890971d9059c58057dee1f16425f5f7919055be9fe5
6303937,2026-07-20T12:05:30+00:00,e260d9ea5c671544e42bbe76193adf45641edf49cd7f7d260f7d8f4ad5e74601
6303938,2026-07-20T12:06:00+00:00,52e53c58f835ecad94876e5d62bb8985d0f9a14218ae6a5ad53b9b5aedc9d865
6303939,2026-07-20T12:06:30+00:00,1e338e3714d7c5a03ddf36538e55e0d9b5a2664a742db74d1831e33054b069f4
6303940,2026-07-20T12:07:00+00:00,0b4c974fbf288979f68d17ed921232bb66f6db58e50012f44c365b13eb7d970a
6303941,2026-07-20T12:07:30+00:00,f0892852ee19cccc6361bad2e5449366097cbfa9e9ed3c28ae6aac818af24966
6303942,2026-07-20T12:08:00+00:00,9a366f0fc878797c1a2c3403488104cc591a44f74aa00647cce029b80ffd3ee3
6303943,2026-07-20T12:08:30+00:00,9365db556cb566be1a04a9131dd6675c4b38a120875efe7774520cd0442b250f
6303944,2026-07-20T12:09:00+00:00,6bb3ffdfd871870e2e122a2d08a171d9b1d8056f058be088cf7ebfa9ce46fde6
6303945,2026-07-20T12:09:30+00:00,5a9049d5c64fb983ea9fb818db21c548af6fb8a9dbc651717fdaa331c5deec22
6303946,2026-07-20T12:10:00+00:00,514704b10c7c9eebf4aceea356db5e63df1c34941b7289abba83393da5ca080a
6303947,2026-07-20T12:10:30+00:00,f31dbf6dff1d87911db11ee6413a9eb54100e1e7e24a169cc914280cdddd1c45
6303948,2026-07-20T12:11:00+00:00,14eda74964f6a139efec428cc2be028af25cf9b7e283b323d4cd4da92355a1ce
6303949,2026-07-20T12:11:30+00:00,86fc9aca4c18c90c6f3464f21050377e75faeb26ccf2a74fa866151ec5904008
6303950,2026-07-20T12:12:00+00:00,ce4e5ea370d4b555c62bf7b74bf627931304556e256033fed415f5f0f7ec5a5f
6303951,2026-07-20T12:12:30+00:00,bfb777244362fbfe4816a0c717d884139e3f8536b13507e14403f6db80616a0b
6303952,2026-07-20T12:13:00+00:00,eac9e8201b43ce30e67466200c9d91d2291d7663ac85fb08e596773437609999
6303953,2026-07-20T12:13:30+00:00,de4daca13b4fa2e66ec3a81c403b5f105b00f055071f755dd8c59b64f66d2100
6303954,2026-07-20T12:14:00+00:00,8963dc9e358cfb9b620911e9a8bfdcaf5e9e7a207fa39fe81ec720d4383bb2b0
6303955,2026-07-20T12:14:30+00:00,a75c6d6b4ce62689a1eaab07ed1d318f0c43eb7e555b87f23e2cc4f00ff4cd63
6303956,2026-07-20T12:15:00+00:00,74b885beff80a4b18d9e6db61bf9709a2308f685659334ed643104d0efa8ecdb
6303957,2026-07-20T12:15:30+00:00,f0bc48bf752a781350fc76950aef9431f92868379216c9dd296e98a715137713
6303958,2026-07-20T12:16:00+00:00,fbbb9974979b0bd9bd8d71207abc514f12ab81b11aecd8eec1d23d4b65bf9060
6303959,2026-07-20T12:16:30+00:00,77368324c9a897fe209b0f8a2cf8686fc5b177665ad72ffb8bb29eafd2ff3be8
6303960,2026-07-20T12:17:00+00:00,2f3aae7b85e536a61a778aaa9783e31b2aba71019dd139e7226b399ec22498b7
6303961,2026-07-20T12:17:30+00:00,2e0b078ef80b7475917f13e8ccf099c0bce4b5e9ed67d14470a8633b153b46a2
6303962,2026-07-20T12:18:00+00:00,f64f9cb3610a09a024e57a7713c192092ad9b71c03d62d495698841efd2041d6
6303963,2026-07-20T12:18:30+00:00,33bb826e17cb3799d3b0f0265298ec77bd9e0a6140a5ded69c158913572d2245
6303964,2026-07-20T12:19:00+00:00,a95b390251085b1cc72c8ad69b60ded071965b245c90d5b9795d47d775f3b027
6303965,2026-07-20T12:19:30+00:00,f9c1cf670d113a1af528009a61229a570b979a74810993c06f1a8d4a8d0de9ef
6303966,2026-07-20T12:20:00+00:00,faee8e119ab9c23f8f989f381bf90a4d4b1c8e50cc1480480d232020bf16a600
6303967,2026-07-20T12:20:30+00:00,a15ebc49fc4dfb2a17b97e454660607ccf92471b0b15ea8eb0194b8811c28c2a
6303968,2026-07-20T12:21:00+00:00,a3f89ffbf2f91d7edea107803836b0ace766a562c18b6d8ea0cbc95e5f0251e0
6303969,2026-07-20T12:21:30+00:00,db74522fac0e0c09c507b14c7ddab7c2272a9bed348b6cebb6d3c6194594484c
6303970,2026-07-20T12:22:00+00:00,af9a9e548037e4a38ec06509ec3fb16da8ca80c0d3bc2566edcef947dbf59451
6303971,2026-07-20T12:22:30+00:00,b5baa73becccbf263edced987f88d7c5c132ef15d277696261f447af090f5ca6
6303972,2026-07-20T12:23:00+00:00,cab23fae9a0f55c40458ddd99f8afbc648d699611d68cde55acfa81b8c5465bf
6303973,2026-07-20T12:23:30+00:00,8d9935c42f1e13b097c845f4149eea824e1cf0e90304f3a87360fe1632f41c64
6303974,2026-07-20T12:24:00+00:00,7e36de2b27ba15cc11dc16a881b2b5ba22a6900ade409203a7bb55b1373d6368
6303975,2026-07-20T12:24:30+00:00,6301feadac3654001c778a7723ceb300afaa26eb29c1b76c3a00986d5450120d
6303976,2026-07-20T12:25:00+00:00,c090fd2e5ef64da11812f22983e022a1601e87b8015a4afba52d2d260b4fcc9c
6303977,2026-07-20T12:25:30+00:00,649bbba739f995ecab02641c1c7ceb15b3bf90b11fb7777f941f88eaa78ad5a8
6303978,2026-07-20T12:26:00+00:00,a4a505abd9c849a4512a8155ad7a04623fcb629014b0fa213c43a0c101c52385
6303979,2026-07-20T12:26:30+00:00,5c8decbc52d37aa1873b8b4c3784f76f9ada2c7d564a605359f3d0db26f7fbb2
6303980,2026-07-20T12:27:00+00:00,51761bf16dd6ea75960c45d1cb891961367bae79de74d8462d56ee09aeee1f48
6303981,2026-07-20T12:27:30+00:00,6a26964f646139e89b1df4a8e83522a791ac7a489d875a6ef119e451acd3b7b7
6303982,2026-07-20T12:28:00+00:00,a75860b4de96e5c3facc2dfe6891df6f0964d8a6eb1ca674cc79ffe754258a5e
6303983,2026-07-20T12:28:30+00:00,74fd63a5c5eb64fd4970a135ea2ca010bf6f59c3419e098c21d3a99833d0827a
6303984,2026-07-20T12:29:00+00:00,8751fc5a3cb0e2187130277b3c48ea3fcbd83f7a72715555aae452155edb6a23
6303985,2026-07-20T12:29:30+00:00,434f8e0b501e28eb170c591bef40d509250de67bfee3b54f9989037c3bc698a4
6303986,2026-07-20T12:30:00+00:00,b63130e802bf2c812d35e61ce9ba0457fc2d4a6f4931b5412dc7e39a373116ba
6303987,2026-07-20T12:30:30+00:00,6703a288c82cfb69c208e7eb19e71eea6e6145c515d6d3024c1ff3ffa6fe358e
6303988,2026-07-20T12:31:00+00:00,9c01fe021c3ab4aa5e4fa889c7e8ea306085f809927863c7699961cab9b4a7e8
6303989,2026-07-20T12:31:30+00:00,69d9346f6260e716b01f1bdae0ba3f212c909e6b4423dbfc780d49bbaa7ddc27
6303990,2026-07-20T12:32:00+00:00,954d18bdd53180c772b975e096c9810d8b75479025300879ac8e3ae638d4e74a
6303991,2026-07-20T12:32:30+00:00,1ecd07cb1e0fbdd3932d4b6defe545c422e1591e18dd3ff67a7db44de95e24e9
6303992,2026-07-20T12:33:00+00:00,413db5d2fd0c53bfca777447b9c911d051571c091b04efacf6ec40a8ac91b0e9
6303993,2026-07-20T12:33:30+00:00,448bfcb09bd2c42bab74c12f9f401f4192b5345552df99179c1d427dd0a8863c
6303994,2026-07-20T12:34:00+00:00,feae8d5af201479333c76be2b186d837b0678344a06e352f088f5331e79ce7d5
6303995,2026-07-20T12:34:30+00:00,2424485d60162ba9acbfd7f173f27ddfaa40597cb42050177b0d7967b1d51164
6303996,2026-07-20T12:35:00+00:00,9ab8e62385ae58ecf2abce22a78a6409bee7b1dfc80db99037bd44264da26f73
6303997,2026-07-20T12:35:30+00:00,006fda53c5cef48c146a8198687647544dca6eb85411444b1812b342e997e14b
6303998,2026-07-20T12:36:00+00:00,27c39a47d06c41d74a032b9c80fe3325822b1a8e39d71c04a621d4fe4bdc7255
6303999,2026-07-20T12:36:30+00:00,c1677d608a586eb7bdc898901469fb26220f364720e51d4f9bbbfe65394cea54
6304000,2026-07-20T12:37:00+00:00,129c14b57e86a494e425212b77c28a0c73c3c8a67132ddb7ab14e9cda8212544
6304001,2026-07-20T12:37:30+00:00,7d6dd62483bf57e2a1f0b2b3abaec5134d3b8c943b460fd8266c637787cf86b6
6304002,2026-07-20T12:38:00+00:00,b817ea554873a0837c70a22b2e7ffa51bd6ee740c11e766582af0fba8e628c8b
6304003,2026-07-20T12:38:30+00:00,849651730525373cb3f1bb8ffc88d5747ec7d1fc2e7f3b2c4218e5470eb0dce6
6304004,2026-07-20T12:39:00+00:00,1a3691cefaab7cddef8b403f1ddc77474d2322266fce3203bc0958bc15a2acc9
6304005,2026-07-20T12:39:30+00:00,f4b0bc433f0fc5718766b4b46de643b2ec1008051cda277e5843b748569cc06a
6304006,2026-07-20T12:40:00+00:00,2fcb4930f8000a22308236b2bf7775deec11c9557f8c19d0fe56c8e7381c20e2
6304007,2026-07-20T12:40:30+00:00,41c7dc4e638499ebc50c22f89dfd5f8fbcb5f80279ba7848a77a3ce56f58d418
6304008,2026-07-20T12:41:00+00:00,25882d12f478d2ccfeb40ba94bf0ed1ea5ba5fd8f7069a58577cbfc4637988aa
6304009,2026-07-20T12:41:30+00:00,f442d84b7f33c1b9bdf8d67241b3714e3106a8cade3b2b62c6db22a81d7db43d
6304010,2026-07-20T12:42:00+00:00,7032f2e933a7c2efb4c7422af060b82e577561816e9fe5397604bee82c617589
6304011,2026-07-20T12:42:30+00:00,8de98342122b1676e13cab38f5f83bcdd1847741900c0eaeb481956f4fb8060b
6304012,2026-07-20T12:43:00+00:00,56e4283175b92ed0a9d6a03938901166c9a52ca196f665b73c1d627c43127bbe
6304013,2026-07-20T12:43:30+00:00,a778021b9264e5d548ffb9c9e10e5b54260d421887fb08123341972abe90b927
6304014,2026-07-20T12:44:00+00:00,31fdb88a3d70c799f08a40facaacb6f109a95a8b1d65d50956233f8d66452800
6304015,2026-07-20T12:44:30+00:00,462d68cc82fdbd2014dae1cd2107c7a4819359097d146df887b7504ce45b1ebb
6304016,2026-07-20T12:45:00+00:00,36e8c680335fcadc0d3f77e32fab0b6e682380d09ddf671580358ac52bf60f76
6304017,2026-07-20T12:45:30+00:00,4b5415049d159c304db73cd700c4d66118f6abaffc6cff15e20e23e0b636ebd1
6304018,2026-07-20T12:46:00+00:00,8bd7885b16d72c943a891cc5a9179559e48b5fc32fcbe11c3d78abd3749dc436
6304019,2026-07-20T12:46:30+00:00,f48fd7f7faaa1ad543f94ca553e84683cabb5a6e7477da13f051fc11cbbd6651
6304020,2026-07-20T12:47:00+00:00,c310b1bb9f7affb074c9830a76504092ce6e1584ef81c8c1cad8b828e3b5bbc6
6304021,2026-07-20T12:47:30+00:00,50083d6fe51587ef2f377ffd8313258944e1aba6196ea259a97bdc0a87d06a63
6304022,2026-07-20T12:48:00+00:00,300fb90244f224ce61de9da52aeffd037a739a61609de5b8f989b09d965ab7c9
6304023,2026-07-20T12:48:30+00:00,14af8074b3a6ff149c70919811e7d15c5e92dab823043eaf7cfc1889aa38ba1f
6304024,2026-07-20T12:49:00+00:00,240e6960a22c83410d3e924b1824670d0837c8732fa1f0174f5d84a856a2f22e
6304025,2026-07-20T12:49:30+00:00,c0cc5fc65e4c789337218bf764e697f4342d173a5d76d11e1e4ef7b0f3cc2726
6304026,2026-07-20T12:50:00+00:00,a07565ff0185b8c6bcdb813b65036d60ab6fb4ce3f5dceeccbe2e8474700254b
6304027,2026-07-20T12:50:30+00:00,1a3678304d87c681a23fbe7e7a5e0df8bf43306cdd0738077057918e467e0f9f
6304028,2026-07-20T12:51:00+00:00,41854edd5160a9c956940e3fe6b584c6652f94f21ad9570737f8c3e8dd1a4d4a
6304029,2026-07-20T12:51:30+00:00,348137ac8d23ed122855c5af95841675a60f00e6f0f861a6d0e8223fd73e1dd8
6304030,2026-07-20T12:52:00+00:00,2d2391a612498ec7d8b0c5cc52d7e458f0be6ef81cbf4b3cdc344445b7fe45e4
6304031,2026-07-20T12:52:30+00:00,d4af579cac4b9a67de502248a5d09ec952053f6b3dc82c0e8232e74b9cf84fbd
6304032,2026-07-20T12:53:00+00:00,8132c6de0c632359f72616c7c4eae2f86b5c1873a460b50c7fa6657db4018961
6304033,2026-07-20T12:53:30+00:00,4dcde7fd2fa3fa9e25b460fe6890c09b02428a47f4f6ccee4b59b66eee3c067f
6304034,2026-07-20T12:54:00+00:00,e70271d9766ee3ef195206e970dd458eab4bc05c153afeba19a8db76015bcd50
6304035,2026-07-20T12:54:30+00:00,a2873fd8659e7d7fe829c733fa645fb930a82165a389bc21cb79479bdb6d7984
6304036,2026-07-20T12:55:00+00:00,6e072725b319a644e923ba8e9e157e257779d6f79d9819a6c5f58dcda2a4e3d7
6304037,2026-07-20T12:55:30+00:00,ebfdd4425e61c9170a8afd4ae0a8b20675a39255544d49e2e4cef384338130b4
6304038,2026-07-20T12:56:00+00:00,a29cc014efc14c5f19da2199f9e8687e1bda6628581b90e7c2c8c224002e1c6e
6304039,2026-07-20T12:56:30+00:00,69904032869212baf1ee4a257c4e40bd991b89fe83ad9937cc6ba69032acff1f
6304040,2026-07-20T12:57:00+00:00,af3c66bb757c7130f03df35b8bdcee5efc21daf0879f79c181923aa710ed8356
6304041,2026-07-20T12:57:30+00:00,59bf22a4088290f1325d12be6a0d76ac93704cdb2842bbb90837d0e269d6dc98
6304042,2026-07-20T12:58:00+00:00,f17aee187dcc32761970494503f1ec57949cb5069589b53c7a704fca529804e7
6304043,2026-07-20T12:58:30+00:00,67b3ac0bb483dbeb732447757ab608fe8c437758698e23b4bfc4d84be3434395
6304044,2026-07-20T12:59:00+00:00,26e5f9780b488a7fed9d67cbfffa2f2cd12eb6222094011397027d9aeb175b92
6304045,2026-07-20T12:59:30+00:00,bc3c7e91c973c76e58e3e69a3abc956ccbe59da779361b39c7551fea5b1dc005
6304046,2026-07-20T13:00:00+00:00,85aa97578b8fb0ee0cec173af1758a7138fdc2594d8f002f970a162ba259d153
6304047,2026-07-20T13:00:30+00:00,518b8d5d9ed3ca783b6c6ceb9fddf14646444651441412c2c304f0b1307e2c9c
6304048,2026-07-20T13:01:00+00:00,e4a54e7ac4c57978030bb04d2a6f76e104f6f8d77cb49e022e3892e33f3b7286
6304049,2026-07-20T13:01:30+00:00,310c61e63e1a5f499e5c94dddc0033f9480b42c0cb2dff771985b4b175f44744
6304050,2026-07-20T13:02:00+00:00,126e29fc6030edf26fbf89e4d5b920b9874e4e79d989baf3beeb200cdfee3123
6304051,2026-07-20T13:02:30+00:00,df07200a66d428f99d0e5fc7e2ba8d04f9b72bb56b37c4b8c7dc5ddf697b66e3
6304052,2026-07-20T13:03:00+00:00,f63b29ec95802de8b7c9f4bc162aa493a8519ae411e50d649492b3b9a04a3deb
6304053,2026-07-20T13:03:30+00:00,f4094d33869320d9e54b5b1c6f42cc04bbec42115d7f4f7b8cbd4a0634097aeb
6304054,2026-07-20T13:04:00+00:00,ef556af81a4e99440bd6b9d40c13a57c4206fc6067cd48066613b0bc57b30ab7
6304055,2026-07-20T13:04:30+00:00,8fbfc45cc2cfbad3940c1e4edbc6812806f83936d51093afa15fd41e0cd31db6
6304056,2026-07-20T13:05:00+00:00,74369c4ced425dcdcdf6ebe04ce4d706b44d95c4b1276313ce4312c32a7c446d
6304057,2026-07-20T13:05:30+00:00,42399542689a9a8b6f9a43ba38526d0d540beead9871405ddc0d0797731a4455
6304058,2026-07-20T13:06:00+00:00,4dd87d4cfa99398fd2ff49c0fdab16b5c6bc7cb467e59246220ed13fc14f8bef
6304059,2026-07-20T13:06:30+00:00,8b2493de26253beb784c86fc53d185c735be538673e45a2f84f09e9a76b26e73
6304060,2026-07-20T13:07:00+00:00,ac3190bec629045693d8bbc1334a052683d7f4ac6dd6e4354f4f7b304fa605ac
6304061,2026-07-20T13:07:30+00:00,b34087d025bfa8d22dfed858c3feac6e4a3f0507c84601d58d01012771eeeca0
6304062,2026-07-20T13:08:00+00:00,dce972fced1308f1fda41317b890deedc1dc7c586dd74e777a53f6454c9a2e93
6304063,2026-07-20T13:08:30+00:00,649577a1de0b1c3cfc19b78c4c3ebf677640c3bd6877f38ccbdc5527ea83780a
6304064,2026-07-20T13:09:00+00:00,da58817469a8bd212e22702c91c25a4124fac81d3e8777e807e1a13cd1832643
6304065,2026-07-20T13:09:30+00:00,c87b1528267e7333ccad97b286ebb130242f32c89b1c1fb66336c15d73c0fc0b
6304066,2026-07-20T13:10:00+00:00,4f34e01d86763d3126e6a65dab715f22caa3ecc90f1b723c1dca20c8c354e8af
6304067,2026-07-20T13:10:30+00:00,5295b082276f56bd5aa2f456c01cfb21fba0edfa1fa28f44a82079b95420556e
6304068,2026-07-20T13:11:00+00:00,e62a76c8e59c8732bf1f8e454ee339dd03527f9a7954828a49719e76dda1a789
6304069,2026-07-20T13:11:30+00:00,4623b03f54b7ea120016a6e4967e86b4da71535bef7832d40731a3ffe2807787
6304070,2026-07-20T13:12:00+00:00,74d17b7485a1e6aa7bf8584dc1f183c948471574ae560a552e0ab8fbfa53df12
6304071,2026-07-20T13:12:30+00:00,99877bdc8be029ee472e335215f1544b1002894d066072f17ee31905a715dabf
6304072,2026-07-20T13:13:00+00:00,8db78070b7c4da90f1bb238e492df619adc114ba6982d588011d50aab41a0bb3
6304073,2026-07-20T13:13:30+00:00,5f62fe6bd6575b361e5882bd625fdd6ba8f24fda99837ab96db75b605e83f305
6304074,2026-07-20T13:14:00+00:00,5e5ac86d455a5a56c3c8cf34b73b04e7276927b1ffea4951107687bd76e82b55
6304075,2026-07-20T13:14:30+00:00,155512d4548c169747e8463413f653b43dc6f64c3c3bc380c79a7e84bc5f5fd3
6304076,2026-07-20T13:15:00+00:00,8959f1a18ce7bfb65b05978ab028d0a78dce51d29a2a62566f77a0417f9c30f6
6304077,2026-07-20T13:15:30+00:00,2641460d071406f5c63dd0d8dd6c6d815b7f0cf4fb696b3c4c507efe291e2b9d
6304078,2026-07-20T13:16:00+00:00,5e6a861cfdf3431a39d72ea3c01f451b499924dadfd0f472fdc690758873591f
6304079,2026-07-20T13:16:30+00:00,6061797fbd5496f6732700eeec57fd023f9700d0cb874b8c17352f4cb681ef13
6304080,2026-07-20T13:17:00+00:00,8322587a390785cb0341702899e9500b8d12bed08801ebb75c2472a8d15c4ec1
6304081,2026-07-20T13:17:30+00:00,7c9572c79cf5ecd39007cfcf615aac5cb07192c81218fa66a1498a0d516b44f2
6304082,2026-07-20T13:18:00+00:00,54a93f8233a48f208460e601620695386543953226ae0a8273ce93877eb21c6f
6304083,2026-07-20T13:18:30+00:00,141d97d6c0abffe80d9784f0655536da22ef351c39333d97579cd466210c9b67
6304084,2026-07-20T13:19:00+00:00,4fba04abaff9a995a203dbd9f4863ce675acc892324d6f36b7c1e53b5451dc85
6304085,2026-07-20T13:19:30+00:00,1a71e73177a817e0217faff29f8dc57d172322886e39eb315f2b775d6af66a0e
6304086,2026-07-20T13:20:00+00:00,1c2234bd459a3fb2cd3ea65928ea8c9647f0030554fea4635291589e530b4688
6304087,2026-07-20T13:20:30+00:00,258a620e60b412eca9361a7057cf0b530319a4e2c0964e3438fe6b3fe34a574d
6304088,2026-07-20T13:21:00+00:00,2037372e712389019ee7e3e946549a03234f4fa685ab818284349f0afa8fe5f8
6304089,2026-07-20T13:21:30+00:00,ad17a8616930b0a1f8ce4196f77a2f7844e6741fff5ff45c3d230384cbb5df95
6304090,2026-07-20T13:22:00+00:00,ab74ac1243545b97ce908075ee72911c5f3e79dabc723886fc3039a0d4279d45
6304091,2026-07-20T13:22:30+00:00,bec8ba4bca804ce5f34e0943c17a2e1186bfa22d5bb1c0ae14f87719a1248d57
6304092,2026-07-20T13:23:00+00:00,8f0869460ec9dd03cf9e43ba7d3a4a355f0fed034399e52a5e0345a25ce32130
6304093,2026-07-20T13:23:30+00:00,8d713974a39f0625d35743a0241326553492e75bff30eb7b234f7fad7a6fbb03
6304094,2026-07-20T13:24:00+00:00,8029c4a1ce3aacb875d457c9c8153d045a52a7f2534bd5470f0c28e1f970dfb1
6304095,2026-07-20T13:24:30+00:00,fabfc3376d71f7b01ccb97f36aad2d6b30b0f1c066648406e98c6d32313cac4d
6304096,2026-07-20T13:25:00+00:00,3ec7426a0d9965694b919789a123277c2da14c922c8b4acba405ad465687e3cf
6304097,2026-07-20T13:25:30+00:00,73dadc4bd9059f58c65b9c7eab65ad74c57d11a63c475bcb196a18ee7233e1ca
6304098,2026-07-20T13:26:00+00:00,99f1f15a354fc09482974d81c71356d3c9b36dbcf45fae2aba19ba989f8ac7fc
6304099,2026-07-20T13:26:30+00:00,6029f1a8e2546c7e88d06045704a1a706b29c8d1c369f10873dca08bbcf5c0e3
6304100,2026-07-20T13:27:00+00:00,d18d3b3ddd2bf67efcb98a9f4291066501a967c398770c1f5db83f7fde290b69
6304101,2026-07-20T13:27:30+00:00,6122aa3f1dd64921a1fb5b16b67e653a0cf41f8ecb9045b2c005c14047eff273
6304102,2026-07-20T13:28:00+00:00,a0d0aa8b29a12ccacc01d559d809329b951b2021bd3b02a48b276b7b3c1b6380
6304103,2026-07-20T13:28:30+00:00,52b5826f733df40246e1289c214b17ba75e259236a1aeabcbe814ee3240a7248
6304104,2026-07-20T13:29:00+00:00,4b3a35e68c746e43a2bc0f774b95bd8a62f13569d9cd66fed78206ed243222af
6304105,2026-07-20T13:29:30+00:00,8ff7fd5d3d5670ad5471dd8bbb3ad8d2f5f18912111f8acc9abe00371eac1e8b
6304106,2026-07-20T13:30:00+00:00,0f9ca5cb9d6d4ce9ae0adfa18736842972fdab04943cac9809c79617f40a693c
6304107,2026-07-20T13:30:30+00:00,a1eec107fa5636e89e99a7a94bf229ed6f39078a0d49178c68c0ce32f8d18c35
6304108,2026-07-20T13:31:00+00:00,43e7ea6290557da56f85d7a0b85a7b45c8808cd8d94e4658bf9417dcad3eab50
6304109,2026-07-20T13:31:30+00:00,87bd9d6538405ac5310f49bafa2496e19ca5d107a1ab36258ff6063434e5c108
6304110,2026-07-20T13:32:00+00:00,32fe8c20f04b4e26cc0b86815e6e1a7e5a15e041da6b3b4105f27f36d93eceac
6304111,2026-07-20T13:32:30+00:00,88af68f034876804d453d112adb56ae7a1750e5f5069bda3f30872c7cc2becb2
6304112,2026-07-20T13:33:00+00:00,b97e58f382811c54eb2366e29c3505a2ef0aba9d308f626e23b274d458a4d04a
6304113,2026-07-20T13:33:30+00:00,4c400de9a3a4604917eced144454c8cf26f33527c3288b8a330ba4f01a94c62a
6304114,2026-07-20T13:34:00+00:00,5d7ee42668f2213d459c7ce5644204622f192a70159bda017e68f594a505c2ca
6304115,2026-07-20T13:34:30+00:00,fcd07bc9bd35b19b006dc67be529e9fb9bbbfcbe409c30b74b24986d60dce62f
6304116,2026-07-20T13:35:00+00:00,2939922e205ae027ac96034bb422234e897838c515ba9187b49a003af3f68842
6304117,2026-07-20T13:35:30+00:00,07274b3a9be705ae0fc7281c2acfc8b455b738458a27ceedcaf6833fb0d68d25
6304118,2026-07-20T13:36:00+00:00,647737c2eab8830bb8287f2a2ece5d398f578677cad442a3e4cded48cdbbcf1b
6304119,2026-07-20T13:36:30+00:00,bee5d0145d8c4fac6e1e37443172ce15eee380d0572a407aab9043dc60c0d005
6304120,2026-07-20T13:37:00+00:00,8109d8742f341efaf7efb4e5097ced591bf223680a27e441d43175ee2b9d464e
6304121,2026-07-20T13:37:30+00:00,b18cc8d12b2c21783abaf7037aa05c83c6a97f235c74595a38e3950b0d0d5270
6304122,2026-07-20T13:38:00+00:00,37ec8e4b9f5a45142d126102592834bc573abe86b9ddaf9fe06450e6a03fa760
6304123,2026-07-20T13:38:30+00:00,229e0582cc084bd88c9dc5df06d1cf755907de7d05eabb2376138703914559f5
6304124,2026-07-20T13:39:00+00:00,5056cbc541c7122fcf2e9ab00f6bb9d3cea4874d1137f9713da0f70f26a33e36
6304125,2026-07-20T13:39:30+00:00,a37561d793808f2421ce9fa5ada07eb705544d68fbeccce75ffb8157734997fc
6304126,2026-07-20T13:40:00+00:00,f58d2617cfb37f21df7b1e97ff6f39a19f5c07d92df459fd54458125f6002fe0
6304127,2026-07-20T13:40:30+00:00,dba3d47122ac47c9af30ad98a3889ff73d5294cba7799daad937658e700d0b09
6304128,2026-07-20T13:41:00+00:00,4386477259e0b45db7a0197f7b8295823e97731ec79b1cfbdc906c3b3070345e
6304129,2026-07-20T13:41:30+00:00,917164c7254069556a736a5d6db42bde4f00532004469750875790f203347f4d
6304130,2026-07-20T13:42:00+00:00,6b7f48a45132686a60a6a825b6c389265a9c4095d5d70497684600988e5b8513
6304131,2026-07-20T13:42:30+00:00,bbcfd4d0ecc67838299ed2eb635d73db03d5ba8c004291764e3ef6f647b99807
6304132,2026-07-20T13:43:00+00:00,fb9e35a04ac0bd734e692689eeb00c2b2467e20a276737b45431cfe6b8898685
6304133,2026-07-20T13:43:30+00:00,9fb2be6c5f3b4302b747d91e291aaf56297d8820ae908b3f1df7ae43bf19db1b
6304134,2026-07-20T13:44:00+00:00,8a2fed1c32adad088aa91c8ef37fd5c7aac93111790a4bdde7838d96fd35b983
6304135,2026-07-20T13:44:30+00:00,37809bc658dfdb2621096d287c2c11c11c266ab29ddb6c17548bd9e1b547bd75
6304136,2026-07-20T13:45:00+00:00,24d8d6692e252ed5e691b7b5062d97e7f6908e6a02e5998af630753386744918
6304137,2026-07-20T13:45:30+00:00,6386c6c179b1ce3453064017e559bd6f82f55b116c9121f57d73f78eb274f0fa
6304138,2026-07-20T13:46:00+00:00,330c5146da1624e1c4f6baae5a75d57e92f4b9a9bfa36d8c4550a817455ca28d
6304139,2026-07-20T13:46:30+00:00,2828c3a9eff46490164d50559603190772154ca1a8f546925a7ef97bdb6db3be
6304140,2026-07-20T13:47:00+00:00,7424f0b647cb009ac1472cded78a708afecc44691f4916b1d9be29f79ade6970
6304141,2026-07-20T13:47:30+00:00,b9d21baded97d9aadce322980d7b4d97b0214a6a2cde61fada7e8ee93c269d77
6304142,2026-07-20T13:48:00+00:00,5c2dc8edf06e25685c9cb81ba6edec5b91372e785cfa8c51fa893b8db8ef6b6e
6304143,2026-07-20T13:48:30+00:00,7104dc69a4c6232cd2b849146921a25f21bfba98f3f193f3e9c5a65696eb7457
6304144,2026-07-20T13:49:00+00:00,bc3ea930c9dc25ca0a7fbba3cdb567e3608f84b379150e668228688b2026eac5
6304145,2026-07-20T13:49:30+00:00,8fc97a76442aa3ce83b790ec2bed05f08bce724c8e266804301350ea21bc8515
6304146,2026-07-20T13:50:00+00:00,e1b4ea39efaa88aa3d0776a2d9c5cae03a71336cf459dc177538ff8cdce908a9
6304147,2026-07-20T13:50:30+00:00,c34e49a5cdd30b70cb8f14ef3040f918dd31eba348859203567733eb5c08cae8
6304148,2026-07-20T13:51:00+00:00,6859c47d87094aae793b05b4ed7b831845b3719eb4ad7a0568a391af3d56cd7e
6304149,2026-07-20T13:51:30+00:00,029becf07e09c5eabd76a342cd8fc60f1ac4f35c65e25a1f695454046aefe30b
6304150,2026-07-20T13:52:00+00:00,ee02d204c60edc8d5149671861f5d191a10d70aaebbfce79bc154ac385955482
6304151,2026-07-20T13:52:30+00:00,176c1b5c805ecf88d0841ce91bd92d04047faad7bc4d41e70912713dfccae3fc
6304152,2026-07-20T13:53:00+00:00,7e693900f67569d594aca8980b54bf153c9385e3eed80d1f7ca6be2f5bc060f0
6304153,2026-07-20T13:53:30+00:00,d8df851a07a3583dbac7844a7c120edcc351ea2c32dde8ec4fdcd5ae942b95ce
6304154,2026-07-20T13:54:00+00:00,00ceb1c9b43620d0361f81c8b4c54bb45be050f0cd768be855bfb24bc967b125
6304155,2026-07-20T13:54:30+00:00,99eb358bcb3537597c9e1ec13bb5419116994ec490af97851f4d3e280633f4fb
6304156,2026-07-20T13:55:00+00:00,411899478695f57929cf9309c604cd5e312adc82e932390ae992bb6cad5983a8
6304157,2026-07-20T13:55:30+00:00,14e03a0f91f5dda67c533258c7d0206e386686ca182316cd1d915d28beb5789d
6304158,2026-07-20T13:56:00+00:00,d3be188bc4633899880fc0db17f61bbb8a550dd662fd1e518cec9f80175b93bb
6304159,2026-07-20T13:56:30+00:00,ae1826b6189b7d1a3f7a413af3655ff9bb4dbd0e89d88febe30728d8f2a2dc5e
6304160,2026-07-20T13:57:00+00:00,d0a344aec4d38d2b485dbe61b6de1fa5170f8c9b1edbd192f0d8519db6b9eb01
6304161,2026-07-20T13:57:30+00:00,1d8d9e1dd5e28dd8925681a564460dbb0e85cf6b4dc4449f9ac630b0fcc492ba
6304162,2026-07-20T13:58:00+00:00,6242b9534c908094ac3b0c486234d515ff8d56a66578fd8ec3f576644779bd36
6304163,2026-07-20T13:58:30+00:00,3ef5001177c4e944b971e99e82d4195caf5374d34d25fbbc4697df6633c53daa
6304164,2026-07-20T13:59:00+00:00,01960ca9114731dbe595457c761b86ac14275b09f694351ccff080a25e4830e4
6304165,2026-07-20T13:59:30+00:00,209feea2a45cf42a20f8e8720379ee41d9b09171679ceed4d6c30bf4439338b8
6304166,2026-07-20T14:00:00+00:00,98e689bcc9c2e67a0b2c8f7a351394b82d47cd36d8ae1164f08c78ce9a70fdb9
6304167,2026-07-20T14:00:30+00:00,adb1d6c8f3995ac893a1f0602217faa9d4e3b13ddc7ad783b4c8d1b51f26ca9b
6304168,2026-07-20T14:01:00+00:00,99e4b9fba2bfad4e310482626e694de55d03f0fc04b4fdb11dd8d4cc39941e75
6304169,2026-07-20T14:01:30+00:00,de8259aaf546c9cb77ad7dc27e8e7285858a39866cddd0444defaeb757424a77
6304170,2026-07-20T14:02:00+00:00,f530af9bf87672bb6b75ce816ecf55570accf32390f423bee35b140d298f78f7
6304171,2026-07-20T14:02:30+00:00,c746dc8be0bf0351fa3ffca16d6b98a486b383846a3b13056d62d80b267d9945
6304172,2026-07-20T14:03:00+00:00,b53c7d8a2c2786151d9a4a35842cacc9020809848085f952df48f701b2c05825
6304173,2026-07-20T14:03:30+00:00,626e52a7dbd0ba62e15f473d7bc37ba70af1571cc5e699f422c042424b43c34e
6304174,2026-07-20T14:04:00+00:00,3ee97940aff23b0fca7e4921137c61c811bb80cda95ed9bb561bf659cd9c6817
6304175,2026-07-20T14:04:30+00:00,58835e9eab613312513fb47574dfaf4cbca27fb8a9b480a0c9bc96a54df80f22
6304176,2026-07-20T14:05:00+00:00,f2ed89964432bce62d44558c2f5452092298212a6e895c1d501f544ad8d33279
6304177,2026-07-20T14:05:30+00:00,2471d1e1dbc2355a9dcd5fe388af8648cf28613ff196a1f408986e6b73dbf32f
6304178,2026-07-20T14:06:00+00:00,161908c8735513650af613ea9b3c9df23714f8c26bb11df6756864452432fae6
6304179,2026-07-20T14:06:30+00:00,c19215d7d2d10f9d51b7f171db14e0fe2329b28ff19d2fd7bbd813668da34759
6304180,2026-07-20T14:07:00+00:00,48d5e6ad346ee0660cb08d03f3ea2af8ccfc37eba6dc0734a1f9c15c01fc61ee
6304181,2026-07-20T14:07:30+00:00,4bdf0108d6fdac99e519f65c9a406fd758217afc7ccbad0314b2aedabd89a63a
6304182,2026-07-20T14:08:00+00:00,74e861ae45f4ea31f2fb13728e69145e47bbeedcebe5a174a7b5133aef268dad
6304183,2026-07-20T14:08:30+00:00,863e60b9db67efbb47029155d3b9b1c72c8d49862d6b34555e39177fb0ec3b84
6304184,2026-07-20T14:09:00+00:00,73cb184c1bc2b1f608b1ddaec15ace32b0f4c3557b23c30318b1c629fa97ba93
6304185,2026-07-20T14:09:30+00:00,176c1d52810df4a19a569a52d25d962146dff33e210f74b73a37bd942a8d6276
6304186,2026-07-20T14:10:00+00:00,83bc7318be09a5f84c7f17cd4f3a8ff2fc16e87e816a126b7c4c628f0d360677
6304187,2026-07-20T14:10:30+00:00,7e3deec4bfe74cfafa1eb18f3286171acd19be422bfe7197088ea35a7c62f01e
6304188,2026-07-20T14:11:00+00:00,57b83755755b0c53ed6eb5843520f1a5ca08d534ec0d86d1ef0ba22500495fb9
6304189,2026-07-20T14:11:30+00:00,e2333fb41876124cccea7501150769c1bbb75d1f3199a3ef4c4ebb5bf193864f
6304190,2026-07-20T14:12:00+00:00,24a2597edc174bc9a50f12b954fa2c9691ae9120d546ec49543974acb10e9589
6304191,2026-07-20T14:12:30+00:00,48c156acc754820ad10c2a50c1364d3a47392c30b11fdb305877686c05c6c5e7
6304192,2026-07-20T14:13:00+00:00,d5c17d963e165f5921ca808e0a81e1bb1b634aa3a2646c8f975a4e9c72f9802c
6304193,2026-07-20T14:13:30+00:00,06bb703fe6e70a6ee333f50462a2a4230a3eb1226a1f97216e1bb90ecc7781e1
6304194,2026-07-20T14:14:00+00:00,46b9a802a532286b3d42c863c2b175f6472aa6e2244abce0e49ada7236b07bb9
6304195,2026-07-20T14:14:30+00:00,a6e3ef9c6c7747b7fe90b4a601253e1bded792f9bae212c5a6da99ee84f79169
6304196,2026-07-20T14:15:00+00:00,885d564c9a866785cad5fa8e1c3c44954c84b2aa1198375731a18d9ad8933287
6304197,2026-07-20T14:15:30+00:00,143a9d023a5319ccf35e6774cc178c39fb22fb4a58d738bf8112c3dabaf112f0
6304198,2026-07-20T14:16:00+00:00,66580b3707d2879a5df0d53c53c2c4d769358e3df89e4be85190e0cc4284501a
6304199,2026-07-20T14:16:30+00:00,58fbcd89d6c6eb9acf76549807095b6200fbf2634e5f213374a166117fa33a24
6304200,2026-07-20T14:17:00+00:00,62d8da48c797698cd77d0c8491c73304f8533865aaefa9dbacc46019e7e29906
6304201,2026-07-20T14:17:30+00:00,d7e908bb71f4731e996e65962f25da2199c8243116f43f64d9fd5625692c3d53
6304202,2026-07-20T14:18:00+00:00,0cee73d082609d4412d6e6d46688c8d015b35e2c4b443fa126163986320781ed
6304203,2026-07-20T14:18:30+00:00,68a6fedbd73085b94dea7e2aee155c9efc5d3eb7e9cf1f6974887066a9d82e70
6304204,2026-07-20T14:19:00+00:00,055c682ceea3981b6a397a17316935989f16fd08c39997901fc0889842679d98
6304205,2026-07-20T14:19:30+00:00,f6a6b02e81f6e7c0b1d6aa4f7aef2317a724fce24117c48e871d52562d29d7e3
6304206,2026-07-20T14:20:00+00:00,4bc84432fa14536dff384b9c4d274e3a7ad156d53a2e471215a5d9a1916852cc
6304207,2026-07-20T14:20:30+00:00,fcb75aa5897d9da0b795b411260fa10323456ebd7e8ceca658aed1cf63cc8b0f
6304208,2026-07-20T14:21:00+00:00,c101ccea9c2c1a6bb7ff2d95bd9d9f79b64ca647e3d056767ab473aa7b0ed77a
6304209,2026-07-20T14:21:30+00:00,19f1a3b32d4b75f8684e2c6d3902eab79869a04d478403977a88bf5676a4f6b2
6304210,2026-07-20T14:22:00+00:00,b40cab94e80676de5b4b3f200cfc6ddd19f8a0e084818c7665212d8c0c0c5257
6304211,2026-07-20T14:22:30+00:00,8881b337d52cfa4611ad119a7f869babf67de8e92aca6b7b3f1bd9f3a4350b11
6304212,2026-07-20T14:23:00+00:00,29c93a8f928af099d3c458bf47ed30b7f44a40d57aa75f586f5a749162bb0e82
6304213,2026-07-20T14:23:30+00:00,bbcafcdbd6262d1e3453a23fbe720ec3b4fdea59ed866bfcfca53b28525188ba
6304214,2026-07-20T14:24:00+00:00,5f026cf1d9b64343842d7be219b39404c2eb868a77121dc3a8a7fd4128426fd4
6304215,2026-07-20T14:24:30+00:00,2e420cef98a369322d1f8e738fbbb0747edb38ec449b3dcab1b8bb37e05b432f
6304216,2026-07-20T14:25:00+00:00,528c792c679375698c88ec1b9ff46c93adacee0ad212120299a458276f8b9b81
6304217,2026-07-20T14:25:30+00:00,bac89d56f3ce942eb2250321448f7c8fa1b1e2b5fbe4dfd5a19a970c643920f0
6304218,2026-07-20T14:26:00+00:00,29a96e6d9380e5b4e741aba3ef323c43b73e110c2c32c40b192603224c9f19f2
6304219,2026-07-20T14:26:30+00:00,def82bc843cba081656748f511fbddd0dd2a3dfea61414d46ddcff4d12752c7e
6304220,2026-07-20T14:27:00+00:00,0787def3b8f3e3c96e96bef48e39eeaeec5778cdd7aaf77ebbfd3bf2f99b2607
6304221,2026-07-20T14:27:30+00:00,7626d626e0b8cee1492879b3e9692b5fff36f85b0154d8a3b7fcadb732241380
6304222,2026-07-20T14:28:00+00:00,87ac327ad661a5a08d6d0049404998381c5ad447222729fb7c7c81697a43f78b
6304223,2026-07-20T14:28:30+00:00,503d6e361b3e5aa336f3436bbd881d930d5ef46db87313d0fa503e174396c0f4
6304224,2026-07-20T14:29:00+00:00,9a27a181ca6acb6d765df28ac2134c0807a807698536b1868f5cb4359daf2e31
6304225,2026-07-20T14:29:30+00:00,bb0e20af8ee0c2478400a72759b06f75930962d214de14b6ffbd58f1628ded20
6304226,2026-07-20T14:30:00+00:00,11d1a6dcc035d2e3d25176a8dc028f2eb3747516c3dcd8de07306cb82ad72837
6304227,2026-07-20T14:30:30+00:00,b1ba97662effd2bd94d98e2e6fc9134a0ca1a29861e4f66315e76b1d81045b75
6304228,2026-07-20T14:31:00+00:00,3a6f2e91cd7a44a20d02af9e4575f5c9c7af92caaf11542893699df75889c8aa
6304229,2026-07-20T14:31:30+00:00,7b0af4d339c80ee38d20503450ab9d72be3ba30511f0804c1c281e13f7632277
6304230,2026-07-20T14:32:00+00:00,800479d4ddba91ad00167e8eb12dd2ee2aa1832b9965deecf819c95cdeb86aca
6304231,2026-07-20T14:32:30+00:00,2368c38e8fc56b2de1cc05bec9bee1861d07382c995a9706501611495a6e1fe3
6304232,2026-07-20T14:33:00+00:00,9d2466aa8f8579543a183579a5a00a5ef7098dabb1290ae1c644d3887d40ca1c
6304233,2026-07-20T14:33:30+00:00,d4cffe3bbacf4e0cc97797f79c2796fc5c99dd39a909711ada656f79c8ae2ac6
6304234,2026-07-20T14:34:00+00:00,cb0fe4e66523f1a14408fd2362a09dfffe24ba6d00acaacb2cc613f4dddee924
6304235,2026-07-20T14:34:30+00:00,028a6db2473a1cfbedbe82de9b7d8e46c02ecf4fd28f96edddd87c77c814205b
6304236,2026-07-20T14:35:00+00:00,439ad1bb52d99553aed551a3617135b2e5fabb12eb2afeaedcf78d9d2bbdbb34
6304237,2026-07-20T14:35:30+00:00,8009536c42d8b59ff4595d5ebf5a1ffcd819e0599d73210ad678f12eebe8fdf4
6304238,2026-07-20T14:36:00+00:00,bc17375ceadf8f6a987985a97d5fb41a90b0369d3456b2965ea3fa6ce57e16f0
6304239,2026-07-20T14:36:30+00:00,76456632de4623eb25b3d357a40fd941dc70fac6d78c811079177fa652e7518d
6304240,2026-07-20T14:37:00+00:00,31e3144fac45b318a32f380c7fb56a48993b88352e9d7f88084f86cae08cd0d9
6304241,2026-07-20T14:37:30+00:00,b09e5145897d85db3a7ba1d60e2ca84b35f9ecb7b6d72ec00a44abea08464656
6304242,2026-07-20T14:38:00+00:00,33e6c83ce981047f074b27c81ee2d81975f9818df468813ed9791db191a05472
6304243,2026-07-20T14:38:30+00:00,4c52ed7c99bd3e5af492603b8a1362657e33dbcf188f776e2e79f1318437bd2f
6304244,2026-07-20T14:39:00+00:00,bb0d863dfaa88ff8454f5861b7248c89114917c5313659be43161a757bb9095d
6304245,2026-07-20T14:39:30+00:00,dad22c3c465b0d3ced32611c9ff585d1cb58ff9ed93561df5bcc07a20f1a3205
6304246,2026-07-20T14:40:00+00:00,bd3b6deb9c0ca5f5f37a3ed04ac75ec69a8ba3136c8c7fd255f596a34863d16b
6304247,2026-07-20T14:40:30+00:00,fcca04002dc9f0328c0195602a50bf011a0b917d40664e49b4c081fc042edda4
6304248,2026-07-20T14:41:00+00:00,52e7956d8a35ae84fce5e15714d46760f3b2950baefba5f9268073b5499cce37
6304249,2026-07-20T14:41:30+00:00,55e7febc56b9cecd9e321739ddd11a7513648452b9006e2140341a1864f128fc
6304250,2026-07-20T14:42:00+00:00,64885cb16636fa2e3be24f50b0e07043d0bc28b3439be83a48dd67e6d3d63aca
6304251,2026-07-20T14:42:30+00:00,c560118e446d54d8a233702a5f9481bcf8fc5d2f1a6b946e617456e1cb042869
6304252,2026-07-20T14:43:00+00:00,5d0345633bdecd949551bbec7deb33411c0354bb1863dded423265c39940d45a
6304253,2026-07-20T14:43:30+00:00,b40d539e0b928a456fc400e6189c0c8836c401b538649818f0c6928b264ae8e3
6304254,2026-07-20T14:44:00+00:00,536e8acb43cb478ad5b54130dbaac5fa6c9ad94a0511265fa80e92e9dd0c9608
6304255,2026-07-20T14:44:30+00:00,1a6c2051c33a99461cc3a70b19678967fa5e3b000446fa8ed943dad89ed6198d
6304256,2026-07-20T14:45:00+00:00,b093f7892a2c082b8c4c9b09b884830096ac1ead8889a5a8fa9078855985ae94
6304257,2026-07-20T14:45:30+00:00,4313dc7459f37509132b4a656c548eb2ef0c75e53827c846c3cfc284d60b24bc
6304258,2026-07-20T14:46:00+00:00,78fbc6613d5fc05e40cc567c3c85d20f7058d8c67a8d38e76bdde9226fe38b39
6304259,2026-07-20T14:46:30+00:00,e4a09c01a7347946d099f943307885313d05e01d8b61118c1c9669cc5a1e51bc
6304260,2026-07-20T14:47:00+00:00,4f11977049100345ba67811a3d84360f2eee0fcc59a6440f1fc6c24a12e08c74
6304261,2026-07-20T14:47:30+00:00,c4b7194e1e232e8c3aa9540b99c63a4395e36bab3b66be5088378678afa9371f
6304262,2026-07-20T14:48:00+00:00,dc6ce852c0039faae2e51728e83462839c1cc6208c1b7de315c8ff27f46aa6cf
6304263,2026-07-20T14:48:30+00:00,59f2a63106b70c0c717651dc19ffd624104874eeedc4ade62b1d99737a895e65
6304264,2026-07-20T14:49:00+00:00,a11b936a2be5d3caff1c5cdbf1de8ea7b50dcb1130c9da840efa0536270bf51c
6304265,2026-07-20T14:49:30+00:00,94ed245568caf6d0a7af8663b2003866b76b5ac95ca7c6c33eb65e22807cfc87
6304266,2026-07-20T14:50:00+00:00,61f9a9c610fd74fab85de87135ce69b445a27708f16e6733875cfc6c1d59d6ae
6304267,2026-07-20T14:50:30+00:00,6c1e9a437b27637befb36a7f6b7b8ddcceaff7f93d0bb60bd6eeaf3897f9613b
6304268,2026-07-20T14:51:00+00:00,42e0667eb18d20ead8cb4ccb19ebc506bf9f2c89cdc72fa2d3b2c85cdceb0633
6304269,2026-07-20T14:51:30+00:00,adf954ca9115dee89f2df3220f7689c7ee5703b3c0e8edbb84a7490f97af15ff
6304270,2026-07-20T14:52:00+00:00,33ad1b06d3b2d6f23f46bb50e8827eef413272da47ea2637cd96d75ffde32540
6304271,2026-07-20T14:52:30+00:00,7874b0966b632841d7a7ee0c1a664783a66242b6f170eb1623d7ee0c215f6387
6304272,2026-07-20T14:53:00+00:00,8a5ddc595b2beaf6e18fa606f6db637332b557a410e2773116dcecdbb668d8e9
6304273,2026-07-20T14:53:30+00:00,8d6fa055976ac669640043d76b8c0ce0d19e61e9d056a66152cc5013e4025f1a
6304274,2026-07-20T14:54:00+00:00,d22937e75df9b732b5908862edf6a2b95b9b04e80d04d679c5f93ca8daede961
6304275,2026-07-20T14:54:30+00:00,6d18f503e71e544ea61e3b254e012c69e3232c388d6e688974b4f6875bcb7567
6304276,2026-07-20T14:55:00+00:00,2535b32aa6348bf0713e83853986cedd80118a7dacf6b93498d6659a556a10c2
6304277,2026-07-20T14:55:30+00:00,a7e07a04f831f426fc1aab167a3c9803a70dea3f8e2e2cfa9a9fae9ca71fbcf8
6304278,2026-07-20T14:56:00+00:00,252703c7ed8c0692fc39bd738442d4d90fb964708e57c0a2f3e2825efa14d12f
6304279,2026-07-20T14:56:30+00:00,3951f4e0e5c77efedf663ca5c5350c5fe11a8dd8ad5e47dfc8246a82848b2943
6304280,2026-07-20T14:57:00+00:00,dfc7841ab9f0b22b906bb69348d035cc3146443c233a9f744fd45255e42beec2
6304281,2026-07-20T14:57:30+00:00,973daccf5f5101c332776a19d59d7a16729615d31402c501e1599bf73a5fa3c6
6304282,2026-07-20T14:58:00+00:00,c15d45a21a81e0822e30227085bf302c383aebee850f180cee32dae178b75873
6304283,2026-07-20T14:58:30+00:00,dc1585fb1067bdc840de594f1ba1ceb856f4c5d31d085efdcad327be2659a917
6304284,2026-07-20T14:59:00+00:00,363d74152f6f2f8cb89b5df35da6ffc15b02642b16fd0d1e0d8a33ffcda75f4c
6304285,2026-07-20T14:59:30+00:00,f394790ef8e29d23cfe2f672bf98c20d69ea0350412f37fb215b6d6a09ca743e
6304286,2026-07-20T15:00:00+00:00,c7acf36b3a407aec18f502bbfedf510f211447ed10fc98bcbffe0e9e2490acc4
6304287,2026-07-20T15:00:30+00:00,b47a535f1bc54d27e21c68e50e7cf0f6ee5e5bc262ebb45f3dd760b2ea39a912
6304288,2026-07-20T15:01:00+00:00,8744cb4accd4b069f9fdd7d9ff9180801e70f59e5a69423300f14f2aef0346a8
6304289,2026-07-20T15:01:30+00:00,5de01f40057217a320694990aaff4e1775ff78289c79f6547ae912011bbfc188
6304290,2026-07-20T15:02:00+00:00,53b67d9c27aa031eb550bf0d83e2eed6280b2d48ac8b55cba29b25425857325d
6304291,2026-07-20T15:02:30+00:00,51d205e20dc03dfa4816bce7e6eba88a7e5e9cf513db7e84945b6dbbd655926c
6304292,2026-07-20T15:03:00+00:00,c0cb2f1973fa672420ca6d97c49c24e60a5220d5dfc8e7867d53e8ce358810e6
6304293,2026-07-20T15:03:30+00:00,ad4eaa57a8b023dadb1bd2bd211b94269933602e7e78c1dcb6996f1f57898e75
6304294,2026-07-20T15:04:00+00:00,10701d005b91292e28d22fc4240a829be0697a46362aa86b1d32fc0d79656ffc
6304295,2026-07-20T15:04:30+00:00,82b0945326bab7f257b723454c671dc0d8a49d97b4f56689df6c0b60793bf761
6304296,2026-07-20T15:05:00+00:00,5d65b4a2f30217a5d36855fa7e07c082cfe206c5b50885202db5c7b800d545dc
6304297,2026-07-20T15:05:30+00:00,4a3121027be009f987c9f536e2299c71819a3fd9b0ca0e689c986b0369332e50
6304298,2026-07-20T15:06:00+00:00,5a873d1874d9be416e7ef54ebbe5e6ecd0203386536d957fe730ce203a77cd89
6304299,2026-07-20T15:06:30+00:00,c6ffaed61ba3e1624ca952444b0ec7b440d426ac5203b51c05f262bd6b9fd2ea
6304300,2026-07-20T15:07:00+00:00,a2cf17bfc3b0340bf875a4e7d943f267dbd8c9ef950cbf74f09c5981f98469fa
6304301,2026-07-20T15:07:30+00:00,97f2dfca5d70d9f6ddd4716486ea620d789513e3a3fbf4896dfdd75282c3f5a9
6304302,2026-07-20T15:08:00+00:00,6ad75d1616b86b878d61a16019dafb3cfb9bd05b6d0fba9fd245a4020dd55894
6304303,2026-07-20T15:08:30+00:00,36c433ae8b6a9971c68283120d6b556edb812726529f04aaa3546fd68048212b
6304304,2026-07-20T15:09:00+00:00,1cf7cf52fb7bc99fd129c965fbe5fec0ff4776f4540208884599b2e59da24788
6304305,2026-07-20T15:09:30+00:00,500829a491caa641ffb7eaefd9a4313c71e1404d93444cfc5a7cb9177f1d0345
6304306,2026-07-20T15:10:00+00:00,ca736ea2938050d0f6ea002caced3bfa475aeef8e7dc7bc00a9e005b06fe391d
6304307,2026-07-20T15:10:30+00:00,be361a978ed5ec2c208eb5aced7482d91a84a1826c23da1f0a9b81b0f811004f
6304308,2026-07-20T15:11:00+00:00,4c3d2c58bff66b22a26252817884550917a6a81466a4c6f7e5ffcc7c9ff20864
6304309,2026-07-20T15:11:30+00:00,2f3ca81f718aa2bed8d06381e714300d452560217cffb34f391517ca21f05a8f
6304310,2026-07-20T15:12:00+00:00,c467e74384e48825d8397e602cae022d46ddad856b554db7f0319bd8be472943
6304311,2026-07-20T15:12:30+00:00,5c5cd66cb862db2b66557619ad2e6d4c7a579b8ad5f96af23f0f6be088e7e487
6304312,2026-07-20T15:13:00+00:00,dac46bb48c1b9b1c3770f628f53fd9db98c9aa23c61b8e733b04ca34bca23a78
6304313,2026-07-20T15:13:30+00:00,8e7b13a70a2670f454f0decd6d7518a40d782d4a5b80dc09a005182a914c89fa
6304314,2026-07-20T15:14:00+00:00,05b2d761fb8d227886402a56c3556d942d837d458ebe41f15b613c6d422c2351
6304315,2026-07-20T15:14:30+00:00,7f7a292208ac0345b37c994bae903817f187045b451677a5b8900b39e8686db4
6304316,2026-07-20T15:15:00+00:00,53b0fe1d627d612ba138d35fb65aaa4fd274cee13f075995fe36ac0c23243ddf
6304317,2026-07-20T15:15:30+00:00,19ddb777e3c5e2ade8189ac07144db977b68b235937b8eec4a5846268e3471e3
6304318,2026-07-20T15:16:00+00:00,35d752ec9f15962fb54903d7d69c9fc79e3fc9c10f1aa96499a0ecbdf6b33669
6304319,2026-07-20T15:16:30+00:00,1e625fe6be359169df09e1ca14c9bab3b2a628456630074b69ddf87b517545b6
6304320,2026-07-20T15:17:00+00:00,c538d8ca4a63fc72ce01d4d51220e56302cf74eef18e7d1836545ffa743714bb
6304321,2026-07-20T15:17:30+00:00,07d2b359d946be4b81dd56aac8cd2f32d50eb42abc7ae802580cbd3db8d1e88f
6304322,2026-07-20T15:18:00+00:00,3d1bba0d1d11756be9f5151d270925a547b4755c1f221e5474373aa6869a8922
6304323,2026-07-20T15:18:30+00:00,0aeb6b9cd32b73e852863467da20181cd2dd8193c515dee3cfd6f90d7fadb839
6304324,2026-07-20T15:19:00+00:00,28de6541b4f2103a33f63960c1a6cacd71042b4e28d74304ba49acb71be0f58b
6304325,2026-07-20T15:19:30+00:00,ad1d42c4bd4a278fdb2630eb575ec7613f2e8965d1a20a856cd95cf9e3807d28
6304326,2026-07-20T15:20:00+00:00,c24a8006b8dc71b7034d9d08fe807b7627fe4ceed3a45c40f7813ec3685d7524
6304327,2026-07-20T15:20:30+00:00,b1a80a7a39ed8eda886a6554b9733f94b219a854beadc3cdabac91da428df38e
6304328,2026-07-20T15:21:00+00:00,0cd9d79b81534fe6073d5fd1838d9b581f9028055e431248717e034ad9224e1e
6304329,2026-07-20T15:21:30+00:00,ad2462c66e12e32452a7f6223883d50bbf6265f52c5e1575b9170b3cf4228135
6304330,2026-07-20T15:22:00+00:00,e4a2f27945d5feea76271a1869d9c6762c8dd6ff4320d34cdc2acf754ff8594f
6304331,2026-07-20T15:22:30+00:00,46b78c9dac5f8d3a82479cc19d9cdcf1f0d819125d35d6162251841891c23611
6304332,2026-07-20T15:23:00+00:00,029cfaff9eac1978268499fed8f25b6324f773a762ec676091005f071c0f5161
6304333,2026-07-20T15:23:30+00:00,6c301915bd65114ac263794c37b63db536edfbc523d69010aba27860f02692e0
6304334,2026-07-20T15:24:00+00:00,243328c39d2b3e018944019ff97964287e247a6c56f0c282ddc7fe9a81e72f26
6304335,2026-07-20T15:24:30+00:00,5f6fc2d74ad91a5b357ae26ee1f925925fea6b15e8fbbbe2b2b24cea8e4eaf58
6304336,2026-07-20T15:25:00+00:00,2c2d4f6c5302021d6d1730f6bb512a3ee16f8da088d0e971c4293aa287c7d909
6304337,2026-07-20T15:25:30+00:00,59fe3184ee1319fe151aaa1448a6817c7c25e3143d4796809f7fa3a4cc73d275
6304338,2026-07-20T15:26:00+00:00,aae816a2057af552b03db1ebcd3a296117f0daab363c5586dfef13d7508c890d
6304339,2026-07-20T15:26:30+00:00,0a27173f25383a7f843dafb59e9b36308a1f665755a8573533366c47685766de
6304340,2026-07-20T15:27:00+00:00,dd530452a27112ba5d99d3d6c774f386c62d8ec2c7afcc3d9460b856a6766cbc
6304341,2026-07-20T15:27:30+00:00,a1a80c003a256b36145dfd9a4981409c7631289df3432c27df3249515763e8e8
6304342,2026-07-20T15:28:00+00:00,8bee3537d7af946e51a99aee26f839ee877fa9b02981be7323242c34f88b3958
6304343,2026-07-20T15:28:30+00:00,1acf5a7adeee4e1d9883671523490402e97f166e3a507b959106a191e32a26ca
6304344,2026-07-20T15:29:00+00:00,55c243bb157fdb1a1bd3363c4ffe3813f790575d1a44db58228a2dd643760452
6304345,2026-07-20T15:29:30+00:00,5947fe73aa7545f363ea8ee2690af7a8cdc5e2b7a5466f352066b205178f268e
6304346,2026-07-20T15:30:00+00:00,8da05632dd3e4eb3394dc11534004de9579761308b3602ac6b08aa8c0a49df39
6304347,2026-07-20T15:30:30+00:00,dec1c1b6c2d1351872fd775f7ddab82b817b9275fbc5ae599f6913a79e613dd9
6304348,2026-07-20T15:31:00+00:00,a3c66d669fd81da58657fbbee7f6d137bb1eff473fc0efb178546f73585da134
6304349,2026-07-20T15:31:30+00:00,c665bf86b42bf274d746288e9fee3beddd946603270189a55ba2a27f1d3a3c99
6304350,2026-07-20T15:32:00+00:00,ad199c9db2b644d531d7e30ce4f71fdefea72b8fe01ad6df02f15c42455d5d74
6304351,2026-07-20T15:32:30+00:00,e61d3d9416eaf08d67674e1272370e1905d6fc63e058724e7989cb36153285bd
6304352,2026-07-20T15:33:00+00:00,a2cb57c1eeb7ee8c1196f9d409fd67ff9afa91f87c0ef8294d352abbaa69e7ff
6304353,2026-07-20T15:33:30+00:00,1c80acdff166f140a5b70599f52b5bed0f06e5177b11648ea7230db1a8b09be0
6304354,2026-07-20T15:34:00+00:00,3fadc787b33165b3cd217219654da5981b069d9bf229404f717ce07e68553b3d
6304355,2026-07-20T15:34:30+00:00,3e7f20fcbb6f14abe875d8ff68f1d103373f0a6d589018c699efbd6ff0f77034
6304356,2026-07-20T15:35:00+00:00,0829e3a7c8e9620b7bc47ae4464f2bd291f58f0016e26572966c0b8e42233dd2
6304357,2026-07-20T15:35:30+00:00,a7d9d6b00ce854000623561163c6bb3abcb61665ea38fb1dca899a6f708dbb48
6304358,2026-07-20T15:36:00+00:00,805ef3ee2175307059b412a29b0c5548868e2214416d2b66cfe3c9bfa95549fe
6304359,2026-07-20T15:36:30+00:00,afa93b7746e3be348482a4efa9f7fcc30621c96b053328db43080bb95c505262
6304360,2026-07-20T15:37:00+00:00,77d4a3bd91083b4b8ac0855467eb97012986e10ae09634495747eb0976fd8b05
6304361,2026-07-20T15:37:30+00:00,504428bfcc4c7a343771766804694b4107e49a7c2e44c874460f184ffbcf65b0
6304362,2026-07-20T15:38:00+00:00,b743f239e86a3445477f367b4a937f713e6fddebb9a52faf14194c5827c9d454
6304363,2026-07-20T15:38:30+00:00,046a8f14438628e6b1137367f2730f31d2c8bc9e7eaa7aa8c195030df4359f0d
6304364,2026-07-20T15:39:00+00:00,e0d27e3a840f99369ece0490a6255dbf3c7d61e6ad4243201ad92e693361c407
6304365,2026-07-20T15:39:30+00:00,018c93a2d1b5c3a8dde8d164a618d6bef5b7c7c6ae65964874e93fc8d1e40855
6304366,2026-07-20T15:40:00+00:00,8c12cf64415311b84e53ec04348ac4f307e741fea69d45226efdfe5eb778fb9a
6304367,2026-07-20T15:40:30+00:00,51820bd48e5394fd1f7f4da70a8917ec11827d0712e64a4e28a3bf962e28e8b0
6304368,2026-07-20T15:41:00+00:00,a39a72b7347b99e4776c3b41559b32d1fe5750b6aaccbf13d0ce3ef191f4b3fd
6304369,2026-07-20T15:41:30+00:00,87791d6c87ca085b0ab89de990b71d5d2d733a08978c64b21743365a0b0e186e
6304370,2026-07-20T15:42:00+00:00,95f62690dbab3bea970e60a503a9fc1b646025e884c13ddcf144029896e8fd32
6304371,2026-07-20T15:42:30+00:00,f28b236efef08d7e60f68348a7b0fe092aa336bfc85d409fe424d46eb089ba8c
6304372,2026-07-20T15:43:00+00:00,1b292542cecf7e2cc33257631873bff834c38feee53de3c21e296cc4d31fe479
6304373,2026-07-20T15:43:30+00:00,d97b20c978d8679703679c8fa1a52eac71d591e73519738fdb0b4319d91a835c
6304374,2026-07-20T15:44:00+00:00,9cf61cfc6d1fa14b06d394f76f384b2dfd9589bf49c8c9cee3776a81f9f9fc1a
6304375,2026-07-20T15:44:30+00:00,701b56378e0b6f47152844812e93245daf2840989e14de8e41e93afe8bf3546d
6304376,2026-07-20T15:45:00+00:00,fdca2db7bd38ea7f0fb1658005999cbd7ae10ef3dae29c1410483e2d4134d452
6304377,2026-07-20T15:45:30+00:00,81889f7c58fbb3c26dff3c5501ca42c479d7e15fe6ec107df3347abc36ff70b0
6304378,2026-07-20T15:46:00+00:00,553d8e34cee1faab8e18821d142a1e8d927eee8875e8787532c6577764080b7a
6304379,2026-07-20T15:46:30+00:00,06fc73d2dad043baede35dfd5ff94c6edb0daa78b4abc1661c9ff9557acb1b8c
6304380,2026-07-20T15:47:00+00:00,6b328c7a91b38d145ffb09f4786f83e779c57f8f7e7b251c52218ead406210df
6304381,2026-07-20T15:47:30+00:00,727f065ea940c832a766f2edc3bd99434b596a99cf70db47356405b40bac1af5
6304382,2026-07-20T15:48:00+00:00,cb517d64bfcef902b54f7a0ba09fb9299153e862302f721f40d6ba09b26e9c5f
6304383,2026-07-20T15:48:30+00:00,fdfb585ccf4850d9bbce1e956d7b5ff038aba69b8b6e62d5c65282731a73ea27
6304384,2026-07-20T15:49:00+00:00,b435243cfd4ae2ae610c90866a90a90f0f855483fd99c3f58214f77c7b5e4df3
6304385,2026-07-20T15:49:30+00:00,0da969fdb0204f641da01d7273749d65d3be0f2df666aa3287b776292daf58d7
6304386,2026-07-20T15:50:00+00:00,21611ef36fbb120de02a2e97a7de813786a8ef6b7ddba1bbf2bd96af546d424f
6304387,2026-07-20T15:50:30+00:00,9654f888e4b46b1ed04379a52a4cd435ee2bcce70b544c3f44fbf8ff51965bf7
6304388,2026-07-20T15:51:00+00:00,05b84a5484fb3412c751af7d1f275dcf2d058769f1a13fedc9a11564d4c3d748
6304389,2026-07-20T15:51:30+00:00,0eedb48d2c3b28fb46f9770b76c4e94e97a6359529ce1a181f55ac29fa2f5ef6
6304390,2026-07-20T15:52:00+00:00,adfba0c0d46c94b53ea82abc3e1a2fa27e6603c9e17ed97c9e04ee92890cd06d
6304391,2026-07-20T15:52:30+00:00,23af636ed49ddd76face3abef8ffbc2460d68e4ad086febdbeeebc21d3b2fb0d
6304392,2026-07-20T15:53:00+00:00,b47f06e88cefb109741798b85c3d033e299206e621fdfd431acd1a218cbe2ab7
6304393,2026-07-20T15:53:30+00:00,b8dcd90153cd4a93cf53261a91580ddde1d077708d414694376c6b508927d235
6304394,2026-07-20T15:54:00+00:00,b805bf1441c75298cb94bb6f78782317c673bbdeb3bc51f2a1914c6247c4d6ad
6304395,2026-07-20T15:54:30+00:00,c85726c6a7dea6a8d51832d8204d897613fd4a7faeb425def5cad659e50e814c
6304396,2026-07-20T15:55:00+00:00,3314c43b3c90c516ce104112435618247778adb4c9306d64da7270fa4849cc6c
6304397,2026-07-20T15:55:30+00:00,6cb5eb7e590fc5807b701027bb824221f05d07cbc4ace4f1bff61ff9bda0f5f2
6304398,2026-07-20T15:56:00+00:00,2bb7f239e206edcbcdb0d32493544498d90a8ccd2ca0f89e63e69f78db60232d
6304399,2026-07-20T15:56:30+00:00,687d11fd70e46239468adf2a653633c2afd35a2c675e76562838312769478569
6304400,2026-07-20T15:57:00+00:00,5910756e189eb53c781e3d00c4c8c733461b7f5d5257647f9ca4224a8a10bdae
6304401,2026-07-20T15:57:30+00:00,bdab7599d9bfe07668b104b7150e7f231e7555da8fcb42e20a338b51799b6ff5
6304402,2026-07-20T15:58:00+00:00,52cc5a60641f3545fe4c1275afafb66ae47b7ae65f5742fd6a0395d154da17fe
6304403,2026-07-20T15:58:30+00:00,62971466e9399668152fd6e1ac5bf90bfb746a85e7df7b1af7440253299ba2da
6304404,2026-07-20T15:59:00+00:00,ba259f0338c2b0e381931ecdc092d7b7f63eb1d6cecbdac41671ec9ab18f2b11
6304405,2026-07-20T15:59:30+00:00,aae937f3c26679fff9e194569910eb85f43d8ecfe88c0897b54aa173a184a1dd
6304406,2026-07-20T16:00:00+00:00,0f5187a64c346747841e2da66a305f5e14b4f2a21a8ee6846b9e84bc79eeb457
6304407,2026-07-20T16:00:30+00:00,6d6dfc4dbd3a770998f20281a7e8813ebf3e299c206a5e51391735707e99a346
6304408,2026-07-20T16:01:00+00:00,bc135085f1c25fdb5cdc1a493f25cc20e2531a882919c9b3daf4920d2777ca3f
6304409,2026-07-20T16:01:30+00:00,67243e51e9c7be6d83ecd22462008663e0ee6cf043506d7646d1271f2df9e6fa
6304410,2026-07-20T16:02:00+00:00,1447b3f77750b43ae919c78c07dbdb54a9cb02e6a88d9f407d799d819b2e8712
6304411,2026-07-20T16:02:30+00:00,1e3f7522f7f6e39fc7823a75301f9f88f94f262f328ffd5a2246069e77fc4ff9
6304412,2026-07-20T16:03:00+00:00,8b9e8eafcc40bbb6cdc62f542dca242b2d81a53ef5ed51fee39abec4df2fe448
6304413,2026-07-20T16:03:30+00:00,7bf28a16ecfd8664c98237f76898c1e0aa760ef2c87fa2762508447ffbc2693a
6304414,2026-07-20T16:04:00+00:00,a26b58868e6872a9a4b4a96e7626ef9ae4df6e652e4f2acaa4f099cef45b8b68
6304415,2026-07-20T16:04:30+00:00,3545840eb2f483c619a0c6abdf03408037cb53502546cfbef52dc1c4910ff075
6304416,2026-07-20T16:05:00+00:00,4ec51dc8e144543ad3223b392172dc7371e74e6b15debd8e89124dbe5d345c63
6304417,2026-07-20T16:05:30+00:00,ea5241ee754d2281ec9bba5eb47787698a1674738cc3218c953d4ddac689212a
6304418,2026-07-20T16:06:00+00:00,87ee023dba44bd55499a2af41671c6ae87f40db0c48b27d69f9fc3768ef89acd
6304419,2026-07-20T16:06:30+00:00,20bb4d69879fbe35ef19a6118ecb9cb00e64df2971857cc163029b43f8d1eb35
6304420,2026-07-20T16:07:00+00:00,9bab240de1e649d5bf5874a023f6d810c8bec443e5cafa918406e7b68b88f022
6304421,2026-07-20T16:07:30+00:00,327ca90d7fe5e59efef869c5cdcfa87da5729299ad20e20a4b14c3aa476a39e2
6304422,2026-07-20T16:08:00+00:00,530384fb07a1155c668044c628940e3f0c6d040fae4a44a02d8149d4ee9a3a70
6304423,2026-07-20T16:08:30+00:00,7b1ad186be2ba32b99d2e19432f36a7cce96518069a90e17ee3f7978dd29fc61
6304424,2026-07-20T16:09:00+00:00,c46a75bba7355e89977ee24884f5917822350784c5b49cc23fab5dcbf8c10f10
6304425,2026-07-20T16:09:30+00:00,5096d240837eb739e8105954967022fef5fdcb800b0fe17d5ad0afbc3e96ccbe
6304426,2026-07-20T16:10:00+00:00,74252061a356e48908425d8d8ac9d72c5ebdf388e0c2a1a60a19e1158130362b
6304427,2026-07-20T16:10:30+00:00,b525c60e08c0c8ea7162a9ba0582deafb026db8a9f5a47a11fe1f6c478230595
6304428,2026-07-20T16:11:00+00:00,c499a6821e3485b1b3ca8173ebb8ac0af16e15fa12f811ba35c5c58e6bb6103b
6304429,2026-07-20T16:11:30+00:00,2717ceace7a5ef7b7429e16333304a32a74b786e1e1b4138b4735b1fc883c9d2
6304430,2026-07-20T16:12:00+00:00,fa71f73c47ad8741c4d03a4b8f0b0292a15a732483dc521d509a101dac155498
6304431,2026-07-20T16:12:30+00:00,d2058539a5f9f194b91e356861dabe8bb8c42e5e7b5c6b5e5ba98f9c87c32e87
6304432,2026-07-20T16:13:00+00:00,9c3b19b3c7516a928f2663a0a4f61970e16221591b1009f2a87f17cfa5b40802
6304433,2026-07-20T16:13:30+00:00,89cfa44eb75a530663ead67721dce548e3dd5115f79e99ab4967b770c3b6d66c
6304434,2026-07-20T16:14:00+00:00,ccc919b3da56bdf49cb36fe4f465771f76ca936b13e80ccb01d0988b7c83df6f
6304435,2026-07-20T16:14:30+00:00,e355519514e03978d44766d2fd6977c3122560d907df04ff94b75a9395f099cc
6304436,2026-07-20T16:15:00+00:00,a815369c3ad15bff20ffce4a10bb6108f1bca0b65e7ae467dee04b5920927dd8
6304437,2026-07-20T16:15:30+00:00,785613cce96df92859e2cec251ca802dfb073f951c263fc9341abba5063b6319
6304438,2026-07-20T16:16:00+00:00,23ca51bb937750e5e7dde27c08215503b6e5709db67b64b57d2f146615f24b34
6304439,2026-07-20T16:16:30+00:00,1c4bcebef70276bd9d22ae9a68316c649bc8db09e5d578f5653146c15f4ba17e
6304440,2026-07-20T16:17:00+00:00,a4e339188c28a0a7ad03606f2bb8f79f81a0c58c35fa5fdb79319ee1e9121fe4
6304441,2026-07-20T16:17:30+00:00,dd350f92d0ca146dec2528159051e389a88dcd28286237c1b7776dc5431efb17
6304442,2026-07-20T16:18:00+00:00,692358030f1702d3c057d646e2f5289e4135adf36574e496cb1a9d8972da9f0b
6304443,2026-07-20T16:18:30+00:00,7a85fbc066854dfd0283a86c84b4bde972043aee472b654fb3639adff2c45370
6304444,2026-07-20T16:19:00+00:00,3063a838b03ec5b44304a8aa2557df89085f8f371bc7e433ea2a69d9f0fc481a
6304445,2026-07-20T16:19:30+00:00,24f3e1c9c3b6bb7cfbc2ed11635b50de072db69d2ab62061ad443a78ae6ddb9c
6304446,2026-07-20T16:20:00+00:00,aaab56c8a85a334615d3d9c1a13aa3530cec0ec04903c60d7d01a84eefb94616
6304447,2026-07-20T16:20:30+00:00,2324629c855f1ad2d38561f17b2646307c066436bf55acdd175c2b2ffe4101f7
6304448,2026-07-20T16:21:00+00:00,f4e649eb7333824c8105908121b9296e4d6ac8d7f9925166334918ddf6bebccc
6304449,2026-07-20T16:21:30+00:00,0f8944ecb1dd8da5184585e49612b5bc74ad5dfd266a3b1ec5a60453ff6e595f
6304450,2026-07-20T16:22:00+00:00,c11285f2c40f4e37d41fa779d3b9ebf247e66924e6d5a1dc6e849f4fa8d479fe
6304451,2026-07-20T16:22:30+00:00,29e9e9292d77f78f70384503cc0860411a560971a4c65473fbf9e6aa028c046a
6304452,2026-07-20T16:23:00+00:00,ed464d695cbb4db0aadc3b66a6e6eab4fbe4979a136a30baffbf37126bb24a2e
6304453,2026-07-20T16:23:30+00:00,2002e2903246ca073e4431035e3d80ffb1599dbd92455584d3a2fc6fcbc4e0f4
6304454,2026-07-20T16:24:00+00:00,9bb2d2009a4ce32418728173ee290945a07692894f1c971a939637ef3ad40069
6304455,2026-07-20T16:24:30+00:00,f7db6e6fb471ee917e74c8473a4ea89255552c94a8d103d39818ef5cd296d761
6304456,2026-07-20T16:25:00+00:00,e9e19457cd11e4b2cceff50e8a521dbba573ce4f442bdc8efd6be174a03867d3
6304457,2026-07-20T16:25:30+00:00,ed98a709fb168cd47e59f746edba3eb5ad83ea533e9120686829a50286fbd530
6304458,2026-07-20T16:26:00+00:00,5cdba55dd0d54ecb00067789c694001565292a1783afefa730d2a48a1e220832
6304459,2026-07-20T16:26:30+00:00,57119b817ee293cbfad9b2cffbaf00b15bc0877fc08390545e1543414b2990b4
6304460,2026-07-20T16:27:00+00:00,7093f83c9b5f4f07956fe3ab3fe79200aa0ea2e730abac272a3bdc81daca8078
6304461,2026-07-20T16:27:30+00:00,40fcadb2c493d0b4893e82cc0289b3447c788c1373c21d4e8f886cb6277e0b8a
6304462,2026-07-20T16:28:00+00:00,f0852f533675751f7c09c47eaf5e97d2beb1b420c59a2fe2621e8191f4ac0f3c
6304463,2026-07-20T16:28:30+00:00,544d192a85e025796d74d31a16428a1226fefcc7303564ad1542665e46eb3c40
6304464,2026-07-20T16:29:00+00:00,23fcd72b4ece618e4a8d2306451b57977dd6b3c37f76d16b13d89e027cb7cf5f
6304465,2026-07-20T16:29:30+00:00,1b79944ec64e06cea181cd3cb09068e8dbbde9130b4bd224e9ff7955f28064b3
6304466,2026-07-20T16:30:00+00:00,ad964332ebd3758bfd8d0a117ab4a3ca85b33f08adde5caa5c9e834619c3929e
6304467,2026-07-20T16:30:30+00:00,a33d8d536af27d8209d7f5288c5c190b5b1d2f59736319d39afeb4036eadf02c
6304468,2026-07-20T16:31:00+00:00,218ece00f47fb2885bbbc9924862c54d1f8f91312b72eed704a61213520c4a69
6304469,2026-07-20T16:31:30+00:00,078261489e2fc4ae95d0656e2eb7c65b1b5187e72284951e3b61eec8e949f3a8
6304470,2026-07-20T16:32:00+00:00,29c20e6b4c11c4e009cb672f72f9b9a68d21c017745459d6770af85262b93283
6304471,2026-07-20T16:32:30+00:00,3d62b3c7498a918b159d84e2e93f7c974557859c13e059772332f45b7b59b1a0
6304472,2026-07-20T16:33:00+00:00,9903e23a5aa1b4c70d5543fab28c6cb56ba3a8acbef414e4b92ae5887aee044d
6304473,2026-07-20T16:33:30+00:00,ce03adb9e71fecf7a2bddfd4de8c84c30f91d5ceea3d6e4556dfb47debe50441
6304474,2026-07-20T16:34:00+00:00,e942de55e5e0afc9f21588ae7d07678558d952d0bb754fdf33e98290127a1eb0
6304475,2026-07-20T16:34:30+00:00,0e584f2dcc1181b486e937c60cc4521e68914789c634da944f1eeaa9f67844c5
6304476,2026-07-20T16:35:00+00:00,2db07c23c89d3a13e184fd19e7f6afdd030a1f1dbc1d75cb801bbe0eaf1974c2
6304477,2026-07-20T16:35:30+00:00,0555c0d31ab009b0b90925f789c33333a516d108f0da1e900e3a3842f744d1d9
6304478,2026-07-20T16:36:00+00:00,7fc7e109418f84ac1e7ed7fed811c7fe79e8597c067c744a752c478f0bb224b7
6304479,2026-07-20T16:36:30+00:00,714c7ef998c740ef75d9816dea421f543324730dfe34c33f3a16e56f2716bcf0
6304480,2026-07-20T16:37:00+00:00,f761bacfbcca088c5f314ebc3fd9fbdc81f0f455a1a927b53bbb62a6035dcf03
6304481,2026-07-20T16:37:30+00:00,8fa8381be852a70a5f41d88495a000793a8846e6351c059cb360c90dd47d2033
6304482,2026-07-20T16:38:00+00:00,dac9c18f64b227094178310f6ecc1a549ddaddd1f5b028c1786adbedb06f0e78
6304483,2026-07-20T16:38:30+00:00,c00abb369c1efad134abbd0357021c67955a02fa7784bc48f4ebada5f005094a
6304484,2026-07-20T16:39:00+00:00,8e7657cb3bdca8a90ce4239e8271025be6e388fedc7929f3b09e94d82d66919d
6304485,2026-07-20T16:39:30+00:00,c631c2a797426a6a54dfec1f00074abe3acf93d405001418490a551847c79a08
6304486,2026-07-20T16:40:00+00:00,40514b8076ea7c17a6dcbabe6ef6b45c97893c98db33f37d84b90f595c25e85e
6304487,2026-07-20T16:40:30+00:00,715d30f6170fcf767000049efe3139019ab0f4d4568d551d67fef788b43298d2
6304488,2026-07-20T16:41:00+00:00,32a90989891097286e3c638b0947f9117dd56edfbac7edd5351e90bac8742e72
6304489,2026-07-20T16:41:30+00:00,3f290be5338631ee4ad7786e99a17a434cfae824f1bc4e71d00231630f170902
6304490,2026-07-20T16:42:00+00:00,1afae7367b9453d15a2e071fcdf8484bf14bc5a09c6eb04af894b5d83c9146ed
6304491,2026-07-20T16:42:30+00:00,488c554228acbb05319413bc37319accb8245ff148764a89bb5aa1cf70971397
6304492,2026-07-20T16:43:00+00:00,754368c199c7624bea29075c253ed19748a33a1bd1c8ded8530c513cd2a5ef50
6304493,2026-07-20T16:43:30+00:00,a58fd699501ab0cc0ee1da6ffdc72742f4ca4e750e3efc5ff7553d6e20e8ffbf
6304494,2026-07-20T16:44:00+00:00,624eb04d993f192c31e407a1ccec295ecb75c300ef71059e84b392d744c5da55
6304495,2026-07-20T16:44:30+00:00,b1311f05e71c94c3a16048687a099dea7d7de8e8e8a40d5fc37f8ad1c42a7875
6304496,2026-07-20T16:45:00+00:00,f58e9299054b03cc4b8bff1a9a5111e9fbe20472b648f70c54e67b576b17f332
6304497,2026-07-20T16:45:30+00:00,9a360d513fb3c14eae815a38d33acac77b6301b0e2121cef2b8d12455bb1d6c6
6304498,2026-07-20T16:46:00+00:00,93d50c39df07bbd8a54f9b923b2ea114dbc2c951878afdbfac77f48bae4250fc
6304499,2026-07-20T16:46:30+00:00,a02e3069fd2aaf6a8a2587569c64779dbf30c13c5b8aa3f122bbb025a9298296
6304500,2026-07-20T16:47:00+00:00,fcb5ee2224be7a8e05f29a9dad27893f5ec04750a576bbee7c86bdf6e111180d
6304501,2026-07-20T16:47:30+00:00,f4636ff2415af8af62c715e3d40b535d35bb33038ffc52ed42783b963d35a503
6304502,2026-07-20T16:48:00+00:00,941f903287cdaad6bbc7fd5daa83d72de00da43d59bf0c1652254977820bbd40
6304503,2026-07-20T16:48:30+00:00,d038ffe73dafa9d2ae7010b45cdcc6feaec8f8865f7f9b2cd3b71cf892085341
6304504,2026-07-20T16:49:00+00:00,a3436a05613e34477742842926294da09ffc25ff7693060180d4c382a969662e
6304505,2026-07-20T16:49:30+00:00,77c11ad6a24b2367568a909bb748b1e430d7bc6308df0ba481d54fe7073019f4
6304506,2026-07-20T16:50:00+00:00,705d870be5d401dd858766ef032982c0ce555d5f7fd38de36223adeaa8ac1cc6
6304507,2026-07-20T16:50:30+00:00,af957a0789cbf81fc7b895bfdb2aad99d4a4af9c9e22c8d2283c33e4991d126c
6304508,2026-07-20T16:51:00+00:00,10bed57f8ad1bc7bc8230ac5d0ef801b2a8e1a73f42a2f2b50b18e2996a8be5f
6304509,2026-07-20T16:51:30+00:00,de8ef8d658b9bf935a02a97db29ad115772745171918f23f62bb72bfbe6f43b8
6304510,2026-07-20T16:52:00+00:00,3c0bb196699b402bf8f4ee48ff24bf5d441cd32c6aa0557c79b53332fa28a0d3
6304511,2026-07-20T16:52:30+00:00,e74ac5eec366a816c07aee0da6dc47d739ed817d6cfe917fdd8d5d236c9f9b01
6304512,2026-07-20T16:53:00+00:00,9c715f963cf7d6ba2c90e69532d54f0d4e3f7cb8381b02fca94f761a0c6f4cd9
6304513,2026-07-20T16:53:30+00:00,37658112f1e29527e3e2aadee0da4cddaa91d9ce7da719035db0e464437308aa
6304514,2026-07-20T16:54:00+00:00,83888868d77f400e41e3b35894545d622a1e32d36fd458ead8d2b27564f4c828
6304515,2026-07-20T16:54:30+00:00,80a6bba7bf669ef34bed2f571bb8d0f36ba2674d59c6ef43b4b70de4620d0749
6304516,2026-07-20T16:55:00+00:00,7f0a344a8b49343f22c5c48552c0258a063431cfcc62e74b980a41d8635f1f72
6304517,2026-07-20T16:55:30+00:00,7024529e9dd43e9a5563084f41a763f9b1e63d45b2c316047be3e7c4a66bcacf
6304518,2026-07-20T16:56:00+00:00,65216ff18da24d7a7639abf9168c62d19ee2099cbfccbe050e908dcb7adf7517
6304519,2026-07-20T16:56:30+00:00,71add581ed8cca4335e981b772418a3ea25f4adadb9b2a694a3dafe4278ba586
6304520,2026-07-20T16:57:00+00:00,dabad57fa49ace84ccf919004ec1882bfe961d7bd574fd6ce20fc05eb7942f1f
6304521,2026-07-20T16:57:30+00:00,77d2f21665b93a50ce3744089f5921687b85e7b9cc05d892e278726fd843b972
6304522,2026-07-20T16:58:00+00:00,06402708fb03eeaa43ce5dca207d546015e327d199413afcba5b1226e4663a9f
6304523,2026-07-20T16:58:30+00:00,0db2657a00e5218ae51e81291a82a2dfbe25b8a445fc563e6969b059ea650a98
6304524,2026-07-20T16:59:00+00:00,f6848827e1f0654146d91e493443a28a4fa68d82b16dd55a76b30fc10f4e9a5b
6304525,2026-07-20T16:59:30+00:00,9896108ba7c57a35c27cec7999883c41c2c1607beef57426be332c08ce2539b1
6304526,2026-07-20T17:00:00+00:00,86aa492e8da23da2fea7734c15494f48655a8b1b470919bbf091d9a9b4beffaa
6304527,2026-07-20T17:00:30+00:00,f2cff26bcc28ea3fc3dd6a0dcef396fbfa2a7283391746fabc82c9b00a11f89f
6304528,2026-07-20T17:01:00+00:00,3e2ad14c046ceac81a353c4fbe4085d5c4f24f3ce1da2565ce6359bbda7cf54c
6304529,2026-07-20T17:01:30+00:00,9ab74839ec1e05317188aeb983243f123e3191eef786651fa398f3934e3c6c73
6304530,2026-07-20T17:02:00+00:00,7b1ab3771d390462ecf5bc05fbf595bcd3338f009dfec24b31dd7cc2d11f3ed3
6304531,2026-07-20T17:02:30+00:00,a8ac9cf75ce3f8cf68f433ef37d7c027c7b7e0f9c8fd82d6fcf35305b69f7043
6304532,2026-07-20T17:03:00+00:00,cf540a4490dde4d1bdb4c5ef42fe83014dd695c924c51645417bda67312c1627
6304533,2026-07-20T17:03:30+00:00,bebf251218bf5986a27f0d5404623a8ea57d5eb7fae38893423a353e768265f5
6304534,2026-07-20T17:04:00+00:00,702733c37e275a3e60ebffd443e40287b0a22692bde6775d646a3c821ead2079
6304535,2026-07-20T17:04:30+00:00,d80017816094047fa3339d29b3547c42d82b91664a0d1474c98525d72da69eb3
6304536,2026-07-20T17:05:00+00:00,bb95783024d2d9bc126af8c7cdda61212e053eadbef0573cf9fb085587a5a5ea
6304537,2026-07-20T17:05:30+00:00,fe913c07f21c746baf36e69452f7f63058e29810b931deddd9fc5b78c74f2751
6304538,2026-07-20T17:06:00+00:00,b3f3b10aed2caabf8c25528c4c19c82df4653c3b22649c2a134cc5f39f925c73
6304539,2026-07-20T17:06:30+00:00,9a5bf5877568651c5d2bd735c1491a9925b119514a71cb393108b50055e90878
6304540,2026-07-20T17:07:00+00:00,20db673fadf0b39fe516e11c3307042d2d8585c73e14c617e28b3d4dc13e7071
6304541,2026-07-20T17:07:30+00:00,c20a9fb370479c2bbb6294a8bde7bcf5f6d0ce171357f110fc7301748b392f23
6304542,2026-07-20T17:08:00+00:00,d7affe7852df4c06d2213084c9241c3cac9fc71973c2889da79e0121e101ddf7
6304543,2026-07-20T17:08:30+00:00,cdb4556bb9ca01025ba47bfdda9adea75fae6b716f59ceb2d5ec68001efd959e
6304544,2026-07-20T17:09:00+00:00,b0aa249224d63c071bcaf06e808f76663b12cc20b515986449e0694e33dd85b7
6304545,2026-07-20T17:09:30+00:00,e1579037d7747aadec7343c0f88e3f9c8ab011cbe68ad977dc9415b814aa842a
6304546,2026-07-20T17:10:00+00:00,ef792413332ff4b0191589cae4fa49d93b1622fa72e93b6cbd096561aedce167
6304547,2026-07-20T17:10:30+00:00,eda157c6edf04c652fc7bf61b32a446e5f6fb09b7aa84b200f2473fb30ef05b0
6304548,2026-07-20T17:11:00+00:00,11c70fc63a5b684c6a9ad08f1c886d6aa264c025b2f947821ccc9ddf4bb93791
6304549,2026-07-20T17:11:30+00:00,4411503ea047f6bf26b0e0b7abb266aa8b710a564829c173eff1bfaaebb9c28b
6304550,2026-07-20T17:12:00+00:00,cc722f8a334611d0c2ac98ad5ab2707e66af0ea2b112e313bd47729c80e04d36
6304551,2026-07-20T17:12:30+00:00,5c3ba13264dbdde9ab1b0153283019b928e91cf05f4d79d4abfba33cfdafa6d0
6304552,2026-07-20T17:13:00+00:00,301800de99e695d658c54b6af92c1ba3d9d1e828b6f2aed6f58762deaba59a41
6304553,2026-07-20T17:13:30+00:00,2a43d35f7bef195f4c5e18696c7d7f544cccc79a40cefc8a5a33b3bed35aabd8
6304554,2026-07-20T17:14:00+00:00,c90b9e0aeb2ef12220e21474161db45f7bdf6d068703a94e6b0655ee796e903c
6304555,2026-07-20T17:14:30+00:00,30114d79b667c6532e2856b72b109a1d4fb586f9553722cfd7426583417eef11
6304556,2026-07-20T17:15:00+00:00,629625c19fa7a952904156db2d80d824bd3c6c6762f20866035504da790b7717
6304557,2026-07-20T17:15:30+00:00,63b704c6c02f29e0a7d9497de79e00c354fed6ed097953eec0f10f17ad080913
6304558,2026-07-20T17:16:00+00:00,3ba7aa83c93ddd0515796a0839d8d65f693c2e1ccc1780ab11bd342b384902c6
6304559,2026-07-20T17:16:30+00:00,f688c0e06ea93e5621905ab27ec36fa31e6fce324e72cffdd5dd17271789ed02
6304560,2026-07-20T17:17:00+00:00,ac65e3768ead74f951eb1524df326a5d45bc319837d40ff69fe020763ab593d2
6304561,2026-07-20T17:17:30+00:00,1c3ead4f9553344ba31f590bc0713c2f7f984d78d634db5a578f37fe2fe69a01
6304562,2026-07-20T17:18:00+00:00,3779d70d5ec814494abcf25f84290450aad6edc510ba28c8827f5e9d09c89aee
6304563,2026-07-20T17:18:30+00:00,088fdfb6b6b13cf87cc07351a1721ec24aa51000c105cf3a81b651c68a17f4fd
6304564,2026-07-20T17:19:00+00:00,ff34fb2423c9a1d08389d90a0223e702bf63258bbc5d7a08ec71a50214eaecf9
6304565,2026-07-20T17:19:30+00:00,46084cb784b35d386ca6d7fbe3299b81eb6408ef70780072543ec2eee1d706a0
6304566,2026-07-20T17:20:00+00:00,dfca18c8cd344f2da66df538f5f65c14b1168a5c11ad2c5ecec9ce7e821bbfe8
6304567,2026-07-20T17:20:30+00:00,3d565ef3eea1c1412f118fedca378522ed8bfdcc6af6b4d4fe1572cda68ca855
6304568,2026-07-20T17:21:00+00:00,497356e793e5ea60a15d613455150fa06ce0049765898f3bf2a689624584a98a
6304569,2026-07-20T17:21:30+00:00,d72ff1d9ad776b3cc63a4e08de75bd30bd0d4b525609144d5e7cd58a10fe7544
6304570,2026-07-20T17:22:00+00:00,e518156957be0bec9efa4ced2cf483c70dba1c0b22afd603bfb82af19b2f7266
6304571,2026-07-20T17:22:30+00:00,3125cca614e8720f964b94392606a19bc3bc9a57d51a6eb1df02f897223b7cc7
6304572,2026-07-20T17:23:00+00:00,7a8845117dde26df7c529930e994f87cbf251b12d7f8a8b0ed3bc5b255d708a1
6304573,2026-07-20T17:23:30+00:00,ab1d1a3dfe3aee58330501cf6e486c5e5891d0a5f94a4a50ca9dbc6a3164298f
6304574,2026-07-20T17:24:00+00:00,72a2d35498c1fd21216a44d487bf76e3269da7c4599aca6b1f2097a19bbd58bf
6304575,2026-07-20T17:24:30+00:00,f0aae459960c491821a5be7dc16370bcdcb6fc5786e1257cb82b84299fbbfe74
6304576,2026-07-20T17:25:00+00:00,2ff2a892287e2920298679a2fd49500a4b3104a353cb7e01413e039eab52c96c
6304577,2026-07-20T17:25:30+00:00,3e6ea129806753036a223212e3dd79fd070aa3efc19b11752fe0edab943a2b19
6304578,2026-07-20T17:26:00+00:00,1a2d30aaf9c662ceeeb57d6aaa0373785f0ec1f9b05af2e2410a13f163624514
6304579,2026-07-20T17:26:30+00:00,3d8c4f0bfe4453f3732057d08847cdf669c2bdd0956eb82ca7cd2352a2331d08
6304580,2026-07-20T17:27:00+00:00,4ef9e47988cacff20f26b850fae53defe819bb40ebf8656a8482df2e71982608
6304581,2026-07-20T17:27:30+00:00,7a46aac7319de27ebd5d89b33403313e23bc1013864442cd5cf09d021e140c32
6304582,2026-07-20T17:28:00+00:00,f83644269e436ea5cd6f2d5724e878fc319fec5c27ce79a42bb79e579ede27ae
6304583,2026-07-20T17:28:30+00:00,e2c26d6c08c66ab0afa03f6c70f391dcb7fa2f34939c2aacd41f2a2ece85d55c
6304584,2026-07-20T17:29:00+00:00,80386a565e410f42f2ff232d6e92402bd1ea45f5290efaff1185e7d3b39290ce
6304585,2026-07-20T17:29:30+00:00,2894ee519a32359a1839b7e60b2cd8e225a950f1b12f315e0c5515ef3dd84236
6304586,2026-07-20T17:30:00+00:00,9885767ca5c18f8f590ab10b8261f8ff7c3d163ba495305172b74af10375f293
6304587,2026-07-20T17:30:30+00:00,78d4ffa53b8aff74b61caef4be366d99705a11c257f6af2596b65a3ed09e4ee8
6304588,2026-07-20T17:31:00+00:00,f5c2c23840aee98b482f40275afb32b8f7eff5ddd480721a64286ceabc7a58c3
6304589,2026-07-20T17:31:30+00:00,79160e6b1e3671940b23c6c6ff88eaadf9d02e428a20110ddb385975edcf08f7
6304590,2026-07-20T17:32:00+00:00,1481fab46ddf3316d084728279721ca53e380a2199512924b05fa671e84ccc20
6304591,2026-07-20T17:32:30+00:00,dc7509870b0d0b1bc73bb6a29d324292af00d1b403f7ba43a63752241b46159d
6304592,2026-07-20T17:33:00+00:00,009ee58cdf25ac422cf7b1c1ae2c99ea82edb54ca5f6cd0c0fd07b1804ec6815
6304593,2026-07-20T17:33:30+00:00,b20c8f0d346e3b1b38f96de1ee5aba06695b9e655b597be97fe35652b188a3fd
6304594,2026-07-20T17:34:00+00:00,6929e3511d16e0b3c13e0630466e65e3c92ea8d78aeceddf60b94186c9a9991b
6304595,2026-07-20T17:34:30+00:00,2d2bdd56ee032a63c475ab05b50d7f85a98cf8c8e69183b8fb527c7709490684
6304596,2026-07-20T17:35:00+00:00,df18d7c5cf58350f4042edc00a9da132cbcb1ef4df629ba4aaecb1e8dbd4a344
6304597,2026-07-20T17:35:30+00:00,83b3bf60bcbd62aebe6419025a93fcd922164b75ebe1602acea53209f59830c4
6304598,2026-07-20T17:36:00+00:00,95b26692f7a898abb7c868c968a36baa31c0e99b89fe394786dff0977106e864
6304599,2026-07-20T17:36:30+00:00,75f9fe95e03437fbc14f038ceb6da912f68470fc52ae35f514b8d9f1b499ef90
6304600,2026-07-20T17:37:00+00:00,74f6a018a518cb748bf8c2cc947cb9e7436b9a711fbae1dbee52241191ac0819
6304601,2026-07-20T17:37:30+00:00,f56ce644509c39c1dd6999a65d9fafe50314611bbb2bac1a04a1be4f9a0f0f7b
6304602,2026-07-20T17:38:00+00:00,17db7e1304548a3504c50be6f4d6291e2bc7453827e4d5f2d911cfc1d71fd353
6304603,2026-07-20T17:38:30+00:00,171fc0f0d5aecfc201d311b0f4ee4ae65a8aa8e4cfae18304a7da377c4f4a683
6304604,2026-07-20T17:39:00+00:00,10f54f6e59b2b1f833b113389ac3cd5a14416de80a7bdf28c56f4a269ffd3a1c
6304605,2026-07-20T17:39:30+00:00,eb629d284692e2dbacc5b24b5230907ece6b8edd205798cfcb46f936b772b2b1
6304606,2026-07-20T17:40:00+00:00,afd94ddd07b94473aaf237bc4b4b15304e77540b1448fce145d56e88b662567d
6304607,2026-07-20T17:40:30+00:00,c3f62464b580eafeabcf90d9092771e508c84e1dd6c66ac884ed56f5121072d6
6304608,2026-07-20T17:41:00+00:00,c0ff9e2b512b70672f6a0017bf292238b839ed329fd7fcc1fd1acf847e4ecd8c
6304609,2026-07-20T17:41:30+00:00,ccf85642242adf071ee4f85f12d94f52dc45b3820c60b902f05a4a89af435337
6304610,2026-07-20T17:42:00+00:00,5ac3809904cff6a26e5d899ba1d2680c15d4d7f586d5ca89ad7c5a5f107d6e4e
6304611,2026-07-20T17:42:30+00:00,762294c480d8aa1bda37a06b26978aacf8f47acc383ea99cc935969a528e987b
6304612,2026-07-20T17:43:00+00:00,3f77caa08d6b864006ea6b0c05f5ab7829f0ee71c0460ee4d70991ac1e0e35f4
6304613,2026-07-20T17:43:30+00:00,4850f6a3753985b0f58bcd32b59c36f5a8ab1e80973429e49b60e2a49cb0316e
6304614,2026-07-20T17:44:00+00:00,6f9235bbea59afa2688f19b2a555790dbcb32e26b15c5032933757df66e05e4d
6304615,2026-07-20T17:44:30+00:00,526d7528cadd0c1a352281b9e2eef2622e437b4c287ae9a26ad6294901b2fdba
6304616,2026-07-20T17:45:00+00:00,9dfee6b0f30cdef82488b91a87ab5878d2a56a5faa7597206db20afb5ad5e666
6304617,2026-07-20T17:45:30+00:00,139e0383909cd12be8bfff41906a4ab98f230331b253bd72ff011a5d5e10b1b0
6304618,2026-07-20T17:46:00+00:00,17f4eda1d03b9458be253885585236065f389f6370d8982fb2c5aa81589d42cf
6304619,2026-07-20T17:46:30+00:00,5cabfffaad1f44fa98d19b5ad789eca5f60728bf4254bb10970e314508bd25ca
6304620,2026-07-20T17:47:00+00:00,7b6165d823d99640e1c9dc27a70841d5b984ee044d33115e7364d6f465aa4105
6304621,2026-07-20T17:47:30+00:00,50c58d493ad416a08346851350d3b448a4ac5289c2c9aaa511a1ed69cc577f09
6304622,2026-07-20T17:48:00+00:00,2c43efd9bb0d6be8b90d00e57fa0a3c3c28806ecaf24946b95f5cc6e8d49eeac
6304623,2026-07-20T17:48:30+00:00,3d074d5430c60a190bb190d89ba6a485e2a1c2268313f10869195f97c4cfae16
6304624,2026-07-20T17:49:00+00:00,efd15ffb148955b8fabf44bdbf68162f2f131296993a21a6bc2ff382fd0fbaab
6304625,2026-07-20T17:49:30+00:00,7b2456297ce1a9763ba99adb20cdd837dbdff3dcd1875b2a56fcc971b869dd98
6304626,2026-07-20T17:50:00+00:00,47804bffb10f25cfad7b852df4d24bef4ac7264a238407daf223f563be5a1eb9
6304627,2026-07-20T17:50:30+00:00,d1319a0fa8013d4bb314777e9657caed6d87af14e23cf904c1b975d0520e25a3
6304628,2026-07-20T17:51:00+00:00,60432cc82a4a93820b91208a01f71ae0e4c30f96b2467a276733954feb1cceb8
6304629,2026-07-20T17:51:30+00:00,46f305561117ef362753c8a6b94818370af16ed8990b4280d84cb20b51b5fc68
6304630,2026-07-20T17:52:00+00:00,f63aeec7351443535301cc39f289b58bb50f81a60223acc118c64e09eb81568f
6304631,2026-07-20T17:52:30+00:00,8bb918e79f870ebe7d77cbac1e802208d52fa8e7eb0647aaa7902e178f19af0b
6304632,2026-07-20T17:53:00+00:00,d52f37123dddf2279aca5b662d2f8acec542409fbe11db6dcccc1a90ad396c1c
6304633,2026-07-20T17:53:30+00:00,f18564b57f206cdd22e43f5543222f9c1dced1fb47a9a4f2792cf4e4847b2343
6304634,2026-07-20T17:54:00+00:00,01d47065481124ab4960773245c6d885f66a2d7194f25deeb56ece40cc185abf
6304635,2026-07-20T17:54:30+00:00,e4461ee25b1bac8fa0b147ce4df52dfa74db07d2d9ecdcb084f877d3f3357243
6304636,2026-07-20T17:55:00+00:00,a04a603068fd55a5fa7fc89304a86f6402c43821a9bfc340458a9fcf2cd3b523
6304637,2026-07-20T17:55:30+00:00,70f70a0b8eb433f06de13a708aba7208dbd8908cdd78b42ba6ff1a647b043582
6304638,2026-07-20T17:56:00+00:00,1642b98f83ab5c65bec65856f4b52ffb9053bee45e3ae329a00af0ecb8338a97
6304639,2026-07-20T17:56:30+00:00,ea0a6619f18b12f13e18aa796a7c3b58f164dc8d42a0cf53eba9dbd2bfd1c8e7
6304640,2026-07-20T17:57:00+00:00,34facc74c2c38ce1240d969a0d99300df2c2e0df293e67832d6a506df68a7f45
6304641,2026-07-20T17:57:30+00:00,af9d2e42bfb447dcbfce7dc0c3fa07823f2b2ef5ca2d5325ddcf4be1b832ed8f
6304642,2026-07-20T17:58:00+00:00,8f9e7aa69e1502e567f7261333494dc3cf784a4f8b29dffd477cfd8c4cf54044
6304643,2026-07-20T17:58:30+00:00,e6e2b7b6843d4589aecb9547453ace263713fd652b18db2d16332c3c7b137b7c
6304644,2026-07-20T17:59:00+00:00,5a88c08586e15185c0b27888574670f15f00bff37c4836328951444917003808
6304645,2026-07-20T17:59:30+00:00,3fe1a64a125e26e001c7001a03c2f8b57c5a71f141919ab23ba6913ad4ba504a
6304646,2026-07-20T18:00:00+00:00,22bef3cca070dd1fc176bd0ab77f9cf7f0bbd9891d38cd311c8df6514797b209
6304647,2026-07-20T18:00:30+00:00,baee701801a5576c0d60f8de77a14547b532147961e7b08b634959a30d1aedd9
6304648,2026-07-20T18:01:00+00:00,15a5ff8215f01d87458c829b141e31cbdc114d62f0dcf6c705207f23cabcd331
6304649,2026-07-20T18:01:30+00:00,b97319482de2e8451d87d81018f8572e0d17900647166486af9167d60f30fe3c
6304650,2026-07-20T18:02:00+00:00,9b8ce8693d9f92a7ed1acb764efca43369b3d98118e99bb31a11b14c7eac3efd
6304651,2026-07-20T18:02:30+00:00,930c6768271fb118877c6d2715a32fe929f214dd5120841ccebb70f7087e1540
6304652,2026-07-20T18:03:00+00:00,e4815e488189dc8e69ce077ac80fc5c5f0582a738248f107833ff4fe768c082f
6304653,2026-07-20T18:03:30+00:00,e16c848c167c49db90a2182593ff240afcbc7999fe9327e7d5f268bd18bde0bc
6304654,2026-07-20T18:04:00+00:00,5029b3eacc1a2a0d65315c9e2660daca1551cc76217cab0fffe8b74449c23048
6304655,2026-07-20T18:04:30+00:00,5da58bb35dd9259dce6d25dac1f9ca7fa03352b1ed1fe2726e8a3631288fa5c1
6304656,2026-07-20T18:05:00+00:00,b6847f87c5e0bfbe76aaef0ea56d308ae8bd083db281710a2f3aa27ce6d37f9a
6304657,2026-07-20T18:05:30+00:00,2c9570cc247a3c9d331d4c33972b7b692369627e7d47a24cfdbfa151b319e2eb
6304658,2026-07-20T18:06:00+00:00,92278141ba889197cc16661276c73e56e8cb81fe9b7a8f632eba0aa95f027605
6304659,2026-07-20T18:06:30+00:00,37c5970778d4014af334aab81ae209f54f54d2fac9b8986b650be1f8858f55a7
6304660,2026-07-20T18:07:00+00:00,f34fe710b6f20eedbbfb1b0acf03bc1ca88c42d93ea46c3c47cf3be8946a7265
6304661,2026-07-20T18:07:30+00:00,3feefe67d49bfc68d60c0ab39865b866825a22742f07a91f2302a1702cac687c
6304662,2026-07-20T18:08:00+00:00,69ef6f22b55ff44fc39c109c30f2b19f4c8cc422fda7174d17f3b41b576a3c77
6304663,2026-07-20T18:08:30+00:00,7e3e1a596e07c0a910126f4ccb5dce360d414d533525aec3383169cf3c659839
6304664,2026-07-20T18:09:00+00:00,6f20e46302bc24b10c35ee0b66fc266ca3775dadda69f92e097f47df134bc18f
6304665,2026-07-20T18:09:30+00:00,bb9aa7c6f52234f884dd9072a8a3cb642b1f0bfc925aed9856247815594c34e1
6304666,2026-07-20T18:10:00+00:00,af1d95b398d72a3b3a87ef35ed22e2764292dabfd569d8151a75bb0310348f36
6304667,2026-07-20T18:10:30+00:00,00507eef634ce2ae37c9b490c31b729f97abde3e109b37ac851ad824daf71c93
6304668,2026-07-20T18:11:00+00:00,7a0556c60985d347cb88daf75b085d28f98bedc8878da511881d7e7d91534686
6304669,2026-07-20T18:11:30+00:00,06d7d94404de05247d195abc1f7fb004ddae62d5ba79dc297032e9d32addd175
6304670,2026-07-20T18:12:00+00:00,f26922e72160b7b6139ccf8c878b0532e3c283e4f579b2a8258e013585a5064b
6304671,2026-07-20T18:12:30+00:00,f4a82747a8249007556efc65f6a711a89214dc1b3b7747ee0de3a23176c6983a
6304672,2026-07-20T18:13:00+00:00,1af6171bbe44709a80ad5ca16e5bd3d399e752d277d3de8cedf9bb68dcc321bd
6304673,2026-07-20T18:13:30+00:00,e827cdf8bb0dfe89ed6c261e32b9078d314feb6daf815a8afe1a86a55923be42
6304674,2026-07-20T18:14:00+00:00,dfc10964f0da32cdda425dac06f082292b9f78e7f5fc182c46e0362d2b8b9aaa
6304675,2026-07-20T18:14:30+00:00,7ce23531442ab3a8ef9a1eb4145102212b3ddb2a48c0361c4b5e72564656d4d6
6304676,2026-07-20T18:15:00+00:00,3b997a3a4f113603ee53ebc97d4a196fe5639f06612cd88f8cf8f7e706726433
6304677,2026-07-20T18:15:30+00:00,b5392f26e9bbb204ee04e36bec42908d75f4ba138976984bd1da6247a5c3dfe5
6304678,2026-07-20T18:16:00+00:00,0eda4d6e69cdd1851459d3becae327fa818b8fc33ae9af0427d3123b89bb9833
6304679,2026-07-20T18:16:30+00:00,ec0b6870fea6385dab744c67500617cd2ac7de705c23fbbbc6f450e5cff30c98
6304680,2026-07-20T18:17:00+00:00,3204f69e97abc961b77a7b2d61372b809ab290b49142cc2c7931dce839b6aa51
6304681,2026-07-20T18:17:30+00:00,15b0e6dbd7de2ab639c0104e15eab3dfa5d13e4d45f9ea74db554c9b84f042da
6304682,2026-07-20T18:18:00+00:00,73b35ab125ea2fafb5f968f79e2d0919689c7b379dbc2ba5c975f142ec006b15
6304683,2026-07-20T18:18:30+00:00,f335630438cfb65a70c10c5fc2069dbc3152c3b2b4119466c369310fcbedd3ae
6304684,2026-07-20T18:19:00+00:00,8415666354876b67877beff12e23bac47c5a1910ea0fdb5435c97baafec7556d
6304685,2026-07-20T18:19:30+00:00,7313bbd9798c70b280d5627de2bb35a34e6b4296d3fbcddec20a0405e94cca5c
6304686,2026-07-20T18:20:00+00:00,40f45056b06ddc04d2228458864480e1d9c9e5731fb9169cf8b6bcb6dc0b178b
6304687,2026-07-20T18:20:30+00:00,bf87a46f2227650d0a7b2227ae4bae7475e3c5099f36d72820d910bd86c5789f
6304688,2026-07-20T18:21:00+00:00,e75855da1caabbbc2d1aeb63ff3272574ed7e2fb0b5fa0e12d155d3e6f50d95f
6304689,2026-07-20T18:21:30+00:00,9f9a8dc5d06e09e4bbfb41797dbfe3cbd519d927fbd0a06b7f24093c1ede187a
6304690,2026-07-20T18:22:00+00:00,95f9eb471836d4b1b9c80ee8f44e55119380e62ad99d426e6859ee18996eaad7
6304691,2026-07-20T18:22:30+00:00,10634d9e1a24074a021e0691de138727eb32ed3459b671fd7456400b183f9bf6
6304692,2026-07-20T18:23:00+00:00,2b7cdcf637f6a1d25d38803db51f024156cbdca83b91e13874383561923fc62e
6304693,2026-07-20T18:23:30+00:00,27f34c480bfe0baea0ae72476b8b6583ee9917574f81b3a046f4e607b0d08979
6304694,2026-07-20T18:24:00+00:00,abf3ffcc94b20d6f1876ea0296c04974c9f8f32e18a292b554716172111cb55d
6304695,2026-07-20T18:24:30+00:00,37b74c70502403b2bcf21d7018f306ace55933279282eb60521b98968575a4f5
6304696,2026-07-20T18:25:00+00:00,065ed0c5e46249b782b955c77797faadd02e09f6f66e6f9711c42867ce3682e2
6304697,2026-07-20T18:25:30+00:00,4f2eec3514c6bb84dce65c47c1c3e228bcd9f826930a9aea418cc4e61cb551a5
6304698,2026-07-20T18:26:00+00:00,d4416d527a26402589f48b62d3e26785b2a7bed2a322286b71285dbe6c278ce2
6304699,2026-07-20T18:26:30+00:00,cde5a82403ec8090be44d855208539e7f2eab29673da2a7582d45e37db9db467
6304700,2026-07-20T18:27:00+00:00,161533df133975295fb803be8db11b977095f727883af157c3d3ed6ea0111734
6304701,2026-07-20T18:27:30+00:00,db4cbf020479571c2e79c4eb20bf646c04bfde8f407b51c0f503a767ee897387
6304702,2026-07-20T18:28:00+00:00,a44f940fd3f9ae0aac5a02428cf3fa4a578f726d028a9858268c73d2adb4894a
6304703,2026-07-20T18:28:30+00:00,5ed4aa8e61843724b6ae5c3a37256f520beeeb80d027e524f2d9b00f4dd4f65a
6304704,2026-07-20T18:29:00+00:00,df294865035ef71f2cd3ba0120126afd7e01fa0ade1d9ca51920e37edaa726be
6304705,2026-07-20T18:29:30+00:00,4eb61e5d7be98b5d0aa5a5b6a18604792cad3d14e25ee21988926d981aedb24b
6304706,2026-07-20T18:30:00+00:00,5d912974a89cb85ef834111d6c3a6c8157065a44fe0a6d8804e9dffefed2958b
6304707,2026-07-20T18:30:30+00:00,87204f0c07847b36a95083ded0689e8b884e1917d4f8c18682c21e3a7e0d2788
6304708,2026-07-20T18:31:00+00:00,ef619be3cdb09b4698a5c07cd4d30c66ae7a94fdd04575d7ac5a2ab7fdeb6b74
6304709,2026-07-20T18:31:30+00:00,c9432322fcd5b2f1b26e3da32292586a149dd45880f093860bddabffc89b1eb9
6304710,2026-07-20T18:32:00+00:00,32a73e8067192051f6d763c17a25f21e0aa80b9fd291df2e349359f0381d6057
6304711,2026-07-20T18:32:30+00:00,86e64c6bd7c171cf87c8420181fc043d64faa44ed4374139bbae718c933f890b
6304712,2026-07-20T18:33:00+00:00,41945f9b3cf73e0761cfb2b124e043ad37e62fce2f160aa8097692a739850d92
6304713,2026-07-20T18:33:30+00:00,e5546e6a3221eb220948d73c92004cf5c6514efbf776d704a2a307f490df9f3a
6304714,2026-07-20T18:34:00+00:00,adc5dc4bd6a9d16a78db930e9f93ab67b94599bc5ae6a910dda1942d68405b3e
6304715,2026-07-20T18:34:30+00:00,7c07ad68ff62a8c8926d3f04d06ab3e5c46c6234d6a6613747828c4534f2cab4
6304716,2026-07-20T18:35:00+00:00,26aafb45fa41190c3abe8d90aa3af7c392094a20798d83f41b749463ae91cc17
6304717,2026-07-20T18:35:30+00:00,aabccad746df5073f4a2ca0bd65d5d8931a41fb3197b68bc770fbdca7d81a5fc
6304718,2026-07-20T18:36:00+00:00,873407e2304a405c711f9dee3c804ac293ad52d11ec6c005b53fc3ad0faaa55b
6304719,2026-07-20T18:36:30+00:00,faa4f28af1e5d1f194dcff1d18443f9e4bbc1e6e846b27f4638f171803544fb5
6304720,2026-07-20T18:37:00+00:00,86b85b8501aee7c5ed9a9beda4d1455f6cfc51811e6b194af37eabb78509fd31
6304721,2026-07-20T18:37:30+00:00,64a52a6f5a570ad220742ccdbf08d27ad3674917b4f80fa09db6317ffdf3d847
6304722,2026-07-20T18:38:00+00:00,1ed83aa891d71c5b9b6a34b7fe6b73185efb10643f60416b783c4df38228c8fa
6304723,2026-07-20T18:38:30+00:00,52890940e1ecd68a6919b1cc83d3c99edd98138242996bbd6ead20116f0122e0
6304724,2026-07-20T18:39:00+00:00,683d5ffee05bb86ac860dd597b9c12fc7bd8d6cc2478b0826a578d4b1cd44d5e
6304725,2026-07-20T18:39:30+00:00,138874d09e6c809ec8a354a53c912131a798a7ed5c862ca76a52042b35a75c5e
6304726,2026-07-20T18:40:00+00:00,640ab291e842bb0ba82c1384b6809c5b9206fec87ba8f0f7e5458703eb2902cc
6304727,2026-07-20T18:40:30+00:00,5b7441ac3bed83237fddb1492cb5098e6fbe58ce9d198861f7c863da048c1527
6304728,2026-07-20T18:41:00+00:00,f38f718c29f4255f0bb8f2867f6e1749ab883c696936a31e4ecbf1ff7c30a19b
6304729,2026-07-20T18:41:30+00:00,0402a7048bc1f8c6f45b0284f24230461033800dffe468d5e4bc4f24d4e4ede1
6304730,2026-07-20T18:42:00+00:00,8ead947adf7539edd37e3a72ed2d9aed85fa53ef4c3cc4fde45e2bf8fc7fc4a8
6304731,2026-07-20T18:42:30+00:00,6957841b1f53cfe2094b0b848d920c71539eb9d5585da806bcbe064245c22141
6304732,2026-07-20T18:43:00+00:00,544ef3b90a95f666d627cbeb950b9e45c319738935af50787fc6793e104a598a
6304733,2026-07-20T18:43:30+00:00,dec4f8f0378914e3114f7896f8e036bcae9b0e02652927e68e5a5bb4b8d04498
6304734,2026-07-20T18:44:00+00:00,ea425f515a22cc3d57616ae19a1de62b2e16af96974fe4bf0bc1b9af85fbbe4e
6304735,2026-07-20T18:44:30+00:00,2660c8ca5d85c482885a06c605df34869d688490124f534fe9977b7fd4a943f1
6304736,2026-07-20T18:45:00+00:00,31f52e65a949a0bfd3b590ba3b75781c909d7c0859fa0a028e7bf54a124a5b10
6304737,2026-07-20T18:45:30+00:00,0571a6d9bd0793d47b9b56595867a4d98ee231d17312f2c4d0b807b0f9ce8910
6304738,2026-07-20T18:46:00+00:00,deb617e01b059df0376179565b0f84c8976c4ef5ce09c4572e238bcd4ce9e89b
6304739,2026-07-20T18:46:30+00:00,55e0438437f598d2f9f6a8785aa7ef68865a8c4c58175d14114c73aa84f159ce
6304740,2026-07-20T18:47:00+00:00,b58773a428074500e1baccded8f38cc728eee456b44e79cc11cb567dd4a2d47e
6304741,2026-07-20T18:47:30+00:00,1d8d498e32f5a9dcf4c36e30573f250c462159e63569b38ed33419be910c9bd3
6304742,2026-07-20T18:48:00+00:00,24968b7f9fc6f5bda4bb316c7bcc9abf2c62ac7ba09b9b094a91f4b3f34608b9
6304743,2026-07-20T18:48:30+00:00,5276a6413ce7e02f149f21ebd984e1dda3fc6048034083299727016ea9ae5750
6304744,2026-07-20T18:49:00+00:00,61ae541f71ee75a9684797b8d4298ef7648fe63694e4e68045d8a0f5bdf00e4b
6304745,2026-07-20T18:49:30+00:00,d4e8ce862ab63a00aa42b48ce11ed9ba03ca49064bc8f5e1e372bcb4f6ddae6f
6304746,2026-07-20T18:50:00+00:00,05a78b2cbcb3c56b63744623a5fd044b4382017b886465433abc4bf99a0c4e40
6304747,2026-07-20T18:50:30+00:00,ed6708e4e18dea64b51aef603205f057543ab1c78cf1a56d1bcd7800b3fe3262
6304748,2026-07-20T18:51:00+00:00,c9fc621180891b073d401ed0d997ba667da4e4a9a12cede8d80080f7699ed5c5
6304749,2026-07-20T18:51:30+00:00,9902ef5ae8e5eb741e046713f40514969a555fc0e0c52d4d8474719fd06a4444
6304750,2026-07-20T18:52:00+00:00,b189900a19f258944da5f5fbfa4747c44cd724bae1d031953db2c03776148dff
6304751,2026-07-20T18:52:30+00:00,6137b808eccd51452023d45a7149fc6cb2be0d8faa66daeec5503a760df624b5
6304752,2026-07-20T18:53:00+00:00,082f39419c7285507f43367bee0d346f32ad9d84ab1674aeb4a8157abaeffe1c
6304753,2026-07-20T18:53:30+00:00,1d1a4d5290f92b314e71bfc01af37f9ae4a5be664b19372000bfbe867c6c0f17
6304754,2026-07-20T18:54:00+00:00,e371d179687875ecb4b33947e69c9c2542d04ac258ecfca0ad062f1b91cf7e78
6304755,2026-07-20T18:54:30+00:00,d7e41c96b399a8e88f8683614268a787aa3433526f185758aa03a485f04954f5
6304756,2026-07-20T18:55:00+00:00,3b08a25273644ab5daec0fecfabad2a750a8dc21a31db7bbd61f77912786024f
6304757,2026-07-20T18:55:30+00:00,f3a53f9956d549adf4a2fcd01a58069a4a4f3bc0ba0a1050bd13c4fdb2e430d5
6304758,2026-07-20T18:56:00+00:00,f147109fe4dc4ed11137370ea626aff73ed583f6c25140c67de4185b1c760a59
6304759,2026-07-20T18:56:30+00:00,394a2b15a18de09a26a2dd1818668d8d5d8735b355abcbc8af7406b44019aba4
6304760,2026-07-20T18:57:00+00:00,b9805e163d51f140b68a369fa05b254f8dfbf9c21294fd2569f214587f39f397
6304761,2026-07-20T18:57:30+00:00,b28a312747874f94e9b9c5dd269a5fafae09187d49cb75529ac986f93b1486c9
6304762,2026-07-20T18:58:00+00:00,c60e93f05633ed35302e2cce640b3717534ea176eb00ad21aabfb51a33334416
6304763,2026-07-20T18:58:30+00:00,1f800024b14f243566eae7b6ad566af5387f17e952ee7496795f7d74c2445ec0
6304764,2026-07-20T18:59:00+00:00,7cad280ed688d0a6adc9d81fa2fe0a5eac5d7e4a829df422ca690df190074299
6304765,2026-07-20T18:59:30+00:00,14c7b0baaff4b83af8c9938d1fbedba2ca72a65a4f09085cdd7f0dafcfcfb246
6304766,2026-07-20T19:00:00+00:00,2f91bbf6733eac8789e0bba39a4fe2b40439000064eec28a30580aabf998281b
6304767,2026-07-20T19:00:30+00:00,46cff94f00c3b27679a850d561de623f38bbeac8460559f83f938f71961d909b
6304768,2026-07-20T19:01:00+00:00,e885def806ac948867c50670219f2e28f351c487ea1245d307212a5c6d583232
6304769,2026-07-20T19:01:30+00:00,344de48937864565c42749522b88424e5e0be158211df7350e13f49b676c0130
6304770,2026-07-20T19:02:00+00:00,b3e3251eced1c6f965de2edebdb0c799170badde8049f5f950893aa763e3c82d
6304771,2026-07-20T19:02:30+00:00,73f78d64697a83396479ab05426059eddfdee3d76df79b13fe295b86a228413d
6304772,2026-07-20T19:03:00+00:00,fede06877fc7d430dcc4d5354f70ac2baaee5173e4525bd5278bf1f34a5e8b7b
6304773,2026-07-20T19:03:30+00:00,fae1724e2edb97d5acc58d4807fffdd072e47dd162d17177ae260f400496e8aa
6304774,2026-07-20T19:04:00+00:00,56d175bed5aa0ff24455c8109fb7a9aa5895869cbb9a73e943b1ed9cd2a1254b
6304775,2026-07-20T19:04:30+00:00,7060df928cd95afb87e201bc0e92e086e181adfc28c4f6be959b8defb9e8cbf4
6304776,2026-07-20T19:05:00+00:00,b900f537345532e6a0a75f2c6a2bf8cc07184439f808348080698fcf8a469a02
6304777,2026-07-20T19:05:30+00:00,d9d6ab5ae6a06cb14e33e459fa4e16ee200827df39b09e9806f6a81f5cde4be9
6304778,2026-07-20T19:06:00+00:00,c65eeee409b94fcb2d297845faf8a7da5dcc665f74a887a9dc34ef8854ab1dde
6304779,2026-07-20T19:06:30+00:00,e4e22913cb1505b2abdb08e4939fa1bc25228f4f340765ee4e0e0d3c18350619
6304780,2026-07-20T19:07:00+00:00,376c63436e1f3e96de73a5c12027d368e017aed6aed479005f8ec8774f30ffef
6304781,2026-07-20T19:07:30+00:00,431888d8daae013cb69acfd0156de37eac5fc67e58a00b105cd1c4f223ed46f0
6304782,2026-07-20T19:08:00+00:00,3cba77240f4acd0aa4b0d620f13e110634ee34c2bbe72aae72fa02ea6bfb6643
6304783,2026-07-20T19:08:30+00:00,97206b3ab26872e86a82eb2e18dc73e167423fbe9ea4eb38f0958b1f63953f81
6304784,2026-07-20T19:09:00+00:00,cf5eee11bc5a436cef880e498977cf4bdd6a43001b7fe4850f5ff4c364415b97
6304785,2026-07-20T19:09:30+00:00,578e0abe0ae3a009bf80df9cf51a8e5d8c814dd6976b294c013fb61f5d56c60c
6304786,2026-07-20T19:10:00+00:00,9f998962a6a616a7e7fc837a9ae2821f927ba74bec306332305cfe78add744f6
6304787,2026-07-20T19:10:30+00:00,a92cb441c0e7401b9d5eb9c6e7a1bb883c96d097503d3816ecaaf94224694fa7
6304788,2026-07-20T19:11:00+00:00,8fd6e01f039e559bba11a9e43deeb1f27270ffbfc6ed7c2494d59d6dd594167a
6304789,2026-07-20T19:11:30+00:00,1ed5900f40bfe5b55e34f44ac6db8d7b5c5725f82d82052c5988882bd9a192f4
6304790,2026-07-20T19:12:00+00:00,0e8b9991cde33b3cb9125b06673e6c023bd86f3f10b63f4f63ec47314991a3f7
6304791,2026-07-20T19:12:30+00:00,060a9ad94df0132b49c05df92de57ad46534916e187e6601b835f7ff511419cc
6304792,2026-07-20T19:13:00+00:00,8bcfc1f2873b4952f70cc18af3b7415e0080de42c40735290f3facd48f42003f
6304793,2026-07-20T19:13:30+00:00,7104ca7836b68d95b7f4f396149e5e8f0e3f7f275e8a31ef74b21f1e7da9b6d4
6304794,2026-07-20T19:14:00+00:00,52f859f0dac5e83545caf3bb9035d2cb9d58a80e8101f3ac0983ab1134e0595e
6304795,2026-07-20T19:14:30+00:00,75db0fb011e213e2e7cc54c7486746ff737d9eff437bf5720e396ff96f19e131
6304796,2026-07-20T19:15:00+00:00,9aa61d80cb2009cb193533ab77131bbe2cbc0966762e596a2d3b37f17dd3622b
6304797,2026-07-20T19:15:30+00:00,9c472f51cf21867ca499474756e26275a29e27d3cd3483e9a2d16849bbc1cd00
6304798,2026-07-20T19:16:00+00:00,0dccfeaa071d7f149e3b82698693aa60a1982d677230b02e343e4938cae29c93
6304799,2026-07-20T19:16:30+00:00,2ab55041f32a2e183a11b8210d7f70c3da6fd19ad700ec0677bcf2fe7ec82c1e
6304800,2026-07-20T19:17:00+00:00,c30f8b20f70d03234663f9ba71ae86d76b8cfc0ed5dff514c945c89a70999cfd
6304801,2026-07-20T19:17:30+00:00,1477bf570e1184f09d01d71ccd348a0d1239751eaa10d51ca6ada0a7b7fb27de
6304802,2026-07-20T19:18:00+00:00,2bd9ad08ac2deca878bf3090d85f55489801038bd1861abb3beaccf1f2429f99
6304803,2026-07-20T19:18:30+00:00,f417458597c51ec7ee264d4613ce7c0307103b8bed66facd62c9bd3ba95fd8fe
6304804,2026-07-20T19:19:00+00:00,6b0adda67eba8bf6207f7b138a2592f645fffe12d8c3a5d5a6dd505a976d8b9c
6304805,2026-07-20T19:19:30+00:00,7ed43ad6bcd3b4c88042f1134a38526b3fd700ac5e13a6e9cf88a6aef75904ed
6304806,2026-07-20T19:20:00+00:00,dab505ac22a74f334c5ad423d44cf8ded843af821db5fdb40065de9557e45d18
6304807,2026-07-20T19:20:30+00:00,53b3b3cc7bc75ffedfa77e11e0037706c8a132d273be78676cd3e4bc510888ad
6304808,2026-07-20T19:21:00+00:00,e324a327e7327b9182ec27681bd23c222260769215452ecbd130ca5932f29dfa
6304809,2026-07-20T19:21:30+00:00,a69ba54c5d028fd8e167e68b02d2ce0608d9f9b007114acbf1788ec6f953c5d8
6304810,2026-07-20T19:22:00+00:00,d784d8fd97ec56d136eb621915e7cefa9c2015a3f98a994ed37474a683150220
6304811,2026-07-20T19:22:30+00:00,1a4722f5eab5ab57a59e4debf0be2575298d0175f7e8513daffba6637cdccabf
6304812,2026-07-20T19:23:00+00:00,5c69447d80554be4162086e938c0765bf77eaba12d30d6e374dd7701d356715b
6304813,2026-07-20T19:23:30+00:00,2c602a1dc97301c92456906aaa0c9becc8aa154b79921c65f331d3c43a5aea32
6304814,2026-07-20T19:24:00+00:00,30e86340de07100a988f5b1b1b040d9233780b138dff60ea0faf4d207a880110
6304815,2026-07-20T19:24:30+00:00,0c051d9ea7bdb078a1ea8f0ac0e1f099d71c3dc9db294a824d3a1c95cefd009e
6304816,2026-07-20T19:25:00+00:00,fba8bbd4e4bd12287e1e503393d3e47ac856b2ef26f0e6cdf50a9ce0ad003bc6
6304817,2026-07-20T19:25:30+00:00,cab1ea6c31723bbf0379e6b99fd47d6dd5ca6a57c7c2a7f86bf53f2e0e04ef71
6304818,2026-07-20T19:26:00+00:00,3f6923417a1152e37c31dbe40a5ab15538d0baae0a4b0cbe4bf986dfac71505f
6304819,2026-07-20T19:26:30+00:00,cbf3ee6ad51a58f83d89883f17dfa580dad5a4f4427bcff740796d57e965d73a
6304820,2026-07-20T19:27:00+00:00,02e3072909cb7b022196b7c1efc79cee9b9e021794f2f76ef8dab5743d2637ed
6304821,2026-07-20T19:27:30+00:00,eca73ced6ec00e574197141c99e845fdc6e25b7cefb041c46696f7299efd893e
6304822,2026-07-20T19:28:00+00:00,6ead621ab82e2dda6ddd1d52361e9555e395f44523fd5aa76892541f54622f40
6304823,2026-07-20T19:28:30+00:00,6ad3bf9d0f93a728fc2d73076031933f05c522d7a3e9e1c07fb86a67d145fc96
6304824,2026-07-20T19:29:00+00:00,a763190f5ad648cb9d5bd8c84ec5a0a8740be41da5d74774d8b5e8d98bece2f5
6304825,2026-07-20T19:29:30+00:00,7a36aaf6bfae4a7e5fb167eab71e050991d0d57716edafd990cecf14a4072d74
6304826,2026-07-20T19:30:00+00:00,f886d189e9b21b0737a3f719a24feffd333bb86b496db0a529daab9640cc1c41
6304827,2026-07-20T19:30:30+00:00,b46ce7b70e86f5e99588f9a68cf4edf23a9b8c29e43637753c8118f4e952132e
6304828,2026-07-20T19:31:00+00:00,03c5079c0e7e1de5f9a24a047b385b9ac55cce86d9a245bb3112d4c13530df14
6304829,2026-07-20T19:31:30+00:00,2c644ae1f0e06d13f556c94d1c88ae88c23ea7c5208a22b7d990ff557676da6b
6304830,2026-07-20T19:32:00+00:00,1274d32bb3ebd2c4c2f2f16fb768b949f5a2d71a8b763a43be1bc26b93015f08
6304831,2026-07-20T19:32:30+00:00,faa638a7824b901a3b13c1663d02449af52d47fca73933575cc861dd3f452973
6304832,2026-07-20T19:33:00+00:00,2820e0f14c834a88d75d72bf5dd3b3160c3cf4a90fed919356c4c94587403090
6304833,2026-07-20T19:33:30+00:00,b8f2400095784825096d388b6b594916b33ddb99787567a05b0185a2b667f0e3
6304834,2026-07-20T19:34:00+00:00,1f6c12e515156db354707b28d6503b94d6b79db03c8e9014b84f6604bd295967
6304835,2026-07-20T19:34:30+00:00,3451e16d989aee567437ddf148b7246f30fed9e17a7b37f1e721bd97329fd810
6304836,2026-07-20T19:35:00+00:00,a5ebbdfd7b24bd2b3dc1693744b5d8b894f27b43c4d2b3fd1f9a042e9102c4f4
6304837,2026-07-20T19:35:30+00:00,9b8777511de7a943017f0855df720e806055ade1de196f31ed9799b7be06f47f
6304838,2026-07-20T19:36:00+00:00,439d7cbb657aac8a6b130f9404f6950eedea30b0b9f9a76aab2c86fe91273743
6304839,2026-07-20T19:36:30+00:00,595c24656bb75641b65321484d924dae329336c2f3eb35320a7dea0de206d174
6304840,2026-07-20T19:37:00+00:00,c26eee566a6128570fcb7612b938c8021d95db1b9bb22a22fe5c1b6aa741dd4a
6304841,2026-07-20T19:37:30+00:00,e9594f67a952b28589880303f2fd4d99e2d191551120a1d00411a4d5042cc81a
6304842,2026-07-20T19:38:00+00:00,97b34a60fa9a55f81d877fb289eb50f5efb4008ad747500e73aeb3bdeed0e7ea
6304843,2026-07-20T19:38:30+00:00,596a53da4c32fa065835a19fb7986dc8b894497bbb016562dc5c7a6ae98b49cd
6304844,2026-07-20T19:39:00+00:00,b77489385a30f62fd317bad38c19656c58408ddf5ef7945e06b0d9b71f8596b2
6304845,2026-07-20T19:39:30+00:00,977c8efafc75043d2842b8e959261afad6880fef0e8498371e7ad1b9ce79d5b2
6304846,2026-07-20T19:40:00+00:00,a4850532e0d927c6c4cdf7f60e34ead9198525fe50893fff6b52e7ea82d115bb
6304847,2026-07-20T19:40:30+00:00,11dacd36aac0c9845125a7801ddd7a27e5a3eac50fd5d41fe33bfe4c5e7a710d
6304848,2026-07-20T19:41:00+00:00,1af1230d35a698fb3e053fc53c9451f0b450aa84099fc94c2ee1f6ad45110955
6304849,2026-07-20T19:41:30+00:00,4f67554cfac8f9c8d768ee0cb2706e08e9a3b6e49a73aeaa91b1dfa116c08c63
6304850,2026-07-20T19:42:00+00:00,e47702e12e4e4e4444f73ee873146a16a10e85f95f0d259b0783f4f245ef7d48
6304851,2026-07-20T19:42:30+00:00,4dd73c585e06c9e3645b5822976ebdcc4f6645eb656ab7ef1e4b09d995dadfc2
6304852,2026-07-20T19:43:00+00:00,e39d189f3425e90be0aee9f55c908001dc0ac48efac71dd06a2c5312a7786666
6304853,2026-07-20T19:43:30+00:00,420465bbb0f78b10d3833efefb5de1ea7d13ed2e3dcad18f38e22ae7ee5657dd
6304854,2026-07-20T19:44:00+00:00,948ab45838266bb6c027f372c6ba1199b19271d6b70a44939f2c55ec5306ec42
6304855,2026-07-20T19:44:30+00:00,6cf29414271969d76b914853ed0e238e35b0ef55773f42c57c1b9f056c398462
6304856,2026-07-20T19:45:00+00:00,9d0f3d008f48da72827b4e832e0b384a4aa63111165f649091c18c858cee5692
6304857,2026-07-20T19:45:30+00:00,bbce70627d44deddeaec88c67dce6a1a914caa9ba56fc5e514ed7656ef99ae05
6304858,2026-07-20T19:46:00+00:00,d27227318fe4aadd023516bf7ff1e56dba33bf27facc651dd82657123effc683
6304859,2026-07-20T19:46:30+00:00,c20fe44a33b4bfa992ca918d9174bab431fe046c525f082e8b8a0faa6322c4a3
6304860,2026-07-20T19:47:00+00:00,35522d612dfbfc2d67e6ccdcea48a11d6c7c881af09f4926f981256061337e83
6304861,2026-07-20T19:47:30+00:00,62235083bcd0f7fc79cf8d14c0469c8808af7795476985d70c042c951cff5082
6304862,2026-07-20T19:48:00+00:00,e09cae17e6643e97a87af8b1aa5bd88f62b2aa0c20183f07dd3136f71b7bfa42
6304863,2026-07-20T19:48:30+00:00,57528482d5f7d01c713120b65b71ba68cbfb17a789ba574d84606ddf18e2d92a
6304864,2026-07-20T19:49:00+00:00,4dd2648a0a35a5d6dc1c7f6a7eb69443e70aa3e83ef346c024428b3af620e2df
6304865,2026-07-20T19:49:30+00:00,7412542d7b13cda49fda22938c6eab5f2c5181fab44b06249b09fc4b99013a88
6304866,2026-07-20T19:50:00+00:00,0970084a57ea6e329e6f8d43903bd0e1c122a9c67d6b5e8f977d8feae9e0470a
6304867,2026-07-20T19:50:30+00:00,71f13e0eea12e1b223824295bdc7529f1164a6b4fc6fed705538053f79212f64
6304868,2026-07-20T19:51:00+00:00,cf92bf91a28596402fd787274d6b8851ef946292589873b3180ae9a083372036
6304869,2026-07-20T19:51:30+00:00,95117877e2209c201a48acc512d438b102317561a594e69557dbb0872bf909b9
6304870,2026-07-20T19:52:00+00:00,96661f9ea45fc6f4c028944d628fba1ac43254e6baac0a61744db445d6daba09
6304871,2026-07-20T19:52:30+00:00,53f980603890f7ee0dff592683dcb5b02dfa7a88bad73545e12385d862295109
6304872,2026-07-20T19:53:00+00:00,c29127289b3da068a5f56a792811b7d215aebce624a5f5554c0eef361f381e94
6304873,2026-07-20T19:53:30+00:00,2444ecad9637fc6461cca2c7713f108413d9aaa3bce9bd93b903bd24038b6280
6304874,2026-07-20T19:54:00+00:00,d8de7d94ad8dfc1f5045d8ab59dbbd8ffc8da66e4867f6e0a5d816bf694ea8d6
6304875,2026-07-20T19:54:30+00:00,bcd965d7fa12270d21cf888ea16602fa921bbcdf914f9a135c0bfe4770e65d33
6304876,2026-07-20T19:55:00+00:00,4499401098d31c756db6ebfaba0a89dc618abbd92172f2f04894f296490cbd89
6304877,2026-07-20T19:55:30+00:00,d233b40a2dbe838b921b7b6c6651a6e7ef95deb9487a0078625d43e330c87b12
6304878,2026-07-20T19:56:00+00:00,829fca4fb2c7f0b205f24d50d494342c4f400791a97499572829f472fad53f88
6304879,2026-07-20T19:56:30+00:00,1430606fda2763af2301a89e641f00fd277e043073a7047582025c84ce88310b
6304880,2026-07-20T19:57:00+00:00,429ece8e96d6028d589eb277f7347bb7577ac45e4b38217ebe1350c7ed9e7519
6304881,2026-07-20T19:57:30+00:00,a5fb3c6c0ac59cb92e90913088363c5bed8cc50b3e82d32306821bb89ba15e67
6304882,2026-07-20T19:58:00+00:00,802672063565b30d56961eeb2c1cb1ea829d7e88cd9507e5a6d6c66fc9a2508f
6304883,2026-07-20T19:58:30+00:00,aa3e0bfc9ae7e26de3c1eb13d9de818808248fd497244f0caa8452b48b69465e
6304884,2026-07-20T19:59:00+00:00,7f34af551cbb45d3f90d3b3210f85f2e6926b3dc5dc600e4828c5ac22b1d369b
6304885,2026-07-20T19:59:30+00:00,8d4520617012ae08f358e80a9fc3f8d4cb03744b255b5e1fbff929102a7d59e2
6304886,2026-07-20T20:00:00+00:00,07a225a235ceca45b3d24f82303064fee355888f557c42bd3b8ef749bdd0b105
6304887,2026-07-20T20:00:30+00:00,0feb720c438e33e1d0af792f1e8eee67de2e05da48427c4f2a57450640cb7b13
6304888,2026-07-20T20:01:00+00:00,fe47ba95020d6cb88e6bec089f8bec73f4e561e51ed6162a02f27ec8751ca6d6
6304889,2026-07-20T20:01:30+00:00,a6968d1f960844780f11cfef28099e56c16c3dce43afb76a2f3c32b9bc84009a
6304890,2026-07-20T20:02:00+00:00,3dd7948432326af050c634405e4df660b9b2fe84d2068c97aaee9a4c11a7f44f
6304891,2026-07-20T20:02:30+00:00,11813f43c813b9266018d609ed148bd7b9be31497fe0fb8475cad45d5e26b9d4
6304892,2026-07-20T20:03:00+00:00,69b42cb78acddaa0f5e3534741139a9647f38a9b49c0e2bf18be7ae3cb17b09d
6304893,2026-07-20T20:03:30+00:00,ec5c4c1891b06a8697008e9ba477c8c42c747ac9dda42a0a5cf6abfafabc3c60
6304894,2026-07-20T20:04:00+00:00,cd0b54486f3013cc646f2f02d7664a13470a8645921d44efefdb648a7cf82c13
6304895,2026-07-20T20:04:30+00:00,720375d64ea62f5eb62430b3c1b4ed1e635594f1d78a9d7ce97614e519ebc70a
6304896,2026-07-20T20:05:00+00:00,6c8c66d9486ee97ffb4491a933c87d25049e66b8cd03111c606110d263158fa6
6304897,2026-07-20T20:05:30+00:00,5e46eccb1752ae31e23b64f583f9d2643e7fff4071db374e021ef2a763858e56
6304898,2026-07-20T20:06:00+00:00,592acfa62c337bb2505309a27a0c36fa586adc789200333bbde770ddcc71790a
