index,timestamp,value_hex
1866874,2026-07-19T21:54:00.000Z,4dc82d8675d4ccae47777c8d1ad7c4df07f02e6a3967dc6edcb79eae51aa0b5c5dffe9dd4e54b70e7a1ec14646a0d3678eae84d8954ac717c95b556d91dac396
1866875,2026-07-19T21:55:00.000Z,2e31973f0f465ba9abad05d47c1ed3e7458da33ebd11eea890cdfd53746c1af67e714ae8ba850ec8386cff93e00ec26eff47df4fa1851b485ab69b9060becab2
1866876,2026-07-19T21:56:00.000Z,7c70209fa6a1e8e5daa487b2c00b279e9ce0fd73cfd73251333d508ef81d46d9e611535c0bf414d75ad5a0785a1fbe91661f4c4c67f07daeeb432b1a2ba2dc73
1866877,2026-07-19T21:57:00.000Z,799f6dc6e021e0f2c5f57f6782c09d73494c6708cfe037cecbc929388ed015c78c3b3178980467a712dd57ff38b2acbd4e07fde0b80ad6c757485f1b78a06421
1866878,2026-07-19T21:58:00.000Z,5354de3de6833a0df82a53854e0a0cb3074550e7911d52531ea324bc2360675b027bc23eedf88b3581e2ab9856fc30e9d201944dfd3b4d35dfd5942a17bccc34
1866879,2026-07-19T21:59:00.000Z,79da72f7698ad6a290232d2d14cb64491a3e2adf2fbd089865bf45073ea6cf84b2a26d13134af2f7455bfac9160378aeb0317d0861640d1ea128f1e91e61b3ac
1866880,2026-07-19T22:00:00.000Z,c217b100d2e03f3565c8378d96d3a9e7ba7944ec06ca9a9933a2b7f1875c07b764ab5bb52275d6b29f2da27114bbe1c1f25455b41f57582826920adf8cc13a65
1866881,2026-07-19T22:01:00.000Z,2496e63afccad65276c7c7887e6a269b57739cbafa31b3212ad5c1205f3ce2736f0fa8a12500c0736e2402bc23d6c5923a42c159d4a14e91b531b0aae61a57a6
1866882,2026-07-19T22:02:00.000Z,8a6f28d8fabca8cec6f371cf9b36bca7053f5aaf4394af610a403e6089dca7f0284558714f31129f7dd3e4ef4407b6ecd8794c03b39735bbed134f5ea3c3431f
1866883,2026-07-19T22:03:00.000Z,5e6352a89bbae2218165ccf4d4b26ecb9680858fcd1108977c0c029a19e3afa340bce0c322046abd12fba81780782489b25b388b0c93f937e85392bb89400ecd
1866884,2026-07-19T22:04:00.000Z,e70faf0089b436d26b4b9e513b22a5154170036fe43a833e5a076cbbe8632bf6c533f98515c6ef40a7ec2c95bd27ec2fe8782861aa1fff278d9ffe6c5a85e773
1866885,2026-07-19T22:05:00.000Z,d17844db0b372628eedb4bc37e44cb149f8670b9f7d2db9b2516599fb3d5269463af0ad9e85a4bdd888fb36541ac48be60e8c974fe7f5debf59bdd086fd2fbca
1866886,2026-07-19T22:06:00.000Z,588a8137a45776baaf47a3bac2448f41a36e1d6616fbbb9d2196c30f3ef2b221bce5404ff31c2c253877cf056ee8896d4537582e3806793a8e97db53243f1a33
1866887,2026-07-19T22:07:00.000Z,590200313df5e98e6bf915f1130e9c073e5b774222c30c8493e8b3d983712abb04176504f47d3ffa01a0e6e00ff398fb6c51b30fbfeca0c607f3d3e7949a2f07
1866888,2026-07-19T22:08:00.000Z,b5477ef95f0ceb7c56d8084a055ca6ab2d75c70b9cf51b3b8de309eb237b807aa0844cf22c3bdaab1afaa9f6bdff3e79d800567594d758533ff4ac834752cab8
1866889,2026-07-19T22:09:00.000Z,f1ba60c316cc481d1e621e152a1e39dcd8840188c9c596977121784c624a7643914582c3ea80d05a8ef24531292130b70d3c1b34f5d96bf2c27a86086220927d
1866890,2026-07-19T22:10:00.000Z,ae82636b15fda24c103254e51117b9ab0a9d2225b7f6b930c9b4b517c7210f2a2e5b86ffe56f1134e7afc43fce1ddf2c644348c763a431f1af9d04df12a027e8
1866891,2026-07-19T22:11:00.000Z,a7c8f7b14432a8d5eb1d45bd5d2efc2fb326ae12ca5ef1bd5bf5d84d13d16e55fa72221706d56ab8e93ae4658d1fa531951a0f6d004ec15481711aebf59249e0
1866892,2026-07-19T22:12:00.000Z,ede9042d4279ac56d21ddf3f9c6cd3b84543cb9a4f75d4513e7025847e1b6a5a0d85c94e4f67dbd47ef1e2fdc17aa8e919e829754dbe4df90e17c177e2c2f5d3
1866893,2026-07-19T22:13:00.000Z,25dbe6fb7cf1e4791e8beb8fa16ccc3e6f2fa783af909103a9916a341f3d7319778d957526f77e8a493429d9112277403d7ceac5787a3b205ed0a781393acc23
1866894,2026-07-19T22:14:00.000Z,6fbc93dca5badfcbdc92ee65e5a520d0232c1e61d4c12396f4b3fa9585997e8d472de9b8006499b05023cb1b7506eda8ae01e56c47d96c2c42e4ef95efc1fbdb
1866895,2026-07-19T22:15:00.000Z,f16ad147d0ff0a14aad86a36106517947203d8aa7c501c2390e6f64de85920a0a9df74b15b700c26f0e3b1ef5821122c484dd4a30e2609c0db44cd1e9499d4ce
1866896,2026-07-19T22:16:00.000Z,4ad8664254cd42f128cb536866d45bb6c3ad1f904eb235822673560cec8d0f404b1297792e3f1e6e3b1b5f96ba1a70b97ded096db7f70c9bf5e53171f7f13ae4
1866897,2026-07-19T22:17:00.000Z,bec559b9372175519b7f73c08de8d8b9a787906f082e7d6d25fa6bb09e49bfa65904f3428d334d88824ca90ca9d185bb78d698aca0b35716ac962076a27f8574
1866898,2026-07-19T22:18:00.000Z,8414256c1ecc7fb41ef956d286f963ef99cb431fccc4d2e68817dcac13303ca40d114fba396c099053e80387cdc622fd9db9c9d1b8f012be7cfc997a089b3766
1866899,2026-07-19T22:19:00.000Z,b9b10f66d8c213ca5e7eb95c0a70e7e810230fc14daf9132694ec3aa9ab45b2edc2407d3360ff6c1c7cb9a91cbed1bf793e974b1cf866e78ba40d51a47754f8d
1866900,2026-07-19T22:20:00.000Z,ae87886cff5be55b087b1d65bebe7515998cec042c26ba149e6440700b357be93a374e7da68bc47eeed294e354bcf2ffb4c7b2af0ff15d0d4af371b8caac4a31
1866901,2026-07-19T22:21:00.000Z,d2d2a94f19891b263f5e76c09a90b09b9536fcf9a2d9b79f108779cfef08c1567e985cbf958d43e1a6e3d63b7a0580d9c690e47b385f91bfc6cba0de6e21c513
1866902,2026-07-19T22:22:00.000Z,c77a91bbbdf79d4a124a280e24e27f06b6caa91da7570457ec7564c0bda552914dfc5d299ab3ffb70ec99d63010fb08c5ce3d7a7b1ccfb9c590c04ef0e524d60
1866903,2026-07-19T22:23:00.000Z,25c1c6c46f576b55bb49646425140e265e5decf3dd214dca2ad70c6726f2a68fb5fbfd0931bce3913a87b5af6a71558b2e7bf7770b44b166c71e5b572674b829
1866904,2026-07-19T22:24:00.000Z,79eb81199b362af792827a0d95d42495f0f213fa06dd6e17dc361a88c9ed453c7e18b56e1089a7a0dc1256dc6bd230651ecc921401c018968581e34752a59965
1866905,2026-07-19T22:25:00.000Z,21d16a00b411bfd27964df20754a90878d97cd3c6e623b8752be0b2874f374571002401f5c97304348d0506d3714b2a6ddc951554ba59ee8cb589af339c51781
1866906,2026-07-19T22:26:00.000Z,c00038ccb4aaf24b7177667959976b9be2da10bf84314f3e45f9f43752d9270acedf28dc8c2c69f8d6e7322c1663c220d9236077cfd4777d36639d358f833547
1866907,2026-07-19T22:27:00.000Z,b932bad8cbf2625c3ae716bee9eaec63043452aad23379c86a32688c72db3cb25a07d0f5a73f4e8ed37b7849abb47e111f6955292d7eb64532c5cf2592a325c9
1866908,2026-07-19T22:28:00.000Z,7a70d77918202ffe4a6611d735893fb45b6b41636c572fe7d55c5dbbe2414280ecf4bf8371571d896b17bab77aa6a2493b4f1c49864b60817d69bfc3c2874083
1866909,2026-07-19T22:29:00.000Z,34a0d01359ed75ee684f76a71a8390fd1f3f71d4a8adc4a42c29a024a68211909e6eb2fdbebd0c578c14c2908e1da2f11e05d0b830597b44765328b479a99905
1866910,2026-07-19T22:30:00.000Z,a1b83a8d77ba8ed3bb43603d0221ae3079d79fa69cf322191efe0bc638b273a274db8c29d187a8c2d922476a913a7d379d2984f52b17b9f4e66e68d9e5a021cc
1866911,2026-07-19T22:31:00.000Z,3b8e1e9e3e6a3138e7a24e3ffe3ff2f238ddbef97b3268cd43828ed105fc7cc207b1a11b79cf914b735b3cc310b314a7dbf7fb74d171c9e4f0f45495db7a60d9
1866912,2026-07-19T22:32:00.000Z,52b6175d921753b116ad173549e967f2304926b427f53ff55860433d8e791f91add04cee233b05045932e20782d02b1de89487c84c1553cf5b4bbdbf21f22e13
1866913,2026-07-19T22:33:00.000Z,2ca76d0203925bdb5bf3685e53bbf1c21d8ff7db74a081e10e4269ab487ac132c5d008af81c6b98759d14b7b97327efbacadd228a0be4a7653b350bdacea88e2
1866914,2026-07-19T22:34:00.000Z,cc7ff5066c5786b9cae89f281b6cf82758535ae313f6ea57614a29ba5e1ae97adf193f2e271aea60ae2219284957e1bfd675ffdbcd5bab9991e54dd57263ab8f
1866915,2026-07-19T22:35:00.000Z,dc6ad67e0b35c634320717985c025266076d7cff07464ab9bc339b8ba590d6bc5167febacc54f4019e55bdfbec5e5650ebd7c1c89f4262fe57b04b296e53055a
1866916,2026-07-19T22:36:00.000Z,b687d3ffa10081c2b200fd92cd1d23d35ab270b3514029f65458a6597b1e4ebf689f75edcf1ff1bf4d42b78f91a6159b085b2e388908e16251dd555a4c91ad81
1866917,2026-07-19T22:37:00.000Z,75781b090107e7963e810f808b4dccb6caa20cf6cc3927b7eb8ae3aa9975bd2dff436f12b7d4de0861e2d911a8dbf208b741f5e8616afcbee3f665df57da085e
1866918,2026-07-19T22:38:00.000Z,e81f9f679b4a1e38f8f0f3a1c26d56337fbc457656b83ca9919db6aaf438f3fc4dd8771dac4b68901095daca43e82319f184cf717a772e2395a8125716bbd928
1866919,2026-07-19T22:39:00.000Z,abbf552b88623e12ce11f587536576c2171a655cac2c28abd14acd98051c0917cc199eee61bf4944f1cdaabbb107fd8b4193ee504f7db6a60956dac29b65802e
1866920,2026-07-19T22:40:00.000Z,d3a48ee98bfed951c61129adc836cdb11a6242c44fe5c06766e48215a69d872ffa2fd35ee5e030151eca16b60a2b624eca96070d82e25c6f651ac98e0cc0b578
1866921,2026-07-19T22:41:00.000Z,268611671aa81cf3be8a10c134256e30d26d3b6b720eb8ae13a03b09d2a38624e4994e9eae811a2f3fc9a2a2eb4c0e86dcb5a2d3591253b2a09a94fcbbc6b3c0
1866922,2026-07-19T22:42:00.000Z,8b745e5420840e40d2d9fff4bd48119d0233ff37f0e4075414606beab6a96facf2da003af45c038f6d22fd823702f4c77931d2b00ad1d23bb4fbc3ba75c3f0c9
1866923,2026-07-19T22:43:00.000Z,6f0761ec36d6546ce68ca3d4b5d5258901f58480a30abe75afcdddca82694f13a6e927b4c24ad0daa6dc273406748c34cf8143d988ebf08f42d44f29621622e9
1866924,2026-07-19T22:44:00.000Z,f560429cce5105d0f44ea4559d99227c0f34aecb49cd33569876c08d6d3c18a77ad724ea3665e242445a879f0db608ba8820ffe584d0aa724a5696d33015517e
1866925,2026-07-19T22:45:00.000Z,1d48410176a29f5364343d835bf6558715afa12e3a0876f9856d44d716dee7a4bfc1f833fdcfb6633a2a30553825e554350c55c2ecbc8f720ce9af3f6afd871f
1866926,2026-07-19T22:46:00.000Z,bb1460005409bd5c4a52b2c6ef22b08e6c16579390316d5774eefa4ac3e6728d1212f836980ce4e58c6d1e98ed1041012ba8489b6d2416469ea5f5a5a1d2ac80
1866927,2026-07-19T22:47:00.000Z,e1fc00de9eae1862f146076e7fa081fc7509e949e8350f6dc2f3f817aefa94ee35aee19af9faabbdbdc7b4c81900c4c99507dc8eeaed95c840449700c1bc8801
1866928,2026-07-19T22:48:00.000Z,cc6a1b9afd113ee8f28e08053e77cf5c1b88d882d52aaeecb786dd68f74b84f945e1d77c8527511795e010198bd0c318b5eac1da09a579613956345262e37b08
1866929,2026-07-19T22:49:00.000Z,4e5f4bf58165bdfb314e5d50a6f753dcd75304c8de46845928792b5bb356ba848f5e91df6065011d54acbe067a808480787faf24bf126c59b03fbfd9b2b4a54e
1866930,2026-07-19T22:50:00.000Z,adba3341901606ed8e2bdea964aa0de5e08b8c6f9245e94f2a13ea4cd1924c7b8df5157e286e2c4eb0aecddab69a0b141f1a0ac928870680f0ea35e49840a2f3
1866931,2026-07-19T22:51:00.000Z,cb70fecd53e92c961080875aa1806d817c1b6b7d38f3bae6065325e4cd4c74ddba2f53659ebd59b8b23d1ed09522e18b2a35c60ec561c7656fbc38b90ce56caa
1866932,2026-07-19T22:52:00.000Z,26ae64231378912e171a4439b3e5e021c5b8f29ac74ca508538c8346a1e2d84caa3dbc90b7678ce7db686430439f8c680dfb344b14f78fbce9a165dd68d30230
1866933,2026-07-19T22:53:00.000Z,a864dc7e7fecc992b79e44d1e42cbd80f66b8203634a44fffa122797e01a97e3f7fbd68ebec467c3c5a2132150ee2229543aef70ac5e4fd7cffa58bac2c3964c
1866934,2026-07-19T22:54:00.000Z,04c195b1b18a8464bdbb05333e0a7801233503b8e25763adb08ae05b0da05583d5975676602d279eb367cfcf1de63378562be7b78311d6139bd65ffcd5a63be1
1866935,2026-07-19T22:55:00.000Z,b293bac6bc30aea83a2a84e2d2a83f582303f5643733452bbdfe8f0ff177bae4b525d09f93f9b588c8c5b80790159fe9266d2e4555c5a9ba33bae3ec0f2e0f37
1866936,2026-07-19T22:56:00.000Z,782d76cef3430c74e1c23d98ba8d92b4788c9a0986dae0120245c05bc78710b362795f813e440bb28715bff82583a0ebdeb8df369acfac19b94e0a6c2fb2b574
1866937,2026-07-19T22:57:00.000Z,b1cc48c4a44fd2369016a0315fd24e31b06e7aebc90dbb9dd5d7f90f650081854bd66ae21288ea2e36df887a1972b0a6024ec31260a40097646a5200daab1d80
1866938,2026-07-19T22:58:00.000Z,7838124d8fc462eecd5d4579d6ab476dd685c7f3c5b81bd7fa713d0ba0d9ca62294b0da4b519059f018629e3ee572fe6e67be1c6c88366bb83cd4deec4f899a8
1866939,2026-07-19T22:59:00.000Z,d34625a8def648e24d87376e052eb8f1896b07ca5c44a9e896b439da6b4350917ffe37f8e3f78f01c8682b4bb594c90b6238cd3312eef0423ed929b9c7914923
1866940,2026-07-19T23:00:00.000Z,5cd8d11abf3de2402e13b7ec03dc3af91e7ff0b691e5bb8bb939c3f1415cfcf103e12d9fff1918f9a284bea2a663e4d7123f58a4e94950ed832aa73350d4d5f5
1866941,2026-07-19T23:01:00.000Z,d86416bf96e5801af875ce50d5fe30615186b586372b9cb51d5ee539783d173ee233516831e3535b9fdcb144594d57511951446734a4034d93ba6c2032466606
1866942,2026-07-19T23:02:00.000Z,ff9712e01a69ffea6bf4fa9775357796d55aa7d99c43c6e21b69a729579efb68f1d6c3fcbba561c25c71cac76df5635f6039292912287a26123122e572fd2d25
1866943,2026-07-19T23:03:00.000Z,e630857ec22a1279a761e48a920a809c76d8ec58b6bca4e875aaf267c0f71320ec2e1fc40d624391edf4da3c7a2cbf7ea9afb21aa0bd05f42137bf4ed0d23c74
1866944,2026-07-19T23:04:00.000Z,30e7143aa2e2d9335192adc19a86bcafe93a2dbb6649e9ff5f866c9ce0cac91c0d1bec1f3fbc6ff6f904d454c818d298cdd2cfaf31a7993f8dd46c3f375887ea
1866945,2026-07-19T23:05:00.000Z,12e7fe6c9eb05f75439840baba76bfe0fb995404aea6f0198decf363d234dec09f3c5db08591154a8861da0cb71466e223d72becfdc0730a966feb2d92cb85a0
1866946,2026-07-19T23:06:00.000Z,f82390140dd4a69502f8b61f14c13be8fc67ae6b86e9ced97aeeb595376325be2950efab1165534ee82ea46fe71ba57ed1b306e2cfed34e388cb804a841a1994
1866947,2026-07-19T23:07:00.000Z,baf3b02926f8ca02ccf0a8ad2d72db75dcdf1d2ff9c711085cb55e796397ef92e21781d7a070cd18694834476a5c304b77d0053d29ed296c41e44ef1b2a5cd37
1866948,2026-07-19T23:08:00.000Z,f89c15d754902a420f97a0dc39a7a7e1c948ed9dbe0a452db94caacf7c722e89d47edb1f3f224afcbccee193017b04d2a50cf4f89d591d95a440f203731e0322
1866949,2026-07-19T23:09:00.000Z,465fa8e205adde72af751a12337af9e71b47dbdb967c9ad978698fd432860d35c57191576e8d7d88a7752f2d98c8c6696a855230feedd8841575ce3bad58a0ae
1866950,2026-07-19T23:10:00.000Z,1b0f7d15465e4fc506cbd1e16e5a698a131aff586f0b3c1caf1aeaae288210f373180c48ac8c66fb5cf1ee2edf19a8dcb4f1a54b93ed822db492375db310667a
1866951,2026-07-19T23:11:00.000Z,e554e257fee6493ed9f51e70e0638412e15b92902ddef6ca47cd7922f54d345618bf24c5a969ab1b9080974afd2aef433cef6f8f7543aa7697b2beab5a341e1c
1866952,2026-07-19T23:12:00.000Z,1e8234dd71be40eb181e93a5c5b36fe46978c77a3dc2f00a54a2d7a445d41d884cb27195119919953f4aea397413d36b2c0302330482a4ad7f98b28ad4a435c0
1866953,2026-07-19T23:13:00.000Z,5c111094f5d5e43c7832badfc53c91e0ccef3e2e3ea5f52431286c2c4ad27142913e247cfa1ffe82db3f33b89cda659c7b3356a2981f2bbc77fbfe4465bfa5a0
1866954,2026-07-19T23:14:00.000Z,e603cc9bbe4faf16d86bff069596f7633f9ba8e1564d0a562b97501b4db061a4e66c4e177c2693951d3e10f07768b3e64f4362db7a12bbb5dbe368268cb58dae
1866955,2026-07-19T23:15:00.000Z,9ea8af776ce4c6a3206a64576687609585060ec01f547d17bca4b30185332c4d5e754e1d28f8ba88810d04002a350fe08bf9885d961f1bf14169fd56ca7d3241
1866956,2026-07-19T23:16:00.000Z,1ba550c0c4470076c56f938efa352d513006beab7ecfac3dbbee15089b1c8c4bb5c5244cd354ef7c46487f7118b7bf4b539229efc906f9ad7eb2fe32b5a86c2a
1866957,2026-07-19T23:17:00.000Z,b8ef4990d5af8551174a1b43f425ed82ddb02f9cb7b94f3de40da8ae1899dc4850134c46fff0f1dbcd8322cc582a3c3b38b94fb9e81d450dc4490191fb4d947a
1866958,2026-07-19T23:18:00.000Z,264d4947d5a31fa0c622de0944ebb39fda05226cd10b686395f97b2f7b1dd29f03a3a73393aa576400e4b6f146c79f15435d96b6a4a42e8440a46c9ba71c5db4
1866959,2026-07-19T23:19:00.000Z,d6f09230d19bc62b0ac89f57c3095c030f2f86cbba333ab915d5a21dd546e4d42bc816d3c0084e8f2d7e0aaf54760bfa6553a2a67f5ae79139f460d321227fdf
1866960,2026-07-19T23:20:00.000Z,d4c8683d14ee54e59226001f567eeff09dcb06cbadd6ae925208e17886a1836ab3bdd4600ef6b6c349d972af2451b285fffc041b25d3d81fa533f94a89d6fe5c
1866961,2026-07-19T23:21:00.000Z,3ca8c46629f0685e4d73be8c562d1a0529d3f4eb7683f61dd68342f142d200d0db5b1911bd8ea141201669c726733e71bead517b52cdb1ed99aae87ad839384d
1866962,2026-07-19T23:22:00.000Z,ea871cd36d93b80bbda8d58e6ee27a48abfaa145f4787132175e6152c899f0d72e40f2aabc2c4c93ad83f9a3a2d0499ed91df67305395e06473cf745eb19fb1b
1866963,2026-07-19T23:23:00.000Z,23662b1487be3489c541133381079e98948d63e9b61f786c4407fe7600ef73b9a4933b9a8faebf85d0ae1c10fede4a1d529805c3e29b237d75757a66ee417a55
1866964,2026-07-19T23:24:00.000Z,07b78a81647f988372d35f72db5da60a69201735f324e65a8c6fdd4f149f412e2ff80dd71aaf5a69e7cf2c7902727cffcdd0f26de2c8cfb327b685df41dcd936
1866965,2026-07-19T23:25:00.000Z,73ab9689a17d297e334d2ab7b5e57e24b096e69afb0c016c448eacda84e6e44e2db8ffe97f9ac271fe10230ca274196d819fe39ec04d2c372e6ce29aa5cdc1cb
1866966,2026-07-19T23:26:00.000Z,63ca72303d4fd8c3216f573b24368c1dfcda308a8776136f4b4a4e668f7a9e354d3fd32a820276c9ef72afa63483d4f5f4f41503252dbff09a825241bc9b3ecb
1866967,2026-07-19T23:27:00.000Z,dcd202755f73821817ffa43b4b5ac2230a6b0ba5206b0d9ae357bd28107acb96bf40e882c30797a4b75e6023940e13465b3b4ff7f1c98bc989c7a85ce6a181e5
1866968,2026-07-19T23:28:00.000Z,3f7250e715da65d461fdcbc6b4f04f8d06d4ca0413ffeebd54430d256306e98487880abd04e0d2d43368c11d9ada01948eb15dc749cc964deb2977ff300bec5e
1866969,2026-07-19T23:29:00.000Z,12367f7ee7a3abd0a3d3a37ee3fb8816fc8d4c4157465c0cb74cd55fc103e81cc2b560028855ac4ef7ee71c728f6b3416fb175b70743265239d36671c966b32e
1866970,2026-07-19T23:30:00.000Z,bfc92b5326bc4cf4d01d13fb15d3c05dc39195794d0060016ee079e8e1a774643d8ee2ee03030d01c049970ab8848d6d3e289b7de5a80b049d716d30c2c5efa9
1866971,2026-07-19T23:31:00.000Z,6abe1bcb1b8d2f71b9d1771440bcb2ffd4659ab4eb3f8b6fe60245d43d413d5783813e0ae7dd451a49d58f74c21722b58f3798ba41c1fd62738bc9a0679bf181
1866972,2026-07-19T23:32:00.000Z,d2a93bff8209bd3608067183683e31cbc3721e7a80dedb73017b3e5dd442798fa8742e6729d4c136426e764e59a6b70fd9d49056bafc3378b37e8aca8ca0c895
1866973,2026-07-19T23:33:00.000Z,2cb7cf050479006291e9818c4054ecd914125367ee0468cba4665559cad103e6d424b3bcaabfb15fa4997a7043e7df2b58bad558c59f99be8ac59143f310fbd0
1866974,2026-07-19T23:34:00.000Z,e63c78468870e5da3331a2b8922cb75966b37141a798518420a5d5b0d813e7fa2c4ac537e2f6f111f2fae5d42fd71aa180edace4df7bfa283cc6a578d9630a9c
1866975,2026-07-19T23:35:00.000Z,629979dc81a10c1ecd3476be5215b818a02ad6497c5f2a593d21423a4118c88e8ad8618644e744e9ccafbfb70f61efe9a806eb03a497bf7e3dc4a5a811fff5ed
1866976,2026-07-19T23:36:00.000Z,c5e86707c2af0aaa559bd6a51e0fa1cbcceaebf10f77e8d3c56c7abecd66410233627253e4498d9eefe7f091870723af290db330b513c220516b7c97eb170523
1866977,2026-07-19T23:37:00.000Z,6a2a7b2ee426ec263789c517e54539c2fa871674d0c4dafd3b414e63775c4b55c527bf0764b6145153a12d02826fac911f4cd15080cae2a2ea86776b9d225188
1866978,2026-07-19T23:38:00.000Z,2ccdf504c425adbb751b9beab411d0e03013bade4603123b2c9117d8934ad32c53776aea6bf4311c668738a24ee3203161bd1d01cf774fbb996853f66e1f62f0
1866979,2026-07-19T23:39:00.000Z,ef5b42b65a9590424520d73813e5398be874283b337375823c192a002233ea5be842628b84fa5956410349dc121c35989938505a8c2303e6cf38a3f64f24f3ea
1866980,2026-07-19T23:40:00.000Z,8f2455c42119ab17d89efd5d2cd941ac1092f58c1396beb5d2b72395a6b20b1ed23baee24d35d10d8f5d2e516dbc9c4ae6ce5104500b96082c0a653306a15b1e
1866981,2026-07-19T23:41:00.000Z,3bb3a8424f93a5a4a486fa94a52c8f08aade8b2f6bc3e1e7d5f9740452127d6aaef00ddd9de83fd5d9d4cdb2112834c26b66c5b376d83e713d0c08bc95293078
1866982,2026-07-19T23:42:00.000Z,2aa6dbfa7ea4264aa2608a71774a5b15617d5bf37c11429535edb41ac4940235984403d25f97d5b30751ad1514de43ecfb482b198625e3cdceef8ee3a4507c97
1866983,2026-07-19T23:43:00.000Z,50065faebf4214a64430a8124a5de506fd06d673cfad67ab463c2bf51e7a53d991e483923f158f481b924d2943cb86677e16ad7e57dd6f94c6c2058dc957cbe8
1866984,2026-07-19T23:44:00.000Z,92af461dedbc5d613911d6c800a326a8ffa5ec69db7103ffb6c5843c2c40ad3c9cb8f951f7db6bce04c8398d30dcb54498006c9af965d264cb70ebc96e87ed63
1866985,2026-07-19T23:45:00.000Z,f7b48e76191708deed5608a26e0a5abad84c44f3d0de6dacaf7ddb282c05e87331f45ffec03d2a4ae9d850987a353b33a60c65a369f276040e468d297fff865a
1866986,2026-07-19T23:46:00.000Z,44a96cbdfb0151d596ea21814922129d47fd449e8b0b02a1b5271675c314a106b6bb636d009208590f593b33e335cc8dc4beb29055b4cb8d425075927e19c368
1866987,2026-07-19T23:47:00.000Z,3e647e28668dc847c7a5c926ed1a428c6d35682d6ab3fc3ecb76484ff9b680935f7cd8cb17225b5d2640e3b6c151dd75e6950bca8a784ef58b9a78b266f860d9
1866988,2026-07-19T23:48:00.000Z,494ad47d1fb255f94a61453abaa394fd2d25e0c863bb814ad806b4a17b5d699e5b4952f4ad19b8a8221b36a9ca6ca8b76c0ee07cf488d023c66eae7b155bae0d
1866989,2026-07-19T23:49:00.000Z,4999e2348ee3d82a87cc0043d2f7436381b2c53d838ef1bb275125c560d3e4cebca3298d241501b6094a6c5ecd8e46b66f3d31f656c39552a0a308aae82e399d
1866990,2026-07-19T23:50:00.000Z,bfa26eb6110062001ebefc017f6dfee3e111c4a9b5413e44853feb00f4f8b486140740ea941421c517b528d04ba7c32ca4e537efdf755c41177940ba4149e704
1866991,2026-07-19T23:51:00.000Z,13ab8cecbd8ec86e3b556fdc016568370f84a3aa32b75a70e179573fa92ae0dd61b8a5d8d7898905c8d8dfad1a843efc4821a74468f9ddc016cd9151c980b404
1866992,2026-07-19T23:52:00.000Z,2a8fab8087342c4bc91cb9a22ade5f51f99c1b05e9a4e1d3c0e9163cf01fc64faffb4061c7525e543e9f72226380ce79672aca65095d039ed3feb6c8410c1745
1866993,2026-07-19T23:53:00.000Z,0c26ef853c6b42e1bd8ed0495b762125c5ad3ec241ba373173ed43f37808c172f1563d1557f89c81d4ec3306fa511b3512297d602fb0bbd19643e6f620ac53b8
1866994,2026-07-19T23:54:00.000Z,964ba2c42e7f32659f07663d18b86389ccc77e16d6bbebff6786401d3c1131f80b7833fbdb701e3a445d510081d06ebc79c9d3ddd92dbc29accb53ac0ba03997
1866995,2026-07-19T23:55:00.000Z,82cff914da0b530c07983eb7983aacb2b8c449b6d6124c5df50d2e0a0dac037191194168bed78cd802b453ce57179d91ae189a3946f2384081645c69e7f21bb2
1866996,2026-07-19T23:56:00.000Z,a76aea6cfcbb8a617942b676d933322a78882a392592127c3d2a2a7c8842fdedeee62ae6bfaa0590d7dd6159b4c0d16dc015bcd877c5de0af6902a0c81bbab88
1866997,2026-07-19T23:57:00.000Z,481290b26e9b413332b6e97e1c5d68a2c74a5d95985316dfcb768cb536a6f2fe59d53e89a0d6f394e498d050f76da8f8f9abf3195cc9130a2fa17a1d3e9fbb96
1866998,2026-07-19T23:58:00.000Z,e1821484aca6eb8d0a38609f18082d9aa520258b5835c799b5035076bcd262b4642d7c0518c33be4a8b3dd4cbf857fda4c943f4b4e93ad17a4a003fb9ef07038
1866999,2026-07-19T23:59:00.000Z,2f91fefc8ab397a8e7aa6d12e772c5e2bc6c123f5b2f0d6739948f2c7289cbbce82e6593d2101b94d6926808353f35ed7b3ae84987e6b8e55305cd7cebcf78ca
1867000,2026-07-20T00:00:00.000Z,5157ebbae48e94761983d0bf54fcbb7c73fedf6d6244eabca5101deb122ba4f6bb3fa6433de2ed081691a81fd6a1bd42fd89325f163fbfc909174c6504851287
1867001,2026-07-20T00:01:00.000Z,080464863e68f080308dc3a936287aed71c19d448188226d3fb54a148c9070e5219c79730187e47c8c921d03ca3f6dba92fd103e87bcfe86b1db99c68bd6d532
1867002,2026-07-20T00:02:00.000Z,291869e3a934d21bed009dcd6309cf754a41f1e01fbf57ff4782f29f86f7c7b54e6f34a975040f7ebd0f260dd05e0d8202ae90cde9f4918fdd189643d29b7c56
1867003,2026-07-20T00:03:00.000Z,60e0ae7b843f834a3c12cbd8f2dc71628c56f16b858cc20e79953bf94d2e158dcc6ef2d5915c4cfe5aebc720ba53175a282ab9e5f1f47233d43ad14c50663b85
1867004,2026-07-20T00:04:00.000Z,2abe2ee51a7bb3ecad902ae0976972a95a84870e5831501384ae192811d71e5214a6cb5ec85f55f129d8a7b6847fab6190d54d0e718270aa189011b7dd2862a2
1867005,2026-07-20T00:05:00.000Z,35551600569cf82b58040be02c15c644aca6a4ea85486694bf3fd7997f3f2a9760e922cc9a20376ed3606dd62b94fe490f9418484a9c7e7c4a3dd1ef485b27f1
1867006,2026-07-20T00:06:00.000Z,63c02b1d5c50d3640184160c4fd29b7e9d352afdad251bb03d8ee6551531c020299f73591bbaa96353d54b2e3f5d4a8f48381478edc5f3bab1b9260e7d4bdd19
1867007,2026-07-20T00:07:00.000Z,d15398ad1f326d45220c88056d885d4377b5dcd174ccd3a87fce0047aea2fed4d172ee32282f3fd9e8184642dc6f4ea5f5907b01f01df25f949e9a5edecabde1
1867008,2026-07-20T00:08:00.000Z,ce7228ff9abb3572c45f54a4df27eec1789ef926185836aaa148d610ef401bb71fd60d197c7de469662ec7459dca96a31ccce27a9946a35ff5226c87b633186f
1867009,2026-07-20T00:09:00.000Z,ca09d4b9016e122ecd059799856373942a088f984c7df33605b6da23d847a9af7a7e92819a335ea75c4d0069201cf4c3004c0333c33436d20766119887bb6990
1867010,2026-07-20T00:10:00.000Z,b7afd782d0e77f7e2ee7b8885dae5011620bc0e786de4996c35cf6be2a0d5014fb79c85168b42c6733abe9fe0d0785aa791ae94298ba0cd5c404a4999df45464
1867011,2026-07-20T00:11:00.000Z,576cbd661635e6ccd222d9d7bd66eec7ce0ff92416e0b1eac2f660188141d6d304a5b331b62676b9d273128b4062ae6752fcdf9b4cd06462acdbc4e656dc509d
1867012,2026-07-20T00:12:00.000Z,66907101f12d05fdf4aa6df19f28372c7559eaf4e95e8ee10205a69e291067f70b90b2c0bca1b420a1a50a2de71dccc182f394822907d8833d35e3b7b36b7524
1867013,2026-07-20T00:13:00.000Z,a507ce437012e2c062f78b886e02d64fef1775712c3ad5dba1511694fda55d971246b667c8dd9d1378d4b34d9c3076a727d3e33af1ea9a68e7ca4ed94c38aaa1
1867014,2026-07-20T00:14:00.000Z,dc6b08a50b0781ef065efa0a3ba21f080825c4cbc548d91193deda14202b24fb85526cad78020ceb66c893a297895a8acc32c837daf5a80025b74dbfe5e5a86c
1867015,2026-07-20T00:15:00.000Z,23ce62361b7cb05d60a02def6417c94b2d07ec6880582c50ef0a7d5f6d75f43876f3019cdc1a30152294c38b2b451b02929bc7f867379b43541e4aa8f11f6c2f
1867016,2026-07-20T00:16:00.000Z,44b6b29e29b58a1d99b53d9ce700cb349e163c2cf54e1d491a40300469cc866e70fec29f6dc86d34de148af6b53f69cc077f461d043d6a54d1bef06e44b827b1
1867017,2026-07-20T00:17:00.000Z,b356c313a99a06f93e24fb6e94a2445d7232a6110f9e0eb263578f26fdb35ecc3c25e5eb80f4675bbc9cc469f7480a897ff828e2c5f122cf09b2c09bde568279
1867018,2026-07-20T00:18:00.000Z,bc7fef2ae39f8c7da514f99bf38b553a875a69b0e76f4ab24d8aa8a852e171bbed013e49c14b9c4481f831e769541bc02d13a3c04b466498b2e0c6369fdd2d54
1867019,2026-07-20T00:19:00.000Z,0dfaaf6d3acd3adb8ca6dbe38946383d681a8fb753d1f1bf426a46d7745cc89321c01b26afe8cfe43cd64bc164604f60f8b56d765dbaf0fb47a631678079dea6
1867020,2026-07-20T00:20:00.000Z,756fa37772e5a1bc842511f100eb8f6e54c2b42c4f0030039133021aa9ca80efaf3ad77fb417616e9ab1a80a30b664df97c453b468f3815d44c3e5ada5262cdd
1867021,2026-07-20T00:21:00.000Z,e096ef6c81ec467fbb7917f33fec0e417d382b578885d1c798d2fc1987311c1a1ba4b750ed86fbe4444eb76510a46a59464be1f0c14627a3d77ccbbb6bf0682b
1867022,2026-07-20T00:22:00.000Z,64d1d7f54ed3346a701ea815a5a17432ae8a9abe4554209c448d0d8ab441b68a0fa47d64301d5df44287aeb082e4c91835e758f39bba297f09a728955f3d99e1
1867023,2026-07-20T00:23:00.000Z,756ed1662af08aec42ad6bfc873699283ec26f4a0571f48e2db5cf3333ad82dff7033063c2ccec6c5a15414dcaa7f849db66a9970b678f75a0adfd2a3333427d
1867024,2026-07-20T00:24:00.000Z,4f63baaaa3b073a4f6c9eac3fa73cbbbd9e6f5524c39b4ac5f45d48e4722ee6688b4766c21c9dc4c0d413ffc4a6f6b3b55db211e06a52fae70c197ec2493f305
1867025,2026-07-20T00:25:00.000Z,be0423e44b7723dc83f5ecf084d890021057eecf23f9c073dc3f04275af0d74384bd3a3a5da72d5a040849d3b3143223876ca8af2ebec8ba599cf35609868612
1867026,2026-07-20T00:26:00.000Z,e12183226990e693a958f9f7e0d470bb0e40e3349762fb516dc30a338bea22d60b2e32e88ee78a766a20396095d216bcf0ee7457e155f5ac11aec3fcb221003d
1867027,2026-07-20T00:27:00.000Z,6ee60ea34f4452400fed1cfc6110d63d0488f3f94b652043579845f1b98f43137181280655cf0f4604285a32f93dd08c2228b80794265e20e0093993672b304d
1867028,2026-07-20T00:28:00.000Z,b6aed472ab084b73bbcc034aebe401d7a7c31bea35e032a09978fad9a60339abedb6d4d04b92ffbb8dc579fd037de43c4b9bf34626740f6a30514a615f9660c1
1867029,2026-07-20T00:29:00.000Z,787e0402dfd30ee93d9f779c765c94a8cc960b5722613c12d26b6c5a2ca8472b2eeabdcce6e2c49a050d591f58ea8ad17eaa77475495ce814c30f7d14f95e707
1867030,2026-07-20T00:30:00.000Z,f8b6e85d6ee695274e206798be6927e18d8caed0a629dda76f54b4dec1b36cbf7fca8ae4ee0f2cdb579c6f619c6eb5b2dacc2966bd713e5e9672f97ce273c14e
1867031,2026-07-20T00:31:00.000Z,2332a796930451e3289e893f334e1691875c324f9d4dbfad41f3f29f48298373e948e627b004935292b3200c6af62415c357aa51c7ed77c0fdc2ce1337315bd7
1867032,2026-07-20T00:32:00.000Z,c6f926324d772f4ff4ae86197d220c45ce0b9a2e95b0b20d8ee99026f35d2cc96ad496456121cafaaf1bca245303b55820bceaf6b68ccef97184ba93ed315c88
1867033,2026-07-20T00:33:00.000Z,8788410e94ea32f82285c0ff8d6fdd51ae2e21ec33d7cf72ae24298f34b62930db6e08960c4d965c7c5ab09e43a6d33db370f5f6c3b58732b3ee808b3176b8c6
1867034,2026-07-20T00:34:00.000Z,100e00b1aa32a6ab7141ba1fc9b1b99872627bc047daf6ca5bb8a409542e7ac837e9d9dd31af19431dc761926bc1b507363e450429262b51bb5c1465d0f56772
1867035,2026-07-20T00:35:00.000Z,93e4bef3b739f3ff0872723c385c5cc13601b0fa9c6d9d6dc58eb81a830261844f45e4ce8bc0b89fe9f85fda7de73100d768036f5f0ec9e475cc40c4965a2737
1867036,2026-07-20T00:36:00.000Z,891a30b53972fbb6382ad10808686fcf14b78cff4f7de22fbfacc7d20fcd3084e8b0bb9729961309e9d3a565ad32478e23dda41e1f9a4888394a2151f19d7ae5
1867037,2026-07-20T00:37:00.000Z,f6cb98b39232b61de2b21002c7ca4867d0f10ec6b545c870bb4b20935f6c5ce5c40b9f6dc53ff38ce041d212a63b5292ce7f92fb31a36832bc757cf2a525b723
1867038,2026-07-20T00:38:00.000Z,efe7f4c68ee09f596c447f517f616f643d5ffef552c469060ba3d0d03382a2d90ce4f5b47fa92e8d723f7cbeb176db2ea4a2dae1e10e26ebc2543ad9974e5a35
1867039,2026-07-20T00:39:00.000Z,59de4ea9c850383b21572985ea1258a31b7747fe3bfb39d1aacf6419a931397f464f7f08fd820257069cb44c86bc15ecd6efe19e83606bdf1e461b313d641d63
1867040,2026-07-20T00:40:00.000Z,ecd1e3467994a6e0dff9240a4e9305ce5ce8c85711b206158795b2edfb10c5ad0f78e6997ff0a4f61bff00c6f00f15d895c0157bdcce2abdd08576285065f88e
1867041,2026-07-20T00:41:00.000Z,d6a952ba1d22bd24e9a6012d2c36a793fb0429a5757e1cf61af732db2d2addd692004c4039a52970d82f9ff900d27a14cd90370b4c2bdd1e35169d149f3539ea
1867042,2026-07-20T00:42:00.000Z,758f52da0764f97a1218e7107bea7d2dc7a0f70684c8c657fea17a851cf0b4c6af97ada0f7d3a4ee482e8448386516b8e16b7673d19222d35606bb5388f97b61
1867043,2026-07-20T00:43:00.000Z,a80b707bc1b6cc55536de73863d8f773d0f427bf79a7610dbf2aff4d8f0eaf095e9150106084508d9bc3aa9a4d1187fa6fbce49aa4dcdf00b43cd3fee9b75fe2
1867044,2026-07-20T00:44:00.000Z,920cd5582d7fca006a79938ea6300012653b989afb7ec5807db8ccd500dcfb8105b3af98fd9f7f7eefa67495b510e18144478304e1689908111fb7871dc36a84
1867045,2026-07-20T00:45:00.000Z,ac88573d9e17b40ed777206f53cc8ff54a1a736d6e6123d016f4d133379c1d13d51208536547d9e1061e7ec4549739d06959fcca1bc25144031df4a454195abf
1867046,2026-07-20T00:46:00.000Z,c9694e029ce01f7ea1e27661182c638ec4d11ac9623291966cf80b313491c82780a648fb6af9d6c4d9e46923903fe27c78cf04ccd8821885181531875630071a
1867047,2026-07-20T00:47:00.000Z,ba57cffc856addff0be06078c6563ce1aae93b49c768afe7ce0b09207a6f823c0dc5058c25c944ab917dabba671c3b794ce86f37e276782d048e97f5e314b398
1867048,2026-07-20T00:48:00.000Z,5626f68a35b70e036ff58c782ae82cba70a1df362fa912fdf2d026f1cb00a78240118b0ef5970805199a0fc9f029e6b46631aa9a700757210f8b757bbe8af775
1867049,2026-07-20T00:49:00.000Z,9ef059f16e8b2a2cecba665fbfc4b0dd483a1aa6a1c571bcdb01f706203d0b8faabfda4bfbd27b54007ea1fe1ac21fbc8a81109bda35946d44d8c423064b72f7
1867050,2026-07-20T00:50:00.000Z,683e4bb3a170b92d6ee973699b382ce8dc01bbec8d4e0c278373e4ad259b2b283c423da4722c222d5a17891e8cec14457f11246b6d99113558c5d8b6dec97dc0
1867051,2026-07-20T00:51:00.000Z,66df8af88edc27a24063be0a58277d7e91b52adc2caa1e0ddaf44f08dbc78f1cc16ad68ba370155650461112edcf109d57216a209cbeb1716d717e080518c10e
1867052,2026-07-20T00:52:00.000Z,c32a629d06a57db8aca322161f8c66ac3cb1ecda7eaa0eab8e1aed37eaf3f93d56e92a2a9ac2ade9ba71c80af7089847ae0840db4a1817809afb992937ec1f0a
1867053,2026-07-20T00:53:00.000Z,6bcb06a518d9a8d01f1ad664a10b97f0b6724148fbf839c0d99b94add2c07f7343a5a45e12c7efb013f32830c400d080eeb411446720b4c23522c87ecbe5c8b3
1867054,2026-07-20T00:54:00.000Z,820efbc5f5c857e5744be9b2c67f1a49cb9e78a75ca1c68500c1f1365402d226649f5c65f15c9651a9c0300014cdccf1038b1e38c89758081a0a40c7e0db2235
1867055,2026-07-20T00:55:00.000Z,676ed7fb63ed7f81480757cf87358224e3c628021d200c6013d415f37ecc173d724990e2e573c57c636d592b91da629a1cb0153c38e6fb46dccb9445eab4736f
1867056,2026-07-20T00:56:00.000Z,70d3054dfba01a71043be5580eae508ea9957705b9a5f18acc30aa7e51b65a7096fcfcb113dc1f7c4aa6ee3281debf1eb1eaa767fb80477ec3eaaf4c7ca0027b
1867057,2026-07-20T00:57:00.000Z,451428588600a79f70cee967fc39ead65d6f6da0f1b60751baf46e1317211a5edb6e89bb44f19e9d7a6401a85c8f24690cdef1e8990e694aca615db231ecd90a
1867058,2026-07-20T00:58:00.000Z,5085229667d7d455ca7d296496e7460fc970042c08d778c38fe5f7ed09a3f83045d605cd6fb461080deb1b2b24285134c4d17b0c1e38ac20367abb669d5e239e
1867059,2026-07-20T00:59:00.000Z,231ddd5184207d5101e7b7487199505285031a8f8580e14fb624a822b0f43f10af87597425b07445f32e064b2e209ed1eb9404ece350965d5bc6b97973ba1ac1
1867060,2026-07-20T01:00:00.000Z,5bcbcca1dab51f313590a5d77f7f365bbd7be64fb9270bdd8d23f084c164a6b2b0f0425bc2778b08cd61b58abcafd8e073d2e4c11cbdda52937689b497e1d595
1867061,2026-07-20T01:01:00.000Z,2546963ee0811013ac99afab405f7fb709d1f3a7c6d16776f339302e86705b0e5765dffe92a7d160ce67f662a146b62a65a42201a1746cbeb7d63134bebbac51
1867062,2026-07-20T01:02:00.000Z,2004dc95b4c371cac5ec4c7039864deea134baaf60f3302df953eb30e41ac553a50739f471b886fdfaa7e4c10fe4336be7d59f979deff78587640f5e3b91e197
1867063,2026-07-20T01:03:00.000Z,a68a34905dd8883fd56cbafb79468b703edaaafc8e1ac5e28d1b455787e92c2782a503539ed67cdbbbd61bda1aa4d17ce131c134f082d6b7256ef406fd32bc2c
1867064,2026-07-20T01:04:00.000Z,87117793cc772099a3fc8f3d96a890cbab3c6ea4cc734adcd79e17b8b5802c259786e62fc936f141427c7c8cc543cc41c6e0a825189821217a08b22e3d90a6ec
1867065,2026-07-20T01:05:00.000Z,a417e40b01921c8db7c5b6cdded92560ad2529435d657b9e77953f8a10b37c5a6ceb0f0a21dd86312ccbc11e9c3610d9652b8147d272d0fed70f8ca6964e194b
1867066,2026-07-20T01:06:00.000Z,08fdf540f5a19c9926e483a5e1ffc323a0a59763c4afdad2f4fe7202733ded4db4c1f5d9cad97fb76ea9a139386ea009ac142532a8a9886258d6607469e5ee71
1867067,2026-07-20T01:07:00.000Z,85f6d6df334bf9654c96a2880a077422a51a7dda411f6cba81b4713206a3853f1c41150f84e990c3f8a56346ab0a7eeba3f360c2f46eb6527c5c6f216dcaebf0
1867068,2026-07-20T01:08:00.000Z,9a16f6cbe72145910e7ff9962c273937c68ccf0973ed1607d9fbbf43dcfcce69c22cc5f06625f5b65981108d0fdcd03cae99d057ec62612dcf2ba7beb63761ae
1867069,2026-07-20T01:09:00.000Z,4b200a91cfbafecdaaabf609ce3528f4ee75b4b78c376d249cb4c54fd6c72db5c751627f17d976a1573cf00d15312a7c89f5d54b6c81d14741fb2b9f4bf32860
1867070,2026-07-20T01:10:00.000Z,8c1f000b8685dc659b2046cd564fb978c5910e93f44783965a8bb4cf9ff82a23415d15a70477229670dc7cccd2d28ae9695d8d316f448789c5b8665d35a4d184
1867071,2026-07-20T01:11:00.000Z,46bcf9719c13fe0c167279e5f1a3c4f6d30cb55a1c93a43f59b85b978744da535bc42f4eaaae7509c2279861c4c6070254abc826d0cba2e1a52e860137e325f7
1867072,2026-07-20T01:12:00.000Z,61d4228d81dcba5581473a9a11524a77a5c3712ed49e1bac73e058d4167d261cd88f987ce5238f05a54638650cbac22be493f65531805efdec932ff8c31c5d50
1867073,2026-07-20T01:13:00.000Z,09ae7b7e6ad3990a512d160b52490dde8149902f98433c8f624cc1cb2a97f5560f750651aa85c4f2889a0329ced6c72bcc8036f79911b9516c2bc8d41f118d7d
1867074,2026-07-20T01:14:00.000Z,a602a2788b62f5f77d0571644458b714d9d48141bd85df93cdb1fe3c26f74985988dba6d7899b0102f2945e11b92a075224c9ecf267cf532f791713c83e4f536
1867075,2026-07-20T01:15:00.000Z,4794bcbf85767bdb64aa20e9dc50b812aa6d0114f8dee1cf8de6e240786e656612837fd368305e3adfe4546088966aad8067a03505e6beacce0580e8c96aeeea
1867076,2026-07-20T01:16:00.000Z,800c1a0a7636202c64a5dd9b54cf3663ffec30534e350bb191e8769fad9a33fea9520a0fee807802a066bf0512656ab9fb35b558db63e7bae31e211594d53e5e
1867077,2026-07-20T01:17:00.000Z,25ec284ab8da5c8bb965c6225f1bbf1a954ee51f20d71e8a6b71c7e30707b8123179c5082fdc9299e6ef94df172503e785bae52605eeedaaa7703d44d3225101
1867078,2026-07-20T01:18:00.000Z,ec59cd0bbd69fd8b080236d59701522f27310451ad07d7c2c36f015565125507fdac6922c90a41813802c42d466cc747ef96279b16ae7c9e52cefd991645ed29
1867079,2026-07-20T01:19:00.000Z,9ea9e13f425dc9ac9b84e978e05cf4d0fa0cd4319b0d817f09cccdd1d89e1793278c90e9d5b1f5c2894d9f40d769bf40341ac71ae3b921396d9d583762703846
1867080,2026-07-20T01:20:00.000Z,8da04fe98daa795d7a2d0441f035535d3e57f28b4ba5333bec1512ade0f32ab3f195adf4c7629ba729f1d67d8eac88293f98fa8b8e7f27ef0dc8aa0d7f340eb8
1867081,2026-07-20T01:21:00.000Z,cc84b6b525cc33ee4062065442213265dcc912955e87e7b67b6ddb3267adc4fd047b84761deb118db4397c2c114b3cf8985b78670cc51088617368bad6950e08
1867082,2026-07-20T01:22:00.000Z,a869da6713624e54f4c69f825f87594888c981ccc8957159c023a5189bf41db05449684aed7311fba06289ae2f683fd985e191ddc1a965084c5840938a5f8108
1867083,2026-07-20T01:23:00.000Z,cf4ecb52552c4b82b405036dc303b4647e6541f6b686f0953e92878ca054c8d28505d14ff866c625e86afc614b8537289019163f2f2a007c9b114a8b65452101
1867084,2026-07-20T01:24:00.000Z,4d80b4964b053b39a69bf40d1d3675d621c421436a6f57d17b96effd91616b5a4c24bbc20a79ae42208b55ebfb1fb15b637647ee3af75e16d75bc775f2916ac4
1867085,2026-07-20T01:25:00.000Z,e52c68ef1fd8b881ec3574b0bb6bdba79c7539c5dc1c6350a8d1c3574cc010864125dfd2b057907f09e75ff49243c4706ca67bae995f2c302f089017f20c8c75
1867086,2026-07-20T01:26:00.000Z,41367a30838cabe6046d35b8340983aba95bbed25ffaf1c62b2e08218292db665bc967e5742c35f06ce3d5b9b2333117949f096f06b44b4f588cd5ddda62de8a
1867087,2026-07-20T01:27:00.000Z,fe93b2226bfcbaafd0fb2cb7b5da666a83f5d2fb0b4e84130052fb4a13fa4d25e22b45870fc7420431f819f28bbc33e4b90a055aa9f2c125441a0d43c6268c18
1867088,2026-07-20T01:28:00.000Z,055120657761bc6c4b7f03a6b4ab9fae4610a54e602c64523e9a9760f8ce048b151794998bae8971979df7a35fa2b130413fbbd6ccd5884626c1e56c802e1475
1867089,2026-07-20T01:29:00.000Z,e39b8168bb0a6bcb9ce7d7b05ae4d168b0d3314050fbe7be5c513999a9438f4626b4477d3a9d1e8ef584eac9c1ec664827be5e789db3f1abf40cb65779470ec3
1867090,2026-07-20T01:30:00.000Z,f501fd03ebabbee0a2166455c61cdd6676651f0e48c4141dca5197bd687fd1e8aa57841cd434a657ea3bf47cc11f1a1a87105dd8b4f913c38c298a03a125f93a
1867091,2026-07-20T01:31:00.000Z,fdaadadf53f98a58cb80fe2dd7d0720ff871e0afd1425419a7ad1782a0ac27f1393e7ed0036d8766fdfb79d8cb8c9e4c6063b6f7f700a648a1511ceaa6035700
1867092,2026-07-20T01:32:00.000Z,b1916cdafafb334a97f2b6d64acf4733fa47d12be82e81a28236e0d96cdcc532e200a335665071be3045ce49fc573f0f0816a8f6564118b6fea0d7e03172b06b
1867093,2026-07-20T01:33:00.000Z,d836e950898bbc45b0c0d21ff1700b8cd7285f78deeca5e26a013867f36b2cd724a6b1820faceae387b62f178e562eb7c22e8ee4845f3c1eb760dfc8775b9b10
1867094,2026-07-20T01:34:00.000Z,4ec5ce66b1d9a9a76eafa296e0eb845c39aa1f532257894de4ddd750eb60fa34c08dc5c7c4ab4e25cd9bb72ab964f5e6dc22d41ada1f986907955f1c293456b0
1867095,2026-07-20T01:35:00.000Z,4a2855e4c4c3bf14d3f42bc5213bdd278870390e6561c22f3ec3e89c1a981658d407c631e76350928ed31e3b6e672a301e32bfb824ab77c6c6c804ac51e029b4
1867096,2026-07-20T01:36:00.000Z,d85941b475e5584a9b4fe8708d2c0b87055f3462116b4d9b1fabd455f21b40ae0a33337f4d9df677ce39ebad22bfaa39887393593726431702435926596ffd53
1867097,2026-07-20T01:37:00.000Z,76d0dfbe4972f2d90424dd1e7a5bdc51c099705589ad08197ebd27a727c19f0ecc35cdec67f9b071d0c4e6b88faa1350c4d96fc61c41caec2c053155d0b1892b
1867098,2026-07-20T01:38:00.000Z,17cf6c5a8712d5e34755a7f0ad7c8468787f87b5cbeee34c66d0806852931c32508c9492223cb70c78010ec7dfb756cba7c3032255ea86435241e436834cab15
1867099,2026-07-20T01:39:00.000Z,36c37c97f496fa20bb5f2c0b457f7c2ac5ea2054f99ddb22d8947f0e909c5cd783cf51f3e080f3f7c64131214d88516be0cf8b4880049e7dbfefd96ebbca28de
1867100,2026-07-20T01:40:00.000Z,781055f074e3dcd1f25e73869059e95093037425ec44a9c6d2d37cf92f6e0c75f6380432e4587593505436af42947d753f377df4911861c208c89982717e6f45
1867101,2026-07-20T01:41:00.000Z,42749d67e71e90b2ae627b919268c7e285e027384c758616ad29368e94e0221803e48a54254f3836c7636714fdd7b734c8e42b535acba00df5400255e15196fe
1867102,2026-07-20T01:42:00.000Z,9456aa04e947cf36dbda17718056fc16ecfeb758685b7c1a6e183d78178126572db6261840b2da3d94e79620b931a507557c98a081ddabf692693be312b96b59
1867103,2026-07-20T01:43:00.000Z,9ed5809a3c56a0941ebb25766019c75ef1ef9d43f6960f6820296f3e7352709197153563f6838b607120d49c3892e5ef3a828ac61f61a5bd1ef61a88f90ce62b
1867104,2026-07-20T01:44:00.000Z,ebf12b1ee0fd60f600243373d33006f0032be4129e3dba5cd11bdd35044a3b88baba2d58f7612a733ddc0f32d1580655de45e978606d4d5723a20780505698be
1867105,2026-07-20T01:45:00.000Z,85223fa07ad5331b85a949c1270de5c9078ded0af82894baafa6a95a9f8b3c3326209816e40165b31b11064f5cb05b4b132fb28e9d6412c528a506c65909c659
1867106,2026-07-20T01:46:00.000Z,6788bde8328030a4f10b784f311b7263b6b3ef552bb4fd706466e2e9904e5d65c74e389e9939d3dbe7f2202640bce8c97b5b4ff933588282d6b3c7f8f70616c0
1867107,2026-07-20T01:47:00.000Z,a6f16ce3db3bd840e920abd1c7cf0e034cdaa4c9d566820ab6fdec8fd54832aae95faa0d960d13b77acca4609cf20f9076de4dd050c46b25bfeb0142902d2a4d
1867108,2026-07-20T01:48:00.000Z,ca1209c54cfa56b17dc61c95ffdd3e9a613fa96ee3a6a39f2a9740e69edf51c0b66087508459270750c4ec3ab2d5c8eb5c0eb581b0e1fd21e7f472fd34949820
1867109,2026-07-20T01:49:00.000Z,e97d7d88b0bdec427688d9d9b8403f9eac41e2a6ad322c912ef679f496d43ee4a9e09249602442bc2142ee0b04ad13deaa0014dd80523e0c6c8d292fbdc00b64
1867110,2026-07-20T01:50:00.000Z,1074161a263c0a3056727b89c1f21e4547559f7bab0f268cc93d60823040a6cb57a43caa7621a1a51623e9fe33e1273aded88bf662718db19b3d2cc331e6fc8a
1867111,2026-07-20T01:51:00.000Z,ae43c0891256fb5ddf12f5c41eb7edf702f4c72fdb5c5947625495f24db8d30fe3ccb1bebb5e236641cc89133981c7916b54097523bf8f0537a720fb20979710
1867112,2026-07-20T01:52:00.000Z,46fcf0371bc70155396ba235ee49d8418e80bf0140c3b646aa91e32975803495bfa4c86f6781465fba3c39338dab1cbe55f78ee04486876a0020f529efc91565
1867113,2026-07-20T01:53:00.000Z,ca8fde69ad789ae452705b7fd60073ddfd3ef80d95d1e3064bcc6b52a8b7de079e7b50a7a8fcd30dd0952b44236249b466575c5ffe15e8d704fa7a9de3cc90f7
1867114,2026-07-20T01:54:00.000Z,e9abfc52c86e94b6090bdafd4f3d2f4b3403d49d6584de1d4c6f1e3b6d3d32d1834491b051a47011e89eed24a24be01a88794bb31d9d2134f36fc32f0a91cae3
1867115,2026-07-20T01:55:00.000Z,701c36fe16fa51338be4551e0cb030508d1be3f6b586231205d2aef697efbe55058f6e23230c2050766fc0fd0371664b2a6f57465900f50ad379050c57ccc2b7
1867116,2026-07-20T01:56:00.000Z,0e004285c20de4d588a9f719d9d09954c1fcec094e3feedea6d6e99f40f6a0f528cb5930d6dc776e41ccb6adc4bafba2d8a74b9b1dc1fca128a4075164272870
1867117,2026-07-20T01:57:00.000Z,7b93a8da79567fa97110d5eedf287fdf35ea92d37e6b6c8bd42649bbcc585cac323f6179b2960ee510cb81ab59ecae7fbf86de9be9ecb1d02d1bdc078892238b
1867118,2026-07-20T01:58:00.000Z,902227ffd755c9352279348fb86e1c3946b9a1ca71917599b1f9d1bb3af834d60a18fe4980d9df0ac06aa2d4315502b4a0726872f09ba3e32062374b84bba7df
1867119,2026-07-20T01:59:00.000Z,1ea82c22b45644bff82335ccc6a8cbb651c91c5e787bc4a473fb2faaf4b0a6dbfe941c301ac1da54100846a3678bfdd6c3e09a675198da756afb340bf252192e
1867120,2026-07-20T02:00:00.000Z,44d73a4bc6b7c70620479efffd09d4a5d7a1a53db6c4d0410f393aa5d822e45b048d00f9d928b3e4d6ee1b57fa0ec81347ff5a2578778f53056558224a0b21a9
1867121,2026-07-20T02:01:00.000Z,bc8e2d16a9df1825cdd8b56167182227d257fa1a9631a8c417a06a401e73df6c4e48c4472f3bd794df6c8872fecf5426c3d76ca49ff7c7c05229f2794825e2dc
1867122,2026-07-20T02:02:00.000Z,71d63ae83439fc3ee77d759f08f87579c36c342246f0051cb613e89a178bbeb647a1289747eae6e74959a92ca5f612ce97f3aee9eca6f0cb1945aceae4d09092
1867123,2026-07-20T02:03:00.000Z,c1322a887433d732984ee6b4df95ea312a5a468a6071f4ea01f6c492e7d3021f552abf476dd2d71989e186b79c1b400984cc347d9e67eefb6952c52b8c74eb2d
1867124,2026-07-20T02:04:00.000Z,6a024aea674b73ef8d9562eaf0cb015e347c83f9a5fad2b4f866300ca2d2adf927faab3173f2112017bf9a8c0d79d9e25dab207bdc2b89ed49a25de5810974ef
1867125,2026-07-20T02:05:00.000Z,f01b2d53559a23a54fbebe380cba27bea165ede2d15c986c07073373de18e7e233285e7902df3ead9cee24c31259ae19f9e9d4256f2e86928b91e0c63a27c5d7
1867126,2026-07-20T02:06:00.000Z,e8ab190bb48f41632ed89a735daaf5593613f15937a7422e2ecd2982d107bb255c028ee162c5755907aa07eb1929e3df3bf8c99112fe86190a27627b61c671fe
1867127,2026-07-20T02:07:00.000Z,1ff3e708a99b54625a9733f154e7997e848c0b025b57465e582b2f21cb7f4ef599e8fc6df77f7ceb46159a987488cb00bd89dabe305dfccc72d9e45538ee6e24
1867128,2026-07-20T02:08:00.000Z,0611382775e658d095a4be4bedd9ee2fe5db65766f921797b75b4c57e8fe98befe7d0b6526d798f54821a85d8528e1f0ddd32290470440fe4dbaf0366fa2c162
1867129,2026-07-20T02:09:00.000Z,b4402f7a00198df8a120b2eaf3b9aad89c812617e51ec453574ac4d77e8f96c5d466b1b2cf1428a66cb1d659a953b44c327a51b939a9ed3f795cdefc6f91a7c9
1867130,2026-07-20T02:10:00.000Z,20302552a85577b0c3fc6623c8365f652704da7d7436f643e54605f9e7f0099db37cdd0512d771ce8337f91c58eeec31edc06e451f652a3cb7cd2222cb7ded1a
1867131,2026-07-20T02:11:00.000Z,4e248741cf5d59c6615da5765f8eacfaac11b0573c29943c5a3901c5755fd55c6d2a20bce6de0e2de684efcd94c9d296a981eb8f412ab5b5e23e15ec760f8605
1867132,2026-07-20T02:12:00.000Z,ab2f2b6c75e8df941c588ebff507ed32fd9043f24cb18fae7fb0c139af1a12f64b9021e1e889057f03ba888adfacffe8443b69bb278882e7c1f9d704f51ffa3c
1867133,2026-07-20T02:13:00.000Z,2669d259877e40329548753eecf0aca22499cb80d81ee7dca71c62aa43d1222eb7cd5694d8c8f2c08ad5e36d89ce3cfe88c5d2fc771eac87a8caa43a1c6466f3
1867134,2026-07-20T02:14:00.000Z,593cab14a13f8bbf16e47c7f7a58845d4b6072406d4da14704b5c3701d188f6fac66d712adc22d3816c8daff00ea67582b9567d648e6f7e7793ce1fe37964d94
1867135,2026-07-20T02:15:00.000Z,57b1e54fa73add8e5844c7594c11263fcf25c143e30bd21923686f701af74406aea68449976537ec5e2611e3e327bc548f34fd6f465769f5a67289b3e35477ed
1867136,2026-07-20T02:16:00.000Z,5507896d3164217d9d78523a9de4b215386ca5bcc53dc62d49808e469ab8a6233905fbfe4c4d2f8235dbb5625007ec4d011bd34b1bb7e473fcf08958300c633f
1867137,2026-07-20T02:17:00.000Z,48e580be01ccf179b0b93e6daeba49d426d7c84522caae2555ea12092cd49839805d598c6049225f0bf82bcf15d9d661612c0faabeb3fdf20649016af1a238b5
1867138,2026-07-20T02:18:00.000Z,8542f6461f093d0e74fa6da0ef0471df00fbef7d8986728818d505d789a0df5cd730f6b0216b65aa800e5eeabbabccadaf6cc91d41dfe4760467ceb3d2897540
1867139,2026-07-20T02:19:00.000Z,1b1bbea2428693ae9db30bad4e834fc1a8ebd18c0afd70b2dff06b773619596d7ffc7dccfac22786df29296b2a38527ff0a656bd747e677986cc0b86732ae3ab
1867140,2026-07-20T02:20:00.000Z,52caaa55dad1f6c9ff984d4407304ef4d02ae5ba0e567aba8481de97c6b145e52fba3daebce0cca39f3c5567e6199a0b156adb02977305ea77a66f338b89e1fd
1867141,2026-07-20T02:21:00.000Z,9670f381e96cf707798d8098162c9994cfb5efdbfe3c35b9d7a4deab36457520b5e132a9155372acdf396fa9e03e4375bf06bdbb4b8c8e9534a910170d05b368
1867142,2026-07-20T02:22:00.000Z,d24f564c1c6ab73975e85bdcd098d899dfc9e54ce213e94ea184387908662ff9297445caa15825f6a69dd668a8a89e9af0deb36115fb413a9f9124299c98e740
1867143,2026-07-20T02:23:00.000Z,ba1d86f824cb172c1ac7348c38ad93e92aebfc76f9dd7def067579f1fa495284258edfae9a5a22cf7e9e0fc5877bd05e64b2bb4e37c841723b6736cddb4c3c32
1867144,2026-07-20T02:24:00.000Z,0a91e60019a711c08f88ceabe33a300880d4037e0e15f49ab32ea69eac80db5e8bc0d711024d7b3c35ea485d0232bada41ff0524c16915110f319e688f5e0abe
1867145,2026-07-20T02:25:00.000Z,5911e0d9df2a61e9f6a70812eb1083bfd2117de51e3c24e6e88d5185412503ef2bdc53e9c75d51c77f745ed5123f963e18da0e70d953d80ab2c1ad3106f8d116
1867146,2026-07-20T02:26:00.000Z,6464395cb1d178d31e747f772a85d9e8f36cc039504729d1d549f1662cf6862a02d36a5a8fce3ca958b22f1d740637080a9751836a5d487746757119a643e813
1867147,2026-07-20T02:27:00.000Z,468d758827740ad85fdd4513b901facc1fc2e3cd8dc983f0bfb2493489c43eb9478439c4617d650648a60cf820b6e1710c8dc961a48a97aaaf7e3f1a3d276722
1867148,2026-07-20T02:28:00.000Z,43b24b88f47b19f91fd429c4f7fda5618f6c6698fc7e5bce21d91dbae51cf46ec1ca6bedaddd8b770d33e3e636a765747fabc875eafe0d90b8d4e96677133da4
1867149,2026-07-20T02:29:00.000Z,599be73e507035bb30e4fbf3b3d228106e46909cc05fdb5901008386a71e161e7243f70ffe6b15a4b97f5d0303e3bc9acd0fab16bd11c7b49281d8c970935824
1867150,2026-07-20T02:30:00.000Z,2e0efa2fd834ff31a4674cb619c76155d4abbbcda1e7ae39fd14b4039ffa6385520d4befcc93112b9026c845432e6c98e11a1f8d1bc92fb63bdd485848c2fb5e
1867151,2026-07-20T02:31:00.000Z,edcb593592d7e624fac8bed837e5490948596d839fd464f34477152470db4fba482f1d176e498ab494c73feb46d2601e724519271000407daa0454e3098f0390
1867152,2026-07-20T02:32:00.000Z,77d0a7da660e4360fc70c1f0fb2d056c79a2a2a0993f5dc374e791c0b5bae93aee448d5f941994eea186e2b37bc65647eab37d05c84a0aefc69ae18b1d2ce0ef
1867153,2026-07-20T02:33:00.000Z,428ac96d07d76b3bedb6a21a32ed704efe98dc5b10ece6b049415cce0105521170215de23b5f2954eb944aab9431d00cd6028a2c03d4b37f19081a2e7dd22152
1867154,2026-07-20T02:34:00.000Z,e7188bf336d7b570ee81f870e54034452ee9ba32907ba1c19d9dd54c1b09e6677c0f9f13675e304c21c784595002dcb53599ff7a66fbbd7b60efb60c3d36bb31
1867155,2026-07-20T02:35:00.000Z,22c3636d25fea9ce72aeae1a1271127fe1a6c98eb76c3e20d58b9410599b86079cf973629b2da6616bc0705259d28f9db2dea142d87d3fa5a1c23d1892418948
1867156,2026-07-20T02:36:00.000Z,4d31bd441e69c20facad761d26a0d120a6e9b9258168768cb3150ff636f85adf07f7db270c6e488a4d2537023176aefcb91ccc0a33d97d3a4ac7b85f3ac72ec9
1867157,2026-07-20T02:37:00.000Z,f8414a789a5ba1225ecba075f853509859d2a2b26ff594a323510ea6069394e56c324c8b87472a6ffea43428350c9343200853ba39849d777794a893a3d46c14
1867158,2026-07-20T02:38:00.000Z,bd2808dea8338dab6d90c826d4a48465ba748f83d7d866bcf3f41b17563aad4928296c79ff519cae9cf0613c73eadd89d7345ba2780bbfcaf89cfea311b0efe0
1867159,2026-07-20T02:39:00.000Z,7d389b3cb13f1c9810ee958a66c7b39f4ae299e17bee11b706924163ad2c23bbcf07f034ea3a1ba8965c797df45494565477a92646f3096b1e8c38bf19b57c83
1867160,2026-07-20T02:40:00.000Z,f81948a4289c46440fb481e892fddf84ed37dfac12ed109caf713c7ac871003a8a4536eed540b3de2cced848e490cf18ed5572138e09d7abd9a1f9332c51ef19
1867161,2026-07-20T02:41:00.000Z,400b7ac5e4854122e9356197b9d1e416322eceaf5f8f216520be41ede4b5b85c0b4e6daba49ec9904e2d80ad3dcf62a27a137b5d094ce12122a9535ed88af882
1867162,2026-07-20T02:42:00.000Z,cb6b6d0c416a05a24d237c96fbdb57a320c0a2850227a35201093c1749bb3076e0312e9d708d6d6a4f7b5ea41b365ded814539ff0ccbc02631728d856713d1fa
1867163,2026-07-20T02:43:00.000Z,9e3fb819c1fdda6ecb661794f366ee3435dfc6ac10d95bc3c2fe5c6948f4bff47bd59e512d1743e9f4237fa3da962c6b58ebaad482ad46ab8f557eae372f5211
1867164,2026-07-20T02:44:00.000Z,1a51f05f55250c697538feb6e0908cc321e9a791dad2e2c7315bd60d0433e0c7d320224ed28dc67ab4f45b3c63d4529161acb0af5904a8be828129841dfe0e35
1867165,2026-07-20T02:45:00.000Z,e50a864690afeaacdae865fd24381bc705c28a5bb3f0b9ba0484df57b69de53d9e1b2554c47beeae2cb7b7c8e2c4feb3dc410ff8fbffe349dbbfc46150793a7e
1867166,2026-07-20T02:46:00.000Z,968a976c14a9bd45c643afd25cbcc13b27664b960a7f0691427ab0fc80a4a5ba01aa4f20ee3a3b25f523fcfef2892b0a7e865a9bceb2b57dfda391a924eb5337
1867167,2026-07-20T02:47:00.000Z,0c74d760c01d0bfb962017a1ee3cf8461d511f0aca04e44e21ea959f943332239483018536c17492d915031a4b836a6a586ea5bdbe964f93d8f5e8bef027692f
1867168,2026-07-20T02:48:00.000Z,baaad1d5cea12c650a8e62d3ea1cb0ccd48814056a6da64a2392670e5488d2dba8d4e7fc84d98430bb1679bceea33e5ae7c4ba2e765812eaac4ab1b28fba38a6
1867169,2026-07-20T02:49:00.000Z,853f3622d280d8198ebeb6a881d58c803f292c87946d729ca765d5a2fc6f566b70a93732a79482f015034fdd159808763ac7cec836c58c5ac0b567ced3dff80d
1867170,2026-07-20T02:50:00.000Z,a4257e9c9a2046d6287eee343b2f7a164090affbcf18026776a5700316d134f19ce2c54782f87aa41419279114857976ef9d33551feac1972c21243982717c7c
1867171,2026-07-20T02:51:00.000Z,c9c12c30c3961560e4478e06099ecff7a75d6835534433afb4ffa56a7839b663d062b909ae373c662467bdf25c20745d1d2b461c99706e19e15dbdc21a06e639
1867172,2026-07-20T02:52:00.000Z,a1b34da57225004b0bbba7ded94add4ade3692a79c0f79342f97478bec8f9d19c4a3ada6f4b4d8398a64791c9bb9d62ed5c1eb0e2247ee1bf66a9b084ab3060b
1867173,2026-07-20T02:53:00.000Z,40721dc93b5c1a240d4623396f7ab40130bba12cdcd725c570c4defe3780bd7dbf16afe962ea60465e71e6b15ecd1add8b3b0b01c1546f42d02966a0e01ce4d8
1867174,2026-07-20T02:54:00.000Z,cf847a4792c65525886b9c0b609a8a6cc7ff65e7314121909c10b792f760b219243012aba9bc7bec4b206cc1c3e151bdb2483cc8809cfebcb9e9c2baf01d447a
1867175,2026-07-20T02:55:00.000Z,c3d2fe7eef4da6bfb5d24918ba67a3843b305146252ae16eb1056858e38044450266d0c359c50eab4f4f6723dfecefc93438821baeccc10f1c1d2912f8cf0425
1867176,2026-07-20T02:56:00.000Z,49fdb6a89d3a38f06848d13c1c48409a56bcee3c808ccb527b8c935856eb84ad8d0c4e8c3bb99a6a4a7a1f5a21073c86bf914346dcf5e32af5fb39ee1f17e1b0
1867177,2026-07-20T02:57:00.000Z,b96b617211d6ede07778a354bb908bba4d0265fecf2730186087b67f9bf66a2ac361c50cfaa6a6e3a9fac6487441cf10794eb1c0b723124c84b9eacdd17c145f
1867178,2026-07-20T02:58:00.000Z,179df5739971b08989213182e77079de8256f6427663655fe3b7a76813237d1627c8ad9e7b648cf99e112e5990987d3b16a73bca6f6d606c626bcb3a30f07241
1867179,2026-07-20T02:59:00.000Z,50757546a0b069d050b5395e8a42f62cb707e4ab01c04ec9653da53387e9ed24756dd4e8edcfa6fa78314853ad28ad4399514d2ad93c86ee9b6fc6b50a9bc53a
1867180,2026-07-20T03:00:00.000Z,762b1d7ae4cc5454ec69c3a1b321c92bb926d289b6a587859382719d246a34853ee1b7e66617c1c6d3f9b2414366761437a809a5115e053d5fc90c53428740ac
1867181,2026-07-20T03:01:00.000Z,75cd750ffe2d0c118b80df30e70efdd34bec296c6c73f16e0c9307b72b4be8b731a716c9316577c89fbfc3575badf093d01aa880e53c17eab3e8854fc6f4578d
1867182,2026-07-20T03:02:00.000Z,200e77294fe3dbf541b4a2879c1f3b846b87211e3b4057cd210c8b825af58204fceb2ad751b0024cb2c41147ae945c2fec7dde946b518fe525283f82d1c24d4b
1867183,2026-07-20T03:03:00.000Z,3e13d8a8a17445162f4f0898665dcec6d40e83103bf39654ddc2735c8fbc48773a3ae083c1ab886658d71e9561d6aa6c6ce145bac56652466f86232c377d94d6
1867184,2026-07-20T03:04:00.000Z,9e40af1fe06c335acd72aa3598762d0eabf04ac51e09bbe10bc516bd906096659a5ad9827dfed4cc2f01ef4f4c26aaad822d568cd396a4847d22d23d1e3d8518
1867185,2026-07-20T03:05:00.000Z,88e896c1c56ab7a76401417f471c516684a1daa4dd1120c5562dec3d7c07c8dc02e55b51053a28560605b5a5892ef3f72dc6b4da2a5b2506033d2116acf07f84
1867186,2026-07-20T03:06:00.000Z,e4546e824b78a37b24fe70add6ed0e49986aaaf054d9ae7fa617cda33dd32332086b0bd4249b3654ac9ffe2f242ae64a3ab35a1aa709f24b4379bfe7299d1a27
1867187,2026-07-20T03:07:00.000Z,5046bc9fbf4227e2595be850d6cc0650817589f746339f0d044f220fd309a078c059bdbaa11464182dfc5e6ec3733be28ab12e7e9a3fdf73dba6229c526fedb5
1867188,2026-07-20T03:08:00.000Z,789ce5cfb521fa9c823e1ed0d6eb52c17bd1b9252f7128b28065ef2823dd72a35b4bc093663ab6a74d18746f58b7bfe3032adf32f500bd783f3bb7b576b08e1e
1867189,2026-07-20T03:09:00.000Z,ab9d6ea7f14ee145d357839b82f82c262a10fc4b2e859187db04e3dace76c7bc97c90ae7e36419b9ee28c56e5b2ccba9dad9f3e45c43b867391647cc49d6b7b9
1867190,2026-07-20T03:10:00.000Z,1ece7a3bec73c22f0ed85132d1666f78ffe8726bc85e80b469338f76bca011beaf8dcfb848783d52ad2315071a2aea1540e07062e769abc3ea2e74aa2e556704
1867191,2026-07-20T03:11:00.000Z,38e60b24fba1afab86698bc06bbc8b5e52e182dcd36574a28373be14d81a633e5a892a60d675c844b8905ff492f4199af90e6f84c33ac2d1ca67850a5ad68286
1867192,2026-07-20T03:12:00.000Z,a406982776872047ed3abb6edbae8265420d3124399975d3970d567fae9bcb2b02a8318e3a6d8bced5406e4c23fc9b1476f0aa09b8be95104f5bb61f72528cbc
1867193,2026-07-20T03:13:00.000Z,f5cc098ca6b12e2c250b829e04392f7571821b12bce25c1d84a2213d09a6c8fea1ada5eba09d057e2adc7c83e8e1179d5136d1bfb8b163efabae4eec176f7cc9
1867194,2026-07-20T03:14:00.000Z,d6a6f0b5ec27c72dd322fea68f90217ea531abeb93cb2b6b84ea3759ea2fe27712eafa671cd27ab7f6d2e62c6a0eb43f57e96961ad1b6e5d116bb57bb6481236
1867195,2026-07-20T03:15:00.000Z,d73663cd39a5fcbf8122ddf5855d8e3d7109ed075653f676c60d8394ae2ec17d94ccc1da26c691f7a431f91512058ed903ff3ccbc9d0c0c4483410910d36696e
1867196,2026-07-20T03:16:00.000Z,1e3883a9e4ccd59ce71890c8d380be20dafdf172f3a0d7b927b2f73a205d44078463121ca986e9623a36aafc80a57943a130bf00aedd11e47048660d97aa0390
1867197,2026-07-20T03:17:00.000Z,29de0c4b89050161562335319020237c274eef4fc2a2629238652bbc310e0f9f70b455ba4d3d56c9f1113b31f0ade96034393edd36a783615431aedf3aba62e8
1867198,2026-07-20T03:18:00.000Z,79b55a89e2fd52774af51faa094f5b758549d6d802835283f07aaf2c40e786ef921c70530a6d767dff102baf335c21b97dfba13437a4febb524bac7a51dd44b3
1867199,2026-07-20T03:19:00.000Z,5e96691c462df91bcb0b571a1f96a178ddd182b2ae3d11ee69efcf656cd9c3f9ba99b0af0cf0feeca57b33dc636e91d36fe1e3b21b829e5077e39ee6746e8d85
1867200,2026-07-20T03:20:00.000Z,1a3f2987016a035b1405a1a1ee63b9a53dbad0593f9b2db53ce65932101775dcb48a5537fe2b75ee6987ddba54487b7d11ab20401ae5d226e10ab40424f7264c
1867201,2026-07-20T03:21:00.000Z,2e0c1fe172761cab4a632a0ade72fb04554390c2fac891f98c96e7f517201b8274b16cd4bc76e59bfd73df5feab1d55a0d0c0c524786968579b50b1c8fdfef4b
1867202,2026-07-20T03:22:00.000Z,178fe52cdd09135678f6517361ee4bdea8d63609dc9e1c82d610e1ef4eb7f6cd207cdc6ac5cb6a251975d5c8b97ec2c87adedb2bba320871f9b971f7eba086f5
1867203,2026-07-20T03:23:00.000Z,250049e5d95e8d972e4bd093fda847d67a1f7b422ed49cb4a280ac51f8a38baa5a18ae05868d5c3ff0b634798d7e3c872e4d16716d1e61cf251cce46fdb0b60c
1867204,2026-07-20T03:24:00.000Z,35cb9af2d4709d9d351a4b56b7253d4364d0e53e31b307f7830afbd6d734c27155ed9c4337e3539379f6a4f0e44055ca18604914b2926945c86821bf69e5a3ba
1867205,2026-07-20T03:25:00.000Z,c97d32c847f526d8b0e9afc6f735a04a7b155f36e0bad18fb2d8f8aee66e0a83c4b1d92694004d51086ee39bffea69d323a38a43221e033d149ac3c43b60bc35
1867206,2026-07-20T03:26:00.000Z,0a0cc93de4406dfa17b82b2bdbc71e225ab456c08545b00a20d206c1a715b8272c0d144904c7cf0197cb345e26de87c065408be410e2aba520476f60a5e29437
1867207,2026-07-20T03:27:00.000Z,1ed6c9e049120382342761ad131e0da10492ab3b0f942dc9aa528ab8ca2a5d1378be48416e80af7e5880feace4d50f072b77aa4fdaeda9768effee21980ee5b0
1867208,2026-07-20T03:28:00.000Z,499b6bd4a60298fbe7db7b9d5ae3f04c1e8127a2bf5e34b5e8212b1280900c49b6f9e4d39cbcaed20c035070bdc32ef8d7910894c96d167cd98e024f29d7ca73
1867209,2026-07-20T03:29:00.000Z,0e29ce79d9305eced92524745220b7ec77fdeb321aed0f1a852f7cc69bded59daacf674975f99363593e63ece8112603fcf56596b0403f53564e09094d929f93
1867210,2026-07-20T03:30:00.000Z,6685cb5eb9f853728d4fc0a4089e7232c096fb00d26c567413d15dfac7f45b874a023c7273c191413ea931d6b3334be93251b081be6c8e4c9670ff3d2580cd21
1867211,2026-07-20T03:31:00.000Z,da3efe86a69c92e9014871d8098dbf47817c3e243a13d655a5908432e7494bcc6f456c82d9f2b12ca115a452b43391e69e17b9bebce21a03a4c46847bce0f9b4
1867212,2026-07-20T03:32:00.000Z,6955e8242b682b0997cb9735e84aed9d54180266b13544e77da770f9409bfd4ea1e74567cea55e260d71e220ddecd10be740da98ecb38ba57da10f0fcf68229e
1867213,2026-07-20T03:33:00.000Z,7828e1a30d96ea2bf01a59e2c50d810278be05c3ca88910b606bc0ed6b7882b2b5f5fcc5529b9e27a28dc72727481c403e72f336b3bb066e5144d948d1039367
1867214,2026-07-20T03:34:00.000Z,f788895f40bf45162368eb0fc942c13399ff83e0c8c02bf134e3e93c3c51d58a13420a4991a5e650078fff7cce4247abf0d7bff6ddbee192045ba82b612b6b3e
1867215,2026-07-20T03:35:00.000Z,e8981816a7a0964caafa6d8fdb9cc83750e2edcdf9eaec261878b4c3084fae906736d31efab341e49c2299bc402cc6c9467420a29c00fe1e9db3bc600f8a258c
1867216,2026-07-20T03:36:00.000Z,d7356711c0d8767f4bef00305b559babb659613157c56bd0f959e10ad7c018754da33c0a380220c58d774ab8bfd6dfc90fc91132ded519ee5d23eb4d8a7f3bad
1867217,2026-07-20T03:37:00.000Z,13dbc9d11886f458798232af53d57bb5b7193ae01b475ea44614b8ecefbc8daa5fe64d57dd089ceb56563b87cac0aa12f518e65a433da12f634868b35d351656
1867218,2026-07-20T03:38:00.000Z,069c9fdb76b73a27b2984b678bcd52e6a886e28f042f890b99c4830e057469f2dd04d36fab3a8d682d9539e397764af8e93f07a030d1fffd89930d2794914708
1867219,2026-07-20T03:39:00.000Z,afcc85f0a2dc6757694786fcbf1befb27c4b9a6b7a0c1bd77144bfc89431ceb33e25c500cf4627ef9f8a5550d428285b76a9a256d1af10de2a8ea8194528f48f
1867220,2026-07-20T03:40:00.000Z,77e71adbca1134e4142697e4ffd85f79b52bef04e463b5836133fa71317aeb47eb60e061e73415b5030944ae34c0e56cfe177dff126cb85d0550e3e2a366a9d3
1867221,2026-07-20T03:41:00.000Z,3be9f99b9a01876c17f9238d56931eae67a173827632bb6dfc4c0e247b0da55c5d47c40b983972158d35d72a20dbcd433f2d67f1dc2b6af9a92c6caa6a5349c8
1867222,2026-07-20T03:42:00.000Z,21bbf44e81403fe459078897892a8f210d9ee0a1d1879c075cf9afe8f736262fa89d3004068e700f68c3d0b67dcb38535a06c2d10010f2c431c517f61f43bdda
1867223,2026-07-20T03:43:00.000Z,7e010f59b5512dbe7deb5ffff86e528ac81fdd989dcf7595afa8bf8aca1fdeb45bca831c54d227d1d58dd8f6d5afbbab80662baf3885a0c939c7e95cb94db46f
1867224,2026-07-20T03:44:00.000Z,a0b77ea051ddd2651dd900cce0a4e4d865866b4b79a08492dd3f3d7370634485bfd8ba667fdc05206be21234cefe6ce804953ac34878f4f3aa3d900516d48aca
1867225,2026-07-20T03:45:00.000Z,4febb2a7a0ed5ac38652764068dba0c3abca129517d324d71033292dbebced0ed2615e1e9faafc5193b713588c9b253e4156fc799dc652a1ee01add246301c52
1867226,2026-07-20T03:46:00.000Z,198e19392f79aa8b2dc9cd969533cb1d8e2a154254ff5b69d20ec536350a348c2280703d20628ce90b249698cdf2c9d3a70221e2d3fa66ecc43a23708fbd5420
1867227,2026-07-20T03:47:00.000Z,a6b42601241ec1ce0f6303289dc1a981fd8a6329183aebc4e8cbbe188acdbee5681355fe8fe28ffd968b93f7fe1651da1074d6f2512ea05a94a3379f670cfb1e
1867228,2026-07-20T03:48:00.000Z,175407dd18fedbfa77be1dd710a833a699ce8e6b0b1dbb75cda7b25531b9584ec20082a18b642036aebb8743422be4c014df3268c0eda094a4f3e4ab763efc93
1867229,2026-07-20T03:49:00.000Z,32b204f2f344d78b37edcc41c1d902847a8d5dcec8af197cf2cfcd65ea85fb8267fd8256c99b464d15cf9e5f16c8e1b0308fe42b424306c613264960724336fb
1867230,2026-07-20T03:50:00.000Z,f44e513d1365dae72bbd78962bfd26f068a8638c11bb8be216a6d79716aeadbd1ce929abf8997f176ba1b0c8782fadecf3ee88ee8a67a52ef7ab9abf0add8d22
1867231,2026-07-20T03:51:00.000Z,1b780fc8be5cb960c5224e037b4b9b3a14fea851bd9e98b225f8a4650b2b3e2b8d89aaf07b526821e68b241b139573bd588f6f5aaf70815a40d8aabc0ee2528f
1867232,2026-07-20T03:52:00.000Z,07a93c0ec7e4009d9125b14578a985a25018d1bc284ce9b24890c1c163791c36e189c9bbbd2545685088e1998daef37abf2fea5b788ef1fdfa39c58131f555e0
1867233,2026-07-20T03:53:00.000Z,0e175e17a8a038183a727c27709816eee797255a8ad594b0cfcd128cd06bd3d1bac9bdb62c1cd8e5134566f43ddf9b531ff73adbdf4475178e85393e60cbdea6
1867234,2026-07-20T03:54:00.000Z,5183400e16b6da4b18238329ecd5392a8e7eceac3d83ff84cdd63dd9d29f941088b33cacdd6f82085e183a4f3125e7b088dad21c0ce743877d7a2885b2c7983d
1867235,2026-07-20T03:55:00.000Z,9fef0babb74d8138bcf104a9bd758eab2848aa1941fb475d9c0cc129b87c0b6535e45bc047d16e3145331b8f4b933daa180d9c27ecfc0bfcc9a5a7bbcf9fa638
1867236,2026-07-20T03:56:00.000Z,ca28f40c0fa28bc7c75b5b9574c23df9da0ac000a16dafb1cc2ec5796cfe55ee2b260fc2b8f71a99221dbb94b8f97093c3692c539d2d9f5f79e0caeac7712dc3
1867237,2026-07-20T03:57:00.000Z,481c83ed7dadff7432aff09784cb1995cb9170ad90471fb3d03a7c22427d53f184aa87bd315d7517b9436e63f9b37cf4c385de515b33fc8530aa0b4f72224a34
1867238,2026-07-20T03:58:00.000Z,aefb96ca8469e12e4300fe11cec81f886b3dd03ff60a9ba77399bc863c72f5551714ecd4ec14d3361337a6e12986e94fb04d4ae32338777e3d70997922efcc8c
1867239,2026-07-20T03:59:00.000Z,5242fda397c4c850e77b6b8c6b4f69a9ca48f7152ed15e9cbaa5503d9da1b9c596c8ab48ae7aecd51ad7e0fb2f8d17d53af86469a285d71ab7477f5aae05d70b
1867240,2026-07-20T04:00:00.000Z,6ce9d3ba6e9e1ae9ae60e5a5f51370b9e6fcd9664cd22932ec9cbbb16ad07cc6e2853bca992b8dabf4ebfe74547e01deb81f9e27bacf46a7706de3af8001d08d
1867241,2026-07-20T04:01:00.000Z,49a4ae99388d51091c945a009991b7cfd2ae6b15d2433e748091a52a5542a972d620be8d8c206af1309a886b3860a0c0a15a0d4c5ddcc65028feb5ab7cc82860
1867242,2026-07-20T04:02:00.000Z,7ea1e7f7d1a918da0d631a828e63ac369c5dd31962128dd6b2e2b7f0a8019764cbc324beedf4797d446526926b702163d62aa1ea3348e048f31abad5b8d48626
1867243,2026-07-20T04:03:00.000Z,29029318be1fa52c98641570450163fde2787d5c24a9da444ee91bcfe03f9179204af4e15ad5ad38508d9c078d580758c3d64f62031a88bf4fcec4073edf8bcb
1867244,2026-07-20T04:04:00.000Z,a576afc644317f0e7c116f16d180e70c37176f63fcf0d065e9e9bc0a46ffaa0f2928fa205c7a111fdfe215113b0581ec8b5841b8499c0a6204de1cafabc0a1be
1867245,2026-07-20T04:05:00.000Z,791f12df6a09293a7cfb2c9fe6e3a07aaec730677091fd6c2a1e59a0a71b3bdfe40efaa4aeb3e79b81eac016af41b4943fd026c9b997c0d28697612a9bfe82a1
1867246,2026-07-20T04:06:00.000Z,21a1f2349eeadc6982378c9a097b7f316351bbd7e9c5366bfce73730509905415ed7d8e564b8e6c123b9ce02ff20bb3264a4635342bef28113a74dbc87bfa82c
1867247,2026-07-20T04:07:00.000Z,797832fc10e0579ea4468770cebd86d5531a7375f4b7e06ae11c4cca969016f01e057237314c747dd26fd37ab89b6ffa486456f3928edfb75f95108a14fb89dd
1867248,2026-07-20T04:08:00.000Z,72e46bf87c5e6b4e85ddffb8be105e7a1d0328b41fd9c39d7348dc0498d997c7ed12395d98317a1f645a7cbcae18d6ff01b242dcdf1e43b439193225966ab1ee
1867249,2026-07-20T04:09:00.000Z,bfb9eae8d5d9be9da5bcf6d2d8a0ca9230e9d294f418c898f42af35c5ed08f467adc0d623087e9c3d24f2be8ee66e3cc6f0d8f8e35d852bd5f75f8530f90cb13
1867250,2026-07-20T04:10:00.000Z,308c4bc0c5ed74df9e5315e3be4c885c88b2afa0bb0cb9b6fe7977cb9f752312cf08a1aa686a4533e5b9845e696a36c00cf547ed25d5abcffc3c787ffa10067e
1867251,2026-07-20T04:11:00.000Z,4c8c294aed5a807a2fad7d147712926e0c801e609699e0d7c3e64e071f9f626fac7d60766fb0808c00bfc6ff00a1202f8b4e08d762291c0654fa129db8a0a48c
1867252,2026-07-20T04:12:00.000Z,7fc17fe86ab701862c2b49d76afd5c023ee551929c5fa79fd6505732cb5a99040337a6207d7b9ebee890ba189f470c2ae9ff3ff1637a4e24d4d59454c3346865
1867253,2026-07-20T04:13:00.000Z,0aa79af138ec0cd155a568cfe06c1e59f306c25e55db95620d3318c46bc4a76eb445f9449752cfe48ff0c11ac1ca370e3bc4f380b1e413e3082c47ab0a8d0491
1867254,2026-07-20T04:14:00.000Z,0a0faead25b631b7b02983ae3db40d1ab5b000a0f4aacf0f4db0ddf3ae8f07e54fe72c4f945deb5dc4bfdc44a8dacb381ac103f610ba70329ca814dda4be7fac
1867255,2026-07-20T04:15:00.000Z,7a59d7fdb12076823fd50f9f614dec273b3a04454b26565880a8f092b843486bd8bae093e28d4d795a238a354c83611d5531b9341843c7fffc9e7ccb36abf1de
1867256,2026-07-20T04:16:00.000Z,b16017c4857feb78b2993d58bfcff2c7e9df760978a478e62b3baee1556795ed0b6c433d6551f212950a455e096efb369ad7ff61f9ea5d7ec99c62cc73511845
1867257,2026-07-20T04:17:00.000Z,825f6db747d25643a1f683f72d96bbc1fc117614f8ea5da23bd045b3966dcbbb0eeba01fdc4e022159a836756443521adc31b5da80318ff9a26e64aaae2802be
1867258,2026-07-20T04:18:00.000Z,706ed36b9ccb39cc6e5fc5eae7f60c9a02d5f452db3a840a57a8af6b6f32c5bd3029f04e084c4aa31fdf0075392003ccf52474748eb8df7f62f43a9d1a3e9a15
1867259,2026-07-20T04:19:00.000Z,c824570d39095bdf71d88b3740dd8a14e1a86dffe0e04f97b26f1d1cda6808025f1283d50728027eea43ae4cb78f450dce0c4703cbaf16e053bd73000d86ea04
1867260,2026-07-20T04:20:00.000Z,f38a8a210fc35a69ac89be8e02163d809a6767a1ea45ec5ce7505e815a3a6f535aace115fc38117a7072eecad0d305c4f6266dcb1799b803ee6b04719c310303
1867261,2026-07-20T04:21:00.000Z,6f8b7ed3fcbbe3670b4c6508cf1eaff3701b02ee454b6e24f2712cb422a242b3bf7bd685cfd527805f2e2ab99432edbf0e84f147d513598ed3216f7740c7f661
1867262,2026-07-20T04:22:00.000Z,eb05a7a0bcc3507b4524fa5c6afcbbd0976c3c5f58639126418f5715c2a420947bbce64ff4e9541284e7b159b65565d0ab19a951599a90bb9181c47ea055430d
1867263,2026-07-20T04:23:00.000Z,e3a9bb67d302efb93a0f04e78e2e5644cd92ed65529c462e1129bd76785615cb3b20c47f2e1e82d07716e9ca6e130c12b20d276bc64dde379082ba1954f6a06f
1867264,2026-07-20T04:24:00.000Z,e7730fbc3361f5cdc620a1b995f74ab3f35a33514e7068b00bdf7e5924b397aaf1baea3954528848d550bcff2c1555a00021f2950d1b48f9ee758ef610171e44
1867265,2026-07-20T04:25:00.000Z,50d78068bf0c853f79be7a9e90eee79a5a9e9a606b9be4d258aed7510e594448d5baba4960ba7cef113b8fb298628aa7c770e6d792411c42351e6c07634f7abf
1867266,2026-07-20T04:26:00.000Z,adc4cf9788072707ed251eaf9c34ccd52a929ed397b401098dc34b4cbd146219e96e168f61087997d565df9c77d86870569ab2e442fb2051af1ed761420e2465
1867267,2026-07-20T04:27:00.000Z,39752d526770b2107d3161d49243a016ea60acacbf3d1d0e1aceee5f20ee657877c40409c3f1c4b78b90daf32de8abd2bad01da820a5b011e8588b299ad2e103
1867268,2026-07-20T04:28:00.000Z,44c46efb9c3074b555373f427197c067b4d053ea6d1fdf38983adb63d2aa3ce8862ec0dff3d821bffd1217f27aa506017309f6ea51e63c73d66325977711cf0c
1867269,2026-07-20T04:29:00.000Z,4acea261d947222641ef4375050848a964b5a52a3d9966486c50909ca847acbaa0cbf312e7c885f12e8d8d30635fb7df4a9ee31f3049a4217b6e42bdbbae2547
1867270,2026-07-20T04:30:00.000Z,02773d7cee336c61a3c057189b6f2f20b73dec0eb398e90070d81039943021920405406f35f5f95f4ab3be07dd18aa73d99eb6d0e46726ce269684b78913e959
1867271,2026-07-20T04:31:00.000Z,8296107c79969ad6a91b1d4dcbe860f08e74021352be40d16b40c5c2fb85d175c7a9bef657cfc188dba4b3fce60d070d55d58a3883b8f11aff7ebcb84e7c2819
1867272,2026-07-20T04:32:00.000Z,ee2128dbe237b29cc6171478c3c6daf2f4e4c141e64f1d88574fcf6fe7f57151f5de930b65610b7603535d99448347d5affd0efd1d7ca5578477da05647ea880
1867273,2026-07-20T04:33:00.000Z,2e5849d8d7b1e5b0572eaedd9bb44eb2d62766f4c4b21503e5ea93f5acc185da4829486c522c5f981af059029d49574963aad2f10a634caf8714b099fca3c1bd
1867274,2026-07-20T04:34:00.000Z,a3b80b67420c1fea7f1306d699d3d18698be5299db5d2866eb701eb75d9c8c7f814524199242b622f20c91871b3a63d6c73132b5d49d8474b7d62ab0e0428aa0
1867275,2026-07-20T04:35:00.000Z,d9b5235e173d92576cd0cc671a03fb42fd0cea47fcea09c030eaf037593ae5c90cb5a24928a8afe46485b0b10e6f7a5c21eee276b56caca4b3f5b526dbca7cbc
1867276,2026-07-20T04:36:00.000Z,36ecdfa5e3cab4c282aaa25f3e07d11192f242be7f75221bc0a70ab2382f5d346a28d0023a0b7cf03c6d406d8b0578aaa260ed5c88c8edd23a4146e9aef541e0
1867277,2026-07-20T04:37:00.000Z,9c4b489a3ba38c5074546bb9571dd9a9c3f1b2356b20f2c0e5ec3b5031562c2e79fe1985d6184ba82f2f1ea234fecbed2fad907df89edc71cb5be7d17d45a49b
1867278,2026-07-20T04:38:00.000Z,60c083b0b3689688c15263324f11e46a016f96aad67e9c71c64ddc03586b3e71d3479db12c683439ed47031b82f0894863267c82f0c3edc5e8458953b6cdbca9
1867279,2026-07-20T04:39:00.000Z,bc95e404cdc90ec15ad02c5f339a21eea3ef3300bfdfe9d46dc59325a9c43a8b45f374c8578d803a6ff3c64e0fda0454c57e99cb1d532119de92fe2dc552bbdb
1867280,2026-07-20T04:40:00.000Z,812136d2038293a255e711abe8d2058fb94b6fc78f423423d9a09260ac746939988cdd6d3702fb440dd976bd0fad3c82639be8bcd05dc11d3628e22eb7700d21
1867281,2026-07-20T04:41:00.000Z,5e8ffdebe35922c414dd8394fca824ca217455292ab534af14ed88737924eb96b9f23609be1c04fe80578262ad29e709cea2b9dda3ab581b01e2805acb8e062d
1867282,2026-07-20T04:42:00.000Z,e7df2bc46d822d2bd4e35020340181ac491d4819b6b687ac22fa3e3be4ece7969cc81e2ac101c71c85e9c78a2daf4d8974b46672965dcc276f55525b0122f7bf
1867283,2026-07-20T04:43:00.000Z,e7bc82b43f3dfe63e5dc07fcf2789ae6d7f34a0af3f187b4d4b68a477b1493243c7d1f4db1a14a2c15ca3b245a8f08571e9bc9c7be9385c5e2bd6ded9c9b42b8
1867284,2026-07-20T04:44:00.000Z,71615faa7a348f92b9d6f690f63e5eaa528e096ff3f6584e1ee6315c9d54cb324606aa0bca8dfc97d56a8eef9e8c72c58e77646d783dd98c657866cc2dbdc10b
1867285,2026-07-20T04:45:00.000Z,8394914583a28ea20494f9d72fdc09dbbc090d8a90d0079d2f89ee1a4baea662ceb55b63c94d3d1f8d947329e85b17aeed4ba7e2446fa558a9f4601babd06d8c
1867286,2026-07-20T04:46:00.000Z,18d528ed2544bea7d851038b032585c65b7d7c5bd76850e85d369669a28e8672c9222340502aa673404e21c1e836f79028459e717dd30c2d43282dcfa6dca0cc
1867287,2026-07-20T04:47:00.000Z,3bde86be8a49f270411511f15e0a3fc5d249ebd22c8cdebfabd5badcef6f4eee4069e707cdf6784256e19ebb97136dfcefeba87a2c590461f3b8d6e1ec657b8f
1867288,2026-07-20T04:48:00.000Z,0ede113d9d0a8fc1ac6ddbf8a54aa3b9793a1bb57c9fa6b8b87f9b2f9151950fc0b5da8efeef94f4bb75263a23b3568ff45f99ecbb2077966085cd5440f6410e
1867289,2026-07-20T04:49:00.000Z,5247d0f8cef6c4e5c12311d93f23dc655e3ced53d1388d4b503605a207312f2a1d5ab1626aa00a29b4157449f4604e983d137e9eff92fb86c7974c2259310e08
1867290,2026-07-20T04:50:00.000Z,f2530936d7222ff747f70646baa37a28e3465f90560225023bb0e6b56ad6b10ddbcb3b0461a5f7faecbf52ed43e972b5e6fc285c3fbbfd1fabfae57aa6920514
1867291,2026-07-20T04:51:00.000Z,f1ab6dc9e77d73065a9fbf5a8fc48d66c32c1795573b060dc8dea476e74ca247f752a14666574ad4d35f0803140901f4b057a24fad6443644283cb69c08cd6cd
1867292,2026-07-20T04:52:00.000Z,26ed6eba9fd1f28a7d6cccad702cdbda433b0fdc082269544dad8d515ce809029fa9202b246e498450c7cbabf2c39e48013fc9dc476e73397fddb780295583c3
1867293,2026-07-20T04:53:00.000Z,a4481a4f68cb686ad087f57c4b302501b9cee3c9b39bf37fd4313404fabb227d5599cd6ea45a3b8d5834ba88a534bcf34724f71c4b52866dc7eabcdaf6313435
1867294,2026-07-20T04:54:00.000Z,aebb1debac68d29c26f518bcb4fb156e6732641a729aa3435912e679d6aae408b16eabe196630991a9fd4bb81556c9c2226e47df0edd0068e01a168170ffe240
1867295,2026-07-20T04:55:00.000Z,fd2fe658870c0c7935346fe9f73dc00ae0c5df9b4d816bc3e17797b1505201ac1bf6be38c83c5a0b921b40e8f545d53919a32a99f0a357cec792da9f04929bcc
1867296,2026-07-20T04:56:00.000Z,933a70d53c4f4566ede4b2b25a5c62521fba08ded087c8a7525f7afaddcd59e7312c76d6422d61104a7665531c4f93f149018bc616e5e5dcfa83891256a3c358
1867297,2026-07-20T04:57:00.000Z,f9f0d9ad1b39a0888b38fa00ee2bc3278aa85ed8a0165e46b7155e611b38b87596508737a3c66e886fcda62cc109f9cc863c9570d11a26690048eed8720307c4
1867298,2026-07-20T04:58:00.000Z,9b7923c10a03ef615f02bc1a42e8383cbd3f4a8a2e47254af733b838768a7a0c670bd1416ef55b7026cdbc80a816a03e59f5e8d1c1987523347eb91970154742
1867299,2026-07-20T04:59:00.000Z,ca9b71bcd3247937b434c2b3a82c91a3690118bdb0e8f1e8db30f61bd61b02ad7ddb6b9b4395cad0e99335c99627a392f8293b1312ccaeeec92cbc9eb34e7b62
1867300,2026-07-20T05:00:00.000Z,4e69a777d71062ce2d8fe73d1009157e35ab3cf87f8726a285fde24879cc04f9822cf65226e50a3dac7262f1e82cf5426289b20eae15aea5d62dad4a3a71c7c9
1867301,2026-07-20T05:01:00.000Z,9ec264569fec2f4efe22a3a9f5a19376eb28cfd1816b89da7e439a4feadbd368b0f7d2da71d76520848fc97de155c5fe0d71804a0236c3ea0cfcb494df6e1f70
1867302,2026-07-20T05:02:00.000Z,143244ba3f7c7dfe2886f9d14231a95145a8cfa75b09033c904bd6b4ff543504fe57933b4ba8119b1b34e6ffc6c46c6691eb9fff9f46a060f52fb7522e4e93ec
1867303,2026-07-20T05:03:00.000Z,e16e8638013906db575e24bd0e81df3ca9475fe0b2e8d41e88e19bbb34df4c15cec3dabe2bc74374e706ac621729720bc18de00f2de4306bff851756bac80eb2
1867304,2026-07-20T05:04:00.000Z,f03cb852a7cf72e16890daefb671feaf5ebdc38ff90bf1981d1b68c117e17ed2ca363ebead0026d42c0114357e73f10721fcd680000d699a06fa1a3c9d605f2c
1867305,2026-07-20T05:05:00.000Z,b959fa8093d0965ec84d6adb6fb3504f1f72544195a1343b4eee7ab5d3a2d3a9e92c378211243ffc442f9398ac2b06cab8dae46d277d31aec0a88d18da2e0c30
1867306,2026-07-20T05:06:00.000Z,7cbf126d515224ec37e71712bc13af7573a032224219aa689cb101910125ea21fb324e3183da3915eb23727a925e2790316b71ab4a981f9505caf94ee780c95a
1867307,2026-07-20T05:07:00.000Z,dd8d5a38726462ea0174ba06b86217ea47795cc55380941c132f9e3852cb8dbe8be80fff2f2b8fa1da6a2b5a66123829f7e5f7a9cf23eebd91f04b9666f53fa8
1867308,2026-07-20T05:08:00.000Z,7b8bc1b7063999ca5d46bec1cff65441fd1fe0bf4cd652ca64408e4eef805f056cc22e5028077e8543f69226d38b0a7dad8daa9beee700680e834534d3dc7f98
1867309,2026-07-20T05:09:00.000Z,72e8bd19ba14e94265a16be9a53571984f9543980029e38f46657e05cc9595ec821f885d7dd13687f3e45f9a813e67075e25b8fa2c6119658025844a81597ee6
1867310,2026-07-20T05:10:00.000Z,19067693397bb9d595f0aa469bc81cacd25823aa1c34706a9d46d97cf715b881e52672caf3c583656c9a5b469474e5af60547342cbcb83e1ffc852a20e2618e8
1867311,2026-07-20T05:11:00.000Z,04610b1f24dcb356da50d934983dbc43d2565c89ee69a1737c513ecea6c1eebd8d714c0bfe531ff6867ca2c7b6aed8f5a3b1814bd3515a232af52c509cb5defb
1867312,2026-07-20T05:12:00.000Z,1ee89b262d6833fbf963b0feff2e48d8872cdbf2be7c8423c1979812331875268c1df7eb0d3f47345446a5464cb9496db7444bc9cd4c68144b7bd93067c1c7b9
1867313,2026-07-20T05:13:00.000Z,4beeb51822e3cee52b7834ae2a67835312862eb945cd30225f878ea4068eb95e52b9968eeb6f1bb1862382acea9bf6321b57e27d1ff075fc18a0c86349a32aa6
1867314,2026-07-20T05:14:00.000Z,ac5fd2dcf5e6fc100967937ffb11046bdc114ecdc12049906c2af5945930482b35da07d436c244c3c5d6fcea3b86d75f6f40528ca2312713cc75bfc9a7d03042
1867315,2026-07-20T05:15:00.000Z,e8501c067685e79c7a6b426593d7ec92f2b0fa93ed3ae9cae1799f2e31fe7dd6e6f38ba2acb813244465894d608a8d80a9dbbac88b3317abf685535e698a16e1
1867316,2026-07-20T05:16:00.000Z,48badb139b0aa13daa94adec470eb7d5f40bc43b7ee0101a4dae30ee55841ed369d7efb2913edad63d07bea7c117fff27fedba27b348910a45fc9514ea89c4ae
1867317,2026-07-20T05:17:00.000Z,3b89f3f2c7bb9b2b4248905799f99bf71c54abc6e24e9d25e93394ad588182f7e33b28b4052717996de1c96fce7d156ef97cf37b4f47bbbd3b5407d7dfda9f6d
1867318,2026-07-20T05:18:00.000Z,3e5d30b7141511e844207bebd00b2ead1fd1866336373bc36288d9ca823523b8fef9007e414827d18ec019dcefd5e9f94c7cbc4363ac46572976cdedfccbb335
1867319,2026-07-20T05:19:00.000Z,799514e8d2a0b9e931308d174a9223925fd15b179f8ded715b9a40d9f99395c3ef25eb7e8a4161714bc5120569641525bf40530ae0e627615bd4fb6f9196ad1e
1867320,2026-07-20T05:20:00.000Z,c80e5c482e96d49179a021b958bc5cb90e38805e4690da24fcc9773f6622c98df8f1eaacaa51cf9d72f945e60218f6df3fd485f6717a87278cdf5314450c06f3
1867321,2026-07-20T05:21:00.000Z,631d6d4d15da526af5510caaf759355bc78882424c8d2f7e342458edbd203775fe8b093d8e0bc6e3c96beefa153e216bfe7311ce8fcfef51865b4699a69eb868
1867322,2026-07-20T05:22:00.000Z,00f6eb581fd00bcf3a7cf7767f351d09d06133336c55ab004670b36e51c022b14f0f9a858f9f212e7c93fcd579f4e1f2321c1dc904c27bac0ed1d0eab5d69b39
1867323,2026-07-20T05:23:00.000Z,f36dada03cf028131f21e144cf7d118f3a6fa59e5f398bf4e658f86c08c2a2fac3f62d3e24f474927ed8cb015161c700ae1485b271ab201b219fdcf35370ae30
1867324,2026-07-20T05:24:00.000Z,d8d754c40cc91ff5d7a19691a0364f8ffc1155cc841df3292ea795cd66970dd114ade6ff6bb70276dc64d21987f996aaa2f7892f8b762f71cdbca273297c33f0
1867325,2026-07-20T05:25:00.000Z,84acdcaa6c02c17f8f2f4937e0fe6f57a3a42fe1e5ec74c3a8953de17d8af5f60d5db89243427f66f72273795b6b47bf0deebb1c33d9842f43a7f0a91cff8938
1867326,2026-07-20T05:26:00.000Z,a8d205c42f282359fa3c42b51045225c1bf1772f16eec6e1c9fbf9d757474f02743f2eba949228e030a899baede06efcd6795741bf4f0f9a93fcc95f8c8ab39f
1867327,2026-07-20T05:27:00.000Z,be5136aa9307d631b11c427cfbaa17ee75cfcf6a7fe40591a5d8f8b0383f91fd5b087109801e7d6e4c6bc768ec84ee0de9c495384a8e105cc2333f5b72f5a45d
1867328,2026-07-20T05:28:00.000Z,259b5fe8fb652db8713b73a4b5017cef3e72c78af4dde3a90699cded952fb637810e9822d125f48f6bdb913e86587b975577a9f60b2624d10d0385c954d39119
1867329,2026-07-20T05:29:00.000Z,fca050613b17076ca54b55bdeacf2608bab87ce58b9ea3f2e517c6097ad8c6bd02f3239c9d9a51a5d91293de15f6c9a5ebd0bc0f2249a333ebe5fb80f1f59a39
1867330,2026-07-20T05:30:00.000Z,5333f862afc7f785fd57a920b423a537ea26e3c155adf45a4ae7beb5fa8917079dcdf1655db5d782cb212ad7076c6d9eba8c19c96b67dc0f488c17b20743bedb
1867331,2026-07-20T05:31:00.000Z,dd4561e646254c9b976655e14af17eb57a2e17925e23903820288e6819c9794cd092e190fba0381e3d47a55bb73587f88f749eb16a5155001a57c8df7886e060
1867332,2026-07-20T05:32:00.000Z,e555efb2c1fd842ddcfa3a8e74fdae44351ebf24cce762ebf5cac8ba8ff43924e9ebb44190eb4c5dfac3e45ef54cccddc2e6280d041f0e5ed3093a15814443f6
1867333,2026-07-20T05:33:00.000Z,c2f3c1fe5c416941377775f3d5f549443fd57278ee0a68d89022009f42334de45a2e1f10b0df45b4642afb5b818b9b472a3b1258ad93754e56f6fd24d0b94c92
1867334,2026-07-20T05:34:00.000Z,525ec8d9d1849fad37fddabf5f8da13a0fdd87d84508f66e28f7ef15dfd05952f1a186c7e7545ba11e7b016117d848ad1c204414429aec69fdb5fb81c37b8209
1867335,2026-07-20T05:35:00.000Z,27c5b7ef1cceb311bda96df5dd26ab23e28b10149cde58c14080ae8756981503a01ac2996927f4f25a042668a5c0319eca66c59a20470df16a2c24c7537076aa
1867336,2026-07-20T05:36:00.000Z,f1555b6e19eb667b2423d3259cd5beb5ae9d9f38873528dbb3ab45cafdd7ade92bfcf072166bca418d830501e75034d7521f77be47c30079d89fbb5169d3ddad
1867337,2026-07-20T05:37:00.000Z,135ae12cc05965c46e31aaf8179c02799757e490efedb9db481273521f5f7cb53b1a0887672defce48f68776afa8c577c542c88d83631d4e1ec6947f022e7edc
1867338,2026-07-20T05:38:00.000Z,24cf5faff9381d8011ffb46f85704674acc7d63bbe054186dd8704990ab0e665ed7095c978e1f1003c23da48a2c5808f0c51a0589717db613f13baf365ff5919
1867339,2026-07-20T05:39:00.000Z,98146b3e1da5698262269a625586c51a0ba8aaa11fe5be614e6970041c97a5e6432f50d520aeb15a35a182e158d3f0a672ab902c4e6dbe7a2c0d08d5dbd924d3
1867340,2026-07-20T05:40:00.000Z,7ce0dc1a69f1b24ec63d74cea4616d53c1eb7b32ee07cfd8793d446b6e9fd97db4f1779a917c1851efb07f48e0edcc61faeb49fa68f2d33e46fb0ae54024ee82
1867341,2026-07-20T05:41:00.000Z,6efe52d330c33624f8053fb2fd57b45c6ce5969e17f397fa3453db5da5eee5740f13b68ce259a6e1e738444af5bc8bd3b279d330b2a09e0a45a702682b2380ce
1867342,2026-07-20T05:42:00.000Z,a5354648e3e32b8ac9bd2f8dbaed115b587f48f045693c1bbd0e9ca5bc17fb0f097bf716b6b9abce8a213addcd036e76bf47fa831e28cfabf1675f6d1277d4a3
1867343,2026-07-20T05:43:00.000Z,6212a8c4461628b6809a1898696f251e95c0fc74128dca00cebaab8ab18e999802bdbdab5bb27316953eead3609a2bce63db53ae55d74c71d1340a286bf6fbf0
1867344,2026-07-20T05:44:00.000Z,87ce680ab6279e8c21dbf503e64da4430aafb847ba2841fc53758d67c0301a7575e4c2e3c09a1b6b0d0bc239e1fd42def308b64173a4a3b5564e28cbfc193653
1867345,2026-07-20T05:45:00.000Z,d9773b542dc54ab7109e0978ab9d3b83124d5aae8807dd7e07b225cf11880cc02f745fb2cfcb41bb1dd8f3e7808bcd7d6413480146a2f31e75de2d851c022545
1867346,2026-07-20T05:46:00.000Z,d16a6c2ed97c2ae37254d1323fff3457d60feeb1b48c18591d5fb45879412f30e296a0fa44a7f29a977c99632b566ed40f8851f39804b2dffcf05229f2cd4e57
1867347,2026-07-20T05:47:00.000Z,e2c2390dae94c32676b2ef8c1f285e1d489e802e498a4ed5b248f8fd01c265318bf0f2840bc2a01698c7d78143c3c66db0d2b94211db5269c35d68bda2f93645
1867348,2026-07-20T05:48:00.000Z,e1db5e18a76bd226baa8c80b3aa3d5786d5e4bbba177db0c5e45e62f9b7e46b2550e99ea22079862231ab0c903b055936866300d4e2473a277e7944a7243017a
1867349,2026-07-20T05:49:00.000Z,9b0dfad1d5969a9ce5ec500d99dc8881b7b3018331d73a2405c8c13d2dede878e90763c5b6720ecff42a224e3113471ae56921918383208fa26d043e9406313a
1867350,2026-07-20T05:50:00.000Z,a5a7cc1f600ca98725b1f5e7135c4e2817670cd07f9ea9231d0d363b77f272b6941ae48ce6365dbeed3aab0309030fae2c84c4c77cdaca3ae339d9a7769124fd
1867351,2026-07-20T05:51:00.000Z,ff12c079fb6453b0a761d5900e9123a86118a94d905453c3f080c0ba3bc4d3875aef40bace50488307a191a52fe576ce43e81c53a8e27e9df93189fa96669ba1
1867352,2026-07-20T05:52:00.000Z,48b8b1091ae36b033ed39cbefdf1142c6496dc397bec4ac0eb40c08de6ab07f882d7b04982f0d20a824743e712c55519c2efd6774f56c59e64930f3be8b0d6a7
1867353,2026-07-20T05:53:00.000Z,92c95af18e99ae4ca7ac1603d4521aa0a3eb0802466609a7836db3ee6c817b930d67c40f1fbc9e17d83bd4f32ee7e75fad53de6f4588f1c888dc2d6a6179df03
1867354,2026-07-20T05:54:00.000Z,6fd6caa9f706efdec105dc5d7e61913837666992607514228aa9bb933fbbfd1c062bee85cda44b4292da132f0a11280fec6f7745bc8a485fba58fdecb7d063f2
1867355,2026-07-20T05:55:00.000Z,02d0921d283e9b7446428fd449a13471d9536f15668bbcf7166cebf94b2fbce5541484fca8e32ab8a5b375aa21993a28ba4bbb64eb1927f2f1a3a8d977c89f75
1867356,2026-07-20T05:56:00.000Z,e09cdbbbece81f004bfe2e911bb547ba4b7d18d7c3541263da0c0afe69f8198f732a8dbe566085c13400954b31d79dd315eec96165822b2ac9e736d7bbd3f7e8
1867357,2026-07-20T05:57:00.000Z,dd918332554e7f261db347be3938c007a4af15a9067a6e57144fa217f2cb9be12962fa8dc274c9e9bfd695ec90766ccf6b034c3d538d4b3c8a8712489a483571
1867358,2026-07-20T05:58:00.000Z,1dafe1dab220dd2336fabc0f6a6dff5c45915686faa779c434c1b4caf0e6af2137d82ccf8a194cf569c8fece1b13d12724f757476c410bd6375638e0214024d4
1867359,2026-07-20T05:59:00.000Z,c63355c6eb68fd776bb2a346c999fe29df29623639d97d9e27d2ab33d7d2415ed7e4f48c60eb5b52e407f73442a691943a231c579e2ff8e588830f014be32c3c
1867360,2026-07-20T06:00:00.000Z,8bc536e81b68ec7fde3d209ff5bd971521d4ee044902388c71415eacf01d17b1fe85d2aa2dae8a00da154bd8e5fdbe4e26851a305c50aef72d823c817cafc81e
1867361,2026-07-20T06:01:00.000Z,3723fa90e11d0b44c6d5f6685a2f04ee738ba912efc7bb2f4e4b86fd84f9aa4b26a2c8c4bf44a56e62e1de8432ac2e4ae64258e3ebe456574d15526d801a4206
1867362,2026-07-20T06:02:00.000Z,b08eab1e27fe2b04a1db4f05cf599b7f93ed61ec926d23c8e0f677716c809fca9a84137837ee6ea40d0764e138001dbfb146ceb6a834558edbcd35ce9735bd11
1867363,2026-07-20T06:03:00.000Z,f5ced0b320d0f0ff599d055cd365082090d01413e412040039e69375c9d82386762e9fffb713a9a9e023ae86043edfd794ad119e49e2bf7ce51339fe225af141
1867364,2026-07-20T06:04:00.000Z,31b1f9842ab81c89c0644e3ed114e66ebc08052f4a49fbf6675a887b904b832f48007fae425e84b913d2da1174a53d71f0b5ed7d730637e7a24e86b551deae05
1867365,2026-07-20T06:05:00.000Z,add741ba61a057d49825126f5ccebb16f682e73142aa6052996d36a2ea529777dba4e87c0832607cc3c0034b1a5250569462f69f4c75d1de740b3fd5dfe7043e
1867366,2026-07-20T06:06:00.000Z,e5bb7e4877a24b22d7564314b6dc1cd0ecd0bfa8cdc72be3be43b5201067a20195155bedd9b68a65fce6ad6acc3c8b7b3bbcffd7dc37c46329632a14dcf21afe
1867367,2026-07-20T06:07:00.000Z,cfe1e534fb6a4380b85e34deea97fb657eaf5215d3cf16b576615361a6ebf21a44edd7e4abcc8ed59a3315840bddbc4ff98a28379f5f79b3abb517ae12695fb2
1867368,2026-07-20T06:08:00.000Z,955963e125698d27865a8a3a2f58ff82433281127940791a0dec5ebc7073aeede8b520d5b64077024967beca93d0aaa2c2a75512994dd88745e75a93eaee9cac
1867369,2026-07-20T06:09:00.000Z,ed1c039a5b05498435e1550ede64a0e084f21f0f4367b3216ca1ab3870f74699288d93eb298533202ad7610af75ad1a6765c140341d2cc0649841e1b5a17212b
1867370,2026-07-20T06:10:00.000Z,3cc84737c6ca2dfea3276b7d7fc7a33c302b2744fcf6e774d0930cab7e3a1434ca414e6868ff19c1d53a78c7bb64f1ffdd4dfc1e96108c5c373ec04c0d100105
1867371,2026-07-20T06:11:00.000Z,1a168f5aa591832f04c47177f0dda74f51706dde666ba105c727f29ff0e5899a6ccdfa1c4b3771250b94f9a86495a11d291c030a63673d2eae2efd46aa490f80
1867372,2026-07-20T06:12:00.000Z,ce43d053389db4a4dc78fb3b8414e6c1d4980d24a98c421c00a679f766194f35d334257576a5ea6889eea1ff5813ae90abd0ad1023a458d2a1cf71957c567476
1867373,2026-07-20T06:13:00.000Z,12962f9cdccf1d4be9e6930bedacef6959ce42f9c6a65d876954cf04865b3d7ff07bfc940996652889a174c0c9ee7a324905629179e15d904b08a12d09815693
1867374,2026-07-20T06:14:00.000Z,7af3db6833c0cd6c181c9e2411115f50cb8a1931314e8e74d5f55ccc276074d19c69b1f9949fe686b00f15b4295e944e78180c32bc0b3961aff3abdb77b84d88
1867375,2026-07-20T06:15:00.000Z,ae999cfd12cfdb64beeb8f3fa758b40ec93b99f8a6194851130bffbf8c6549c8b541457ee8510068e20202713a4a8f5d94de15e6c91f48ef020b3f4e9eae750d
1867376,2026-07-20T06:16:00.000Z,b436310043e9132040e228ead746a443211fe8a090af19d551c8531b793932bf7aefc82789c296d40ffd7fc972dbbf37c6a27248f2c06b53acc1ee33c1bf893e
1867377,2026-07-20T06:17:00.000Z,071efaee0bc76776502aa30e79fea4cb898f16fc0e8b9c334e19627a89dd522f5232cc612c80edd5b934a0ffd4bed9ab38b39f3c6714d04961b292865d95dd3f
1867378,2026-07-20T06:18:00.000Z,855f73faf343f9e65a7b6c7dc31b7c2e0382654c220f7796fca6b7f14ad53afb21fd7c5508e2e83f1a339b9643bac6d4b590608d0ab3104640719113cfa63ef4
1867379,2026-07-20T06:19:00.000Z,a448ccf356736773ba1950d66b906dc2f1ced4d7d06776afecca5b7a2956759c2c5b8ac0b0f52537143ebbe10c1029b28b9a42b75a517d9d6a41fcbe5f78026c
1867380,2026-07-20T06:20:00.000Z,16b97d1960f8d37a258d7cf38c097b15590ac2ec23df2177c0bb814e1b5ca075794875cbb44f134735fc9209dca04415833ca6447de9d2b92f492f3f2fc25f6c
1867381,2026-07-20T06:21:00.000Z,1cabb640a696654d0428c7697b069d0152b26245b5130b6a21b9bd7a02e68a5e7a8ce8c220e1b9e39aed6e877bc61a6a8849e669d819b504ee4cf35fc0307b07
1867382,2026-07-20T06:22:00.000Z,ec94daf21f32b53011e0271ed8169dda8a73090779f1038fbaa78de5717f37c03014f727ead2629d389f5a09f275b7110cde9d0d2c1d79b897600e10b225a17f
1867383,2026-07-20T06:23:00.000Z,eaef69c594f72cf52ca461c613e8bc73b58715fc5d4a078534e8729f07ff6391daaf3039f468002c9ffd56e966e4ed47c78effecd2a66d9983733c924adeccbe
1867384,2026-07-20T06:24:00.000Z,87b11771119656dafa23ca9d6dd68141cbf5fda7d0595da6d3be6810029d6a0cef165342da7c9d2229157e16314718a5ed598f1a1cf868c116a67444334209ec
1867385,2026-07-20T06:25:00.000Z,6eca996fc362a692ffbac2a48c1cb7f5c2d9cf707babbeb075537172bfd12d1fbe31590ea147f7f0df304b4dd7ea6f837927f760fa6bb33e6c6ec3b6ab5c3078
1867386,2026-07-20T06:26:00.000Z,2bb5c329a1181efe38c7d8a2c42b9212cdc6ee3c7401160bc5a26b89a618e995cb8d4684db57828d167d15c975b08dddc82d29deffc40ee5fb5f08c23741fc34
1867387,2026-07-20T06:27:00.000Z,b6bb969dd1115fa1ab855048235299a29fc07d6283a08770387df90b9a534ef3444ba42b6e16e5f93e1890f73e46966d9ae3d93f65555a59c72f601ffe0a11a3
1867388,2026-07-20T06:28:00.000Z,acfa5ca137aba61d5f326730dcae59930b3bc1465e039c69353348fccde86b9ed830f4ff8e75b522bb8aa997ed7ca2405e375b3f34cbd8919b5fa2fdedad6ed4
1867389,2026-07-20T06:29:00.000Z,104af70e7f3165769561c9c44ca45c90b76cdb10b673445205e5db7494e2a05fd7f2cf5698a15f62eb6871fad2fe12cc0ff2420542f45f7b4de92cb23bb813b9
1867390,2026-07-20T06:30:00.000Z,02429379ed62ade10cb45a5e1cc2596e3bdaff6fe8eabd265e17779e52c7c66c67d0881fddacbe535fd95c87d4fddf5baff9098e416d92ae73ce28938e233b18
1867391,2026-07-20T06:31:00.000Z,5e36ca0cd398958e0b8d36e93f0e604e8502215fb3cec81e1f2aaadcf0f9749cf42db62147e69866b716bb7343490017550d63513bf786d0b61579bd127a28a7
1867392,2026-07-20T06:32:00.000Z,91022506c617bc5e8cd97a8e7e257f1266ca8dceff0d6f070ddbfaa9adda13d7fef54b077741287f2f7c17d1f21379008d427a1c0d54cc3192aa50ac0bf5c4b2
1867393,2026-07-20T06:33:00.000Z,9c8b10e1f50a85840f35bfd0a25c9316ccd5d3126499e905343a3e2cfa5b22af432bfafddb190216255a566eb404de8842ce4a6360344aef5ebd63ee50039ffe
1867394,2026-07-20T06:34:00.000Z,d19928d67a4ffe06c3c6ea68ce1e24ca5f966ba5905b268ecb5a031505d43ce496975b146d297caa0a4931b7cd4f9873b2bca703914bdafcd0fb9d18978a27fa
1867395,2026-07-20T06:35:00.000Z,f8eb87df905df2a77dea752c097a18314a78fe80124e776252910e0f1aedfbf31be91562b676d408a7667e0acbf47ac368a5df4decb6287c374c393b97b3a57c
1867396,2026-07-20T06:36:00.000Z,587d97eebd37b7eb2d92cba0db2e7cdaa91bf9d2e70c0a80618112733e0b4e28b0cd1e110d917c3446be4ad51297ca1a5e8ea99a12da5d9e29f9dea4ff2ad0df
1867397,2026-07-20T06:37:00.000Z,ac1ef3f44cfc3e8bfc099ba9b6e54ac14bfed16d1f9e25f3fdbe3818d480182e33c1ea6282262d43f8442945220518def6b395d52206a7d4a0d0be307c188f68
1867398,2026-07-20T06:38:00.000Z,38aaeec1c865910f8d48c91d3c2efcfb7b52a0eac886b33a8eabac36274008118b875c7ede2e51d80157cd77563f2df5d91426e75404bb250330a4160fcdb0c2
1867399,2026-07-20T06:39:00.000Z,0bf3c51fc7203957728ef9d3a23a889fbe9ff405dac83ebce258368f796177b4e79fb15ec25310169284fbda8b40a4671371645fb685f85f7020bb4d4be3624d
1867400,2026-07-20T06:40:00.000Z,c6565be0b192e087ec687946a061a1794289292670807d50cedb9098b147958b8acec6e5b2a7b77953867bf5ea1d70c479e953ff036dce5df88b713800c3ba3d
1867401,2026-07-20T06:41:00.000Z,23eb430bc2602a4815cab5cb6126b2cb14f762420c1b0737c6ec1ca83a31a070f3297898a5b95ef033833c04928b69f829eea84e10082f65a05acb79fd23f296
1867402,2026-07-20T06:42:00.000Z,69c4ae195d9f9e4f14a3077cd2d49fe354cba0473857380d72e4c179fe188c660fb7f148420dd5c8ace375fe5812a070a035b4ae4a079096c79f342a328fd8d0
1867403,2026-07-20T06:43:00.000Z,6515c248b3467218b84dab64e866ff17a86295371dea8e55b2ba94c408b3e155c632444878c25c661b3d4ca0f4564224b81de5bba0d76551dd0c169355e44673
1867404,2026-07-20T06:44:00.000Z,5ed89fc3b1ade36651820298a50992cd6f7c1f287bf69783227f3053cb5dfd60f916fba7740bbba2c14f2c2981c27380a8b87f19ca2d7126478c31b423721b86
1867405,2026-07-20T06:45:00.000Z,1ca916dd35153cee6032909a66f26472440f730daa222986c867776893aa876f0f5a66f50573625f9b72b5b879c99d6bc71aa281c69b6cf71755660d3e6c0561
1867406,2026-07-20T06:46:00.000Z,a7cd5fc3ccffa5f3c2c3c2792e50e5c1dfe669b2b6af3f797c8b8e437c123bc177168f5501d51581dad110ecd199f2b398b210d4fefcf434e7698df1f5d73c86
1867407,2026-07-20T06:47:00.000Z,5d3b287d47cdb4fd45916bd3ec059c0f5942e42c40c80c9e0a0aea178d7d000b0e5f7b1f16fa85f887131f9de00894e830dc57d0106c52505d286ab2651c93d6
1867408,2026-07-20T06:48:00.000Z,eebc96a95add64c63aa204c3122c566f44c1b051f085845537aecab914313f34ba6b105ba151de1e6981c04663116018859539830b8949028db1063417b4580f
1867409,2026-07-20T06:49:00.000Z,ad88a1e438af9dfa5be76f0cbea76c188354d707e946052de0c64e78a95f17104b6b8741a49461521be97939cec5b2f12a63786269becc1e54fbf02ea0a512b4
1867410,2026-07-20T06:50:00.000Z,31e54e02bfb0b6db23cc4b734deb47d0080c1a661d78a60ab5493cae94eacfca5884192e439b4c4e382b312e90e332a9135cad77e5d9080fee1c3d0f4083939a
1867411,2026-07-20T06:51:00.000Z,ac6bf0845fb4f1b0ead83db35713cb99db27cb317cabd8bb38ea5eac5d503801a9a39fb909a28c43d7dfc8324e6010deb8972595173dca07ef7d516eb0a2201a
1867412,2026-07-20T06:52:00.000Z,038afde0fbdef1d978108528c886e056cd303bb728738aa0b57da27492812a237da31cba5888ec7bcc45d1e363fda88b1d0879bb7f42a9fa9cd2820b21c25cff
1867413,2026-07-20T06:53:00.000Z,cb2c6ae87d8f291891972ff3630ca14c6844f48a832daf7682c87b10b89b39b28957393cfcb13db305d9284e5d5bc5225f544a0e4e4e36d5189b5897fef93e60
1867414,2026-07-20T06:54:00.000Z,e2bddd7984959198d671255c10a92e6e94e51d602aab11dd9fee6839180278970b015237e8feb5b0278d6b5c2470a53d4d3f1ac77219792786aa34198c4ad520
1867415,2026-07-20T06:55:00.000Z,ced79e86b5ff725df68826c44c172abe1d1a5f517415f73857a120ee7e731cf62cbdf2e523856630408b6f6cec5d3a5d48c96613a087d7b8d691300ee9f4938e
1867416,2026-07-20T06:56:00.000Z,fc7fa78ae5a7dda97f0908886509c8d1d3480348989083dc23fd5ffdb413895bd15127fc80fbfa3037745911fbe3e735e56abfa44c85a9fec338ee7457876ccc
1867417,2026-07-20T06:57:00.000Z,8b7af46aaae9505a76208f84cee42a1831c5c498f4f8653bd1b8d3fe62bcc20a90d6a54b9ed663c6aee113f8f451a080bcae72d8baaa5c799926c5745421cd22
1867418,2026-07-20T06:58:00.000Z,3b4310af07cb9fbea4b95134d64c543c656eb5edb45d1bb958a56dfcd67bf19b36f47a408ab8945ca4f627dc1820882e89fc7b64dc48a9523e6f4163129fdc00
1867419,2026-07-20T06:59:00.000Z,6a1bf8805127b254dbcc97f07962297814aff6ba41c4b4649603f735186ab802e52a8be78f64a89440b84edfe658dbde238f40ce0343c132379137337ad7f46f
1867420,2026-07-20T07:00:00.000Z,df1f1b65cf241a72bbbff7233ca00ccc2ae63326e96c4a3df48b01bc3ed1139a0a1c0df59c640d0302a35f1d2a38056db9483d769edb88a9483d68948eafe076
1867421,2026-07-20T07:01:00.000Z,ac16719743f289435cb7215397676962c96b39abcbb359f4384c0f0b3f05ff42e7ffda2ab1f2e7d8d78abbbf1931de3e5e8c606664616c9a4e1f632304f5cef9
1867422,2026-07-20T07:02:00.000Z,41aca60583eee7d08556e559f50b8e2e99586a0665cbfa3c795032d04a3016823c269ee306fa7d86071b6f9bf4bc444e40c92e31085f698ba807839db34677ad
1867423,2026-07-20T07:03:00.000Z,6883c98e530450eaa6d690153404454d918d64d807d973a5f3b5ae2394d6bb950de39cfa404df7300f7522656f0e63ca7fb378427aafe1536292cc38c16ba85a
1867424,2026-07-20T07:04:00.000Z,fa06ec48d55aabe8e93c0d04de8d4e2582cd99e127f964bc2e81cbe1d95aa429296611aff054df0b78d98c9e11cdc7965b21149b0810d9142622eca4a8e0a9aa
1867425,2026-07-20T07:05:00.000Z,0c83e5045ce2055e8c1337c82e61f260ad6a328cb0c9d19ff8ade5fa005173d41c47418e8565c9573ab764219a1b8a71ff28b74f629e6000a866c9fb8d4f9b54
1867426,2026-07-20T07:06:00.000Z,dbf3840ea102bf81ab05b3be8be80dfa06815e3b8962adb5ae8bdc8af8b87e0257384712846f808d0e914b8de27451be326fc7bf071882d00a75d8b35c867bd0
1867427,2026-07-20T07:07:00.000Z,0c766020997feefe25945f040f9810985595623d6de53fd449f8cdce75f6ff9152e393cb10f209987c76af01723bcc730f2f43c5714423de5b128a1394cc58d4
1867428,2026-07-20T07:08:00.000Z,5b37348850df1599aaede7a446436e1562c1084feb31960a64a7a0b126c172fee0a2d567a39aa55244d4b3c613f58e42fae236e5185ce04186d93489f2dcec44
1867429,2026-07-20T07:09:00.000Z,b99bbda8ab98e7e134f82dbbf71f2874e18d20ea54e84e2bf2585d6f5ee33da93d95123f7f4af37259cfc64e57cf67b10e0c5c012a0c1a7f2d4a52a38e675c63
1867430,2026-07-20T07:10:00.000Z,7b988f745c117a59b59df82bc8ff53336f8c91f2b3bb58ab7cfd3c59d95f73fd605cb9694247ebe746020872e72346a0fa09b59688b1fa656311ac5fc5fac335
1867431,2026-07-20T07:11:00.000Z,dad597ce1f4f688db65a21358e25397a17ab4e6f93c2f6b86c8afb3e89d30bd9d62f39d84a03a571bd87a6188b6b8712c19b2055b55036967b23bc147eaeb80d
1867432,2026-07-20T07:12:00.000Z,c003c8e38ccf5066ce91f1594b14fa114a41772902ea2edf972c6b6174acad6c2c84e70381593093fe6089b5ea3c8ca9549fd77a2cef5c780df01f77374560be
1867433,2026-07-20T07:13:00.000Z,68dd41786f4a3e0e29507d8c9e8179f2add5241f1ad49d690bd479c2d24053d4c20024acb3e5200cbd79e3af0c3813d88dfc94da90c0676017f8da5751ab8be2
1867434,2026-07-20T07:14:00.000Z,86529dfa5a6aca04fc69cef5dc7c0c6544068c7de093706eaa18a078cf2f95aa9de326d96fa9f45628bc1b0b6e9d838bd6bd44c9f1e554cd7f7d733f3934f9d0
1867435,2026-07-20T07:15:00.000Z,1623f2d07c88cf2e07e9ff3c2f8258337f185b841ee3cc85093b9989b1cf271e40a19bf0703797f511549c7686989abc258db095e0f0fd0c636463287f7db3ff
1867436,2026-07-20T07:16:00.000Z,dfd9cbe9035417762684c2436b2de60d018d6b3c919dbe168a93de9d52a1955a5f3adef3c00b36eab3f28331d2098ee4d646b4fcf3bf9797b02df591785d5a20
1867437,2026-07-20T07:17:00.000Z,a0fcfdaef8324462b108537d20bce2493f3f48d0ee23e778e7d9fc2bbf1a9d034306e2ebd1675e7baebd2e17bba1c480bcee611fb688d87779d40ad945d91e7d
1867438,2026-07-20T07:18:00.000Z,b855c11a1aa16e896e6ecb963fb410b9d9ae21c3f3001d6d384e5d971c6bc977d1542054f29f0dadc001a1f282cf99bf9c8e2dcc400f6255d5a15bf4b8d58f15
1867439,2026-07-20T07:19:00.000Z,e34c70087e295a5fa6c02269e7ab7c8425071d105a7b7e3ddb288b6a5b84a145a99650c729d1c8e9335da6d252999cc429037fc1d3dc35f6e8d88a13864170cb
1867440,2026-07-20T07:20:00.000Z,6a2cdc8ba6addb6070e120a958d6127e01a7b66cf1f281b4d762a5235f0dd94584ee973041bd17fece931134b99a9ff9c88e201f6f2d8ed29ea71c9ce9f1ed9b
1867441,2026-07-20T07:21:00.000Z,08a0f65fb360090f2e6a8942d4e5746edb323900ffc5f7cc750a384fa078040719586d5500d94d3288b23a1bd77f0c3bed94beb35f17b879df2a069decea9a29
1867442,2026-07-20T07:22:00.000Z,c44d53ee2cd104331346299d3467e55c09a5a75c92fff1041633dccf5793881b092ff07bb96886062e6c2a3205dca3ddc5cdb89fd70c8a8a76529fc8854e3bbf
1867443,2026-07-20T07:23:00.000Z,1b25ca2dbc6cd0751d699ca25f47126595b022fcb445cb82fb6cb6318a93c0b3b97db755bba9fe329a9a6e7af677fee7d102a4583cffa463338ab1f977eb97c7
1867444,2026-07-20T07:24:00.000Z,ebc4be53f19fff58b7167febc537e0e1a412f2cb6734a54f24796ffb39e8f35e6017cebb5e225134931d2701310d8109c9333998cd059e47fcfaaf78e2eda5ee
1867445,2026-07-20T07:25:00.000Z,06cb4910305699539314efafd6e182d17b2487db902bbbab49171df6285220058dbc3c1a9db07418f60798f4fd9b69a059502d41f8f1a55ed4423020dea2b2ae
1867446,2026-07-20T07:26:00.000Z,df033852de452959887e5d0c5ec683d714ec686e17f151082171f1de61174d83e2ae9b7434df99101b5e19b1bf5e17568072f43002ca5227749d9a6ef00d2acb
1867447,2026-07-20T07:27:00.000Z,616c4f7b0a83b55bb3f38b6f4d05a099db60517beeb881a6e6c54dccf649c765dce4f75374d0ded88197e7dc900cbd057a885f75ed729816857d0fec8c1f155f
1867448,2026-07-20T07:28:00.000Z,d861da431f417a7dcf78c8424b8e4530ea0d6c83e685d9209909b124f200ea699c76a1801d200a47f351fa65597469549d8d4c4327769b03dae77821792dfb49
1867449,2026-07-20T07:29:00.000Z,c5a9a98e4bc2df7598056da0fc291eda8bacb140bece1d06971a2e4c17dd140510e27ffa4b8d45fa7b92175f6f15397816b9ba907c805b7b0ab0b05130c9be8f
1867450,2026-07-20T07:30:00.000Z,70eef90280de06a7729308c64ca18d9198858e9fbbb9ed349874f676e48e747651d1700cf91c11685ef3388a9816e3c92c4aae4d3099c1d725972d49afc6ac81
1867451,2026-07-20T07:31:00.000Z,11b438b563da06841d36d886d75394fd29fd64c3c3358cbae78947f696ca9ba312831f30864e1f587ecb02ad8b73fa59e6a59e99c51a898051f6e7a9cd48886a
1867452,2026-07-20T07:32:00.000Z,0422d42fca6f6871913dfeaf4a9284bd8e345a2eed205f752af9b6e296d623177dc25dee9f83fd6081b770a71d4df87908a8c50571b4ed1e0e2faae37f5375ce
1867453,2026-07-20T07:33:00.000Z,6309abfe71b8c7b26dff37aec7b726c18c2eb93acab57294eed63f63ea97e6e2839abb695039da625475064651decd81d9967fe4f43a11d6fd00bb24883da37a
1867454,2026-07-20T07:34:00.000Z,e20272a80e0d9b7dcd4a006d4dc0b1b6e3fb13b12892748d1408ba8bdc0b4572ff3e923ac718ee4b0d7ac1a065387f17564d9e430ebdeff735f67e0f014ef6a9
1867455,2026-07-20T07:35:00.000Z,c0367c931811f7b1d13058df99399e6f1b41fc68018cfaa293cbd5e58fb94357801f227fda2961b55a34bb5c0ca67ce1bf765c5dd07c182b6cd91842019021c3
1867456,2026-07-20T07:36:00.000Z,f5fe4245195fcdfbab3dba6ba418d12ad504d7b543c8421bff1eba745e0643cc4d5d619314d3480d8b3f2a42de7c6a1ddca46280d0a61099974c7a896056ae35
1867457,2026-07-20T07:37:00.000Z,02383085dc1f2655f493af6bf1e06d7f654ead7891cf0caf5ea9fc3d61a6d1e49e19e4581d4841a0fabb45fd656c1bceb411816f73b4871cded9eab40b961ae6
1867458,2026-07-20T07:38:00.000Z,252efca563eb889aa87771c34e8c23ad6d2e41155f1776272b002102420f0005091619452376c176ad364dabea77236109f72d23dbf0986313aca5ec0f360e18
1867459,2026-07-20T07:39:00.000Z,1f0f498e13159393be24622ab2e54a3ea5255cf1300be5c18cf44bd5bcfbbbdd1aac00c9e856103d60b030372c9f347103d4c797087ce45981a7c052859fedef
1867460,2026-07-20T07:40:00.000Z,2ba1368316b4cdb7078f4035954daad64fe778c05d07e17a01661a9fbf88178df41e400dfa4bc0dc6e57b6e14058a41b09466cb2fc676b96bc343c3e22fdad28
1867461,2026-07-20T07:41:00.000Z,58ac2e69d28b93fbee6d659c215b3138042fc6e12bbb56b32fd66a9920ab117d2367f9abb8083fd2ef18eefaf5e3c34e58f217293c3a7c41a417a491d6587869
1867462,2026-07-20T07:42:00.000Z,2d87bd931812802c1149fdabc0e204de38754575c97612e1e63e8f26342601fc8866d634fba5b039e3b2fad1ad167f95dc898e1bbd49f98857689a70da9b5ea5
1867463,2026-07-20T07:43:00.000Z,b454e5a10573cd0df280235ba9c468fb1d48958dbd3e5feaeea2f10dffd4a0ca81bdd581b372e73f62fea091e8f7b3530a8ecb645ea2dcd696b4bbe878c27060
1867464,2026-07-20T07:44:00.000Z,522e400d461e9155323bed4fa5fbe9beeec798ba082fdc2951e731e6592292c430de64ec6a5b522ac910b8ae667b79c5f29e1a8105943dfe8d14bd23340825c0
1867465,2026-07-20T07:45:00.000Z,76e26df8bc54c8e21164d9a3111a26740662a145480cd24ad2a5d33fcde333593d2b2081600d71b2ebf99ee278612ef8583cf6822ecd9b444829421e40253465
1867466,2026-07-20T07:46:00.000Z,f18ce0ce73a8d27953900eab71bc1b75d429cd8351c4e51b451f17fabdc044fb4e1e6e89cc3cb479753e1ae5452258f3bad95c3ddc1703eff7dc1a3781b10f52
1867467,2026-07-20T07:47:00.000Z,01ab651b986b70e2238ef9f78601cb049e1d2918d427463e0584ae1e87505816f03ec4dd09891462de4c2c0481f983291dfdef89c259dc3b62717cbbb4d2f3f0
1867468,2026-07-20T07:48:00.000Z,20fa29600e3009f3cf60268fe167afe257dbf11fdab4945256503eaddc6ecbc6d272be510365d25be02bd66d1e30963ccb7a7d83a678e72d821b7dcaa273dff7
1867469,2026-07-20T07:49:00.000Z,95ac8aac577afd6afb127b87e24153b8e007361a07c8e6188fe136dbc5a705a2ba05f8f1c5a5ab0960322c9c44a2966448f499e985abcdf0d3158a0584478f92
1867470,2026-07-20T07:50:00.000Z,102ff8df6026bdede5cb9c971c80526af150389cbd406427d46e6faf607187b1e5ea53a06d47e6bbdd77a49c40319c5f1a834a90b230f7b66f8a489468933080
1867471,2026-07-20T07:51:00.000Z,f6db42f8e52a49bbf44d7c8cea695aff31fe2a1b3b85226dc9c4842f20393dc4234e30a0b7338e5565c45363adf3dea9471bfa85edacef84174546d149bc8804
1867472,2026-07-20T07:52:00.000Z,99996095f7047e0cf5a2425592e19a542d7f84ceed93ae4637131c457fc1d5d7954d2632a800e62d5daf3fd69b7ea44de9fb96418fc2c8aa7aac2e010a929270
1867473,2026-07-20T07:53:00.000Z,9c2fe55ab948dd6a6b825c181163882dc211b633c6ca5cfe90fbce6600286035efacc12e4a68e5f1fe1827cd034422e395b29f2af13d9b333fd66ee276bb6ab6
1867474,2026-07-20T07:54:00.000Z,2362f1ff32be0d6f41cc29eaa2810daab8a4f9c97838efbd2edd129dbf63ad79c128e010343599c8a4c6d205d977d8fd4de68b0d45082712e5750d6bc6e2af2a
1867475,2026-07-20T07:55:00.000Z,16294d62db36456cc60602c455ae4c602486d9e9986aeeb4dcb880cbf83e330f17edcc901f888e9229cef065f48a297c0234ba5e03d76d6acbaf8d982e86270c
1867476,2026-07-20T07:56:00.000Z,f38e7c03e8a2f7de0a30cece28009b3ad0994c03f325fbfaebd078e319be5e1b38b42afa0a938925d8c9eaecfb02ad819a8f7fd90eca53ffd0e74fa4978e869e
1867477,2026-07-20T07:57:00.000Z,d44ff29e600a6979890ac5f98095c76446bfa19c9b736a1e1a5704cff1d34c9117dd184767c5e6fecf19d81720e47ee14dfd96598343c4d7909d1efcb38c7cf3
1867478,2026-07-20T07:58:00.000Z,b282c8617b389b5b1433b836fb20184d4cd666468881091e49bc61785e9b2f3d0b8bc8f006a84d3de4653404cdc0130872e2b8766f831c996103e8726bebf673
1867479,2026-07-20T07:59:00.000Z,1254db1ba3c159de07d7efe9e85689afebc748b6927ab32251f18378f0cd5d0d935680de91272b49cc08126af7f6534494e44d9326fbfc19d4243402f2660767
1867480,2026-07-20T08:00:00.000Z,ec45c11b0f54e14de350e854795878824c8de18c7c22c00489d3c5b8172a418a9496fef363e3a0a9d43652667ab8a433d2da149302abdfd3e821703860f87227
1867481,2026-07-20T08:01:00.000Z,5b77aa8956b9db4b5d1aa88e6fff97b2d9c431fd1c0d5b237eb62cd7047d8f1f4ab63868b48e6a091b8a7bf055514fa09f118f737bdda9cd055bd90ba01a81f5
1867482,2026-07-20T08:02:00.000Z,1ef5c1c88d9710054ceada9142ec694cd0b8a111602ab9bc7e2605bae53f36c983854cf4eaed62798cf4c6e077afa202a1c6ee2018f5ffc22f49297472d26c86
1867483,2026-07-20T08:03:00.000Z,8ba22c0b0e49ef345c8239d7fe2d714121e49f9ff6d165a099d9330bc4723c6a6866cf8d84bda1eb564c36afccd7011740dc46c6679dedad61311be21addfdd6
1867484,2026-07-20T08:04:00.000Z,3fb36c882d0e187b062624b93d52b3c5700dd9dfc9ac6d46038964bc6f79111e9eff60eb18d8d97cfbe3f6dc1fcb1ea3211539792056ad66d57d7c4a306be90f
1867485,2026-07-20T08:05:00.000Z,a25232ef25372cc863c219e9b916184cc803933d2c7cf99b9207d226d5d74e34915504efc143929b689d2db664f3ae567505174c587af8772f84e9839984b995
1867486,2026-07-20T08:06:00.000Z,fc18ba5e9b41e7294f7cff51db17b0e519ea3a0b50e457deef48607a39fea9defdda9adf4983a13ee7286ebdb7d45456db3693f4a964f81ed031318622a8faeb
1867487,2026-07-20T08:07:00.000Z,32fed79bb9e5280afeb88558751a774bf7e42eba0119f74e23dfaefbe811831420f39ba81c1c2993ae0f33ec900fb0c1effc27acc6531d08e564e540a00b5d6e
1867488,2026-07-20T08:08:00.000Z,bafb00f85fb10b20816a8043347d8c253f65306ca1968d2aac6460f8705a8a95e53a27b2ae426b1de9ea45797f852fe61feb141c0b3420cddb31f745d4b43740
1867489,2026-07-20T08:09:00.000Z,33cd116ac7d4c98136b15a8733dbd55e1e560f24a3711b9be12fc952885e79f3510825d716bf4fb2ea42910bf73bce1bc955d388da5b7e932fec0b69f34e05c7
1867490,2026-07-20T08:10:00.000Z,e09a85eb5f15bad54d101f0fc343617ce3b34c061318d4b9c23f4b3952d3f3950c7307048715711c70bf00f88391c3465e35fb7fbe1c6ae81deb548f5b2310f9
1867491,2026-07-20T08:11:00.000Z,f1d0dca05885dc92078394585bada89761798d36dfd93decdc3fb81f0bb6a05c830357fb31da734b1d7eede4636b2aa09d1ed2e621ef1c707482b7be04ca1a02
1867492,2026-07-20T08:12:00.000Z,2c2978a668868dfafc4210ad0a475af9b2181d4790e890df293ae3cd45c690b3d87c2d1e34ae31a2974b994a3ab7dcbf2f3c24120132d08db3e9feaa9c94bca1
1867493,2026-07-20T08:13:00.000Z,7f83b2fe9902034b09641c114d185aa89f12355ebbcf91be714dfc9133b8167eec694b8369cb593fecf49dbbd4dcc89123b7da159d0b8e94a257a6732b99a3de
1867494,2026-07-20T08:14:00.000Z,0b318e562aeb5878e84ae9cff2d6bdfdf3acc4845662f4a874cbf26df23eb6c8c761c987fbe750e0d40523bb03c3d9aa3136ffae199180fe3e02e9d7a26bfc4f
1867495,2026-07-20T08:15:00.000Z,0826de8c406bf35190933c85b68120fea0dca4c3cc664b6b50d817a423333ca3eb8c980bd94279cb99128b329c41fb0bd6fa3eb078b2bf3b83e2b277c3dc520e
1867496,2026-07-20T08:16:00.000Z,26b430fcd219ce5fc56efaf9c8bca07638327cb8b220d10d8bebf70da8d13ac2eb6ccf9d7d24d0e3e6b7fbea1514b4ba035c1f43e08e5127c0e0340450246be4
1867497,2026-07-20T08:17:00.000Z,7b1211b0c6d3a20737b6f664ad7faa5160944546f3bb66472411a9347dd05db15578fe38d8caef95ed1f5bbd8c33b688ffcac063bf720dcfc91d3bd32645780b
1867498,2026-07-20T08:18:00.000Z,c00db15b98688c929c6798a61dd4af5501612d430cbc4c88680f1a00172b64c1d9a7d468ac15adfbfcfa4ebe45ef50e4418e0f2149801123d1f6a1eb0ae0c8fc
1867499,2026-07-20T08:19:00.000Z,99cbd8ee691fdf8cc33b4de0d5b9cd504bc7c56a1b38e4b3e40c995de78c1dc98aa04a547aeb1b89b60b73343ed4825fabab316a5ee235653f3abedacdffc120
1867500,2026-07-20T08:20:00.000Z,243fdf901801152a8036dd1e7252a5ff0638a4acc827d57d15e6c77449466c95939a75950622bfaa1d81b49a017abbce9348ca53b2e6433a6458b247e8ef5545
1867501,2026-07-20T08:21:00.000Z,eb68298fcefe2297734239a92f3f8e687ca044aebf64897ae24522a103831c837c6aa09efd03642370db1c32e98c0820401f56eab9311a203790944d9e964deb
1867502,2026-07-20T08:22:00.000Z,ec55cd57976ac108888c5d977698daca4c19722d889d28581f80c039907ffae3bf8bd5bebda2f4028c1dac7a28b8697e16f4961cfaa809a062c8f8d1b241f9a8
1867503,2026-07-20T08:23:00.000Z,b4783a74a91a19255145ee9a1102a94f3acdc279a9a24d7862c48edd9bb1cd56cc03263518986c8c70e44e7792e239c1f17687f27b8fc498440e30092c33e8b1
1867504,2026-07-20T08:24:00.000Z,3d469d3e85b422a4aeda28af09b26b59fdbb32a5a31d43d542b44e78bf60870fb2302ab54c9c91b25a6a7f9ca51fc8c47eaa9a56e940c2ae1ed72da8d5b9bdd2
1867505,2026-07-20T08:25:00.000Z,f763a3fcc1fa041cf5d0b53a7bd8b87d01b864b17325aa2166fb994546896af4f06ca3f89ffd0ead1b43486bcf402f4a7889989d0784f3b630980ebbf85f6f07
1867506,2026-07-20T08:26:00.000Z,145d5b5f0905161135b19312382118fba25b68852b56b2cc3e8fd7e287d1727175f89e7a99c7fd3891c6dffe7829f5459496354ce0644f15d54ad7cd325aff07
1867507,2026-07-20T08:27:00.000Z,a67abef59d138688539ecd11f8b68ba19c90d14b07652264dfff7664ebf51fac1e34ee05d9b55ee5d200a754d24f904ad2758a2bc4912fd513cb2a460ae75a34
1867508,2026-07-20T08:28:00.000Z,082adcc588987504f447c0b9668223b6fb7174d9902bf3a48a38bef76552e8ee690bd5e24a40711f6395fb171c557b74ae2da83eccc77543e04208a98eb38533
1867509,2026-07-20T08:29:00.000Z,9a2db644af3b7c9461f8f0e25ee0b3704639a452f7a96c6bf82a665d9ae831480afee83fafc5e79ff29f7690da977cf64912eacc96a41735931e0086ed4cfb1a
1867510,2026-07-20T08:30:00.000Z,f1dc644b13c253e4d66d3d1086d28ef739b4c183017710dddce155b100a7c8d397ba474e510a7c11446e87e808225a7df9f43f7e75299c2f5f865503fe8a3908
1867511,2026-07-20T08:31:00.000Z,fb2e572aeab2c2dcffd4d575d9b291a8baff2ac0322bc59641114e43b3dfe495f3c3163af01f1b460ee2bcef0a15ae6e6ede1cff90397995199c29be3869af15
1867512,2026-07-20T08:32:00.000Z,236ca77cada62c42c316571a8c48203058f3e15f037bf401d062cafb7ed42b77fb83721c27aaf4c45e23cf6901102bd3a4da3b12328fcc6f61d574b9778e1061
1867513,2026-07-20T08:33:00.000Z,1fb55ed046edd9a06e539ffec9c7794fc95764e00df7cd585a98a7846e6a1db644697515e467e480c56509d6749f7d74417ef0355f0f54d60ff2fd3bfd009804
1867514,2026-07-20T08:34:00.000Z,58187b2e4a792f479505dacf0ad36af7d180a30cccbec04f0e921d8167a2f9d938af2dbd358bdbc653af9e2ecb5eee2e75f85ba5108421951673462d72d7f345
1867515,2026-07-20T08:35:00.000Z,9d8af2fadff478eb6b01f32a688dee5bc21a0a79e7e3aff1cdb40f03045e38192ad016b1432d2d83ec908d41e6325b716b304a77db0a12d00e1be62418f0d511
1867516,2026-07-20T08:36:00.000Z,8d668669521ca1acaa4e224fd0c8eea14d6b3dce99ec3c54a3550c34526dbf327304d3ef50dc4cecfcb59198ff9733dd7f48c29806fcab8929f8e0fad9c5564d
1867517,2026-07-20T08:37:00.000Z,bb1146e467a2a603219902243872e066268c078c84e318bca539291738a385b66f834dd4a148f82b8c1f8a7d642d5f50d2752df174a5cb3ae791ce69e974f420
1867518,2026-07-20T08:38:00.000Z,62acca3f9e30ea99a4933d0315ebcefc5a7561b4303c86997c753703162d91a81d7830616fedbfbb3770ba52687fc11f8dcf847ad7bd8445822f3cd208922238
1867519,2026-07-20T08:39:00.000Z,4a9fc008b5ce07a1069e4d131dbcf6adb3aed8256014de42df836a0ae18bf75618c4d85fc5c57d6f64e6d564812c2e19dc2d36d7d36dc14ea990b45c94d4c40f
1867520,2026-07-20T08:40:00.000Z,c858518be11f1225143abc83ddf95284929d1d306a9cf871fe9399fc371d9b5d87307563e0cd3f26c005801f4a1a9e8f876dc7a3b672dbb49540a17adfae9cdf
1867521,2026-07-20T08:41:00.000Z,c954bb7d5e468f1f9bcd160fac11a502dd3b3b5da0e57d65e2c4d118354b1a4c5bf18baa78e8a53b8a98b833f836d539bf11d98bfed1a677d22652bf6f162ee0
1867522,2026-07-20T08:42:00.000Z,0372891b864d211ad59062d11faafc483210e0eef363022b0dcd47c442a9568e231e02635e2e4cf9daf1bfd53eb4b40f76b7517dd4d2450b0f39b09848df097b
1867523,2026-07-20T08:43:00.000Z,55f1c24f575af958557f524431518272bfb93b0c732590ff545134c9288606a6310cd394c5d2f214359f29c280c0e9934074f713abaa36dddd37204965774491
1867524,2026-07-20T08:44:00.000Z,504ea01da9bea7f0cc226a6be3cc05fc04d5875be816b3db0120b53668029030bcfb0235fc040d1efce70a55b1eb5dbaaa7ffdb80f9547697ed84859b4a094e7
1867525,2026-07-20T08:45:00.000Z,57ac89213dac061190d99c49edd53a66fb604883203bfc14fbcad089f3d9d73c34599d97ce0f3f8313539c9dd3be61342178a784e046b421a0c3e10f58ba7aca
1867526,2026-07-20T08:46:00.000Z,198b9cbf76256bf03a66a4a342a96c3b39238373ef872bb8638b12943c42d02c3c2831f0ccfea23feaa8dfcf8408d481c773551ba8f2ba6307a09cdb96479f5d
1867527,2026-07-20T08:47:00.000Z,06e57d66c27cdcdfde241e3e5a674e88077e9b4c244300f7a9ab1d8e701602ffa4ddd565ee862c8d66cae39a2dfc7d117d7889df4f1d17c642b3f7cde8f27d56
1867528,2026-07-20T08:48:00.000Z,3d9cc9f20a76aa762afcac0b9f0245134e089a33623923a84ca829d689daeb50bf3aaa2c4b15d8f3e70bacf2ba4b5b94ccb6a28dc37eb1d6d0a125857c668f86
1867529,2026-07-20T08:49:00.000Z,6d2b7c4767a7ab3f65e0d7d5a002ff3d605edff278f42b9ee550b39802d8744b0d7ef9521c292657e251f9763cc45eee545e742bbef9c006a2e296d08ed5fd10
1867530,2026-07-20T08:50:00.000Z,4745699c4e1ec545c2dcb24d57d06b9f445638e306733754db892b34394f0390cadf8c67cfa40cd3d95adfd69fd26e2fc4d9f114c63b9641274a1f6b5136cbad
1867531,2026-07-20T08:51:00.000Z,b6a19e0bddfdb6259b67e4990780b429631e2528cc0efb37039bed801b6a07f1f2d90ca6c20b6440a14bc62e152eb21f1ec41c1358746962f1156bdfa789483f
1867532,2026-07-20T08:52:00.000Z,17a941339827b96088869d05078a033587695617f596c8f3f6a0928d2bb6fc8ed0fd9e24ef5824d48d1a3be6aa7e10de27d06ed80bc1353c331c27d41587133c
1867533,2026-07-20T08:53:00.000Z,3593a8276bccc56016d8a89d6c2f878429851f3d6ec8426ca2394fdd550825c8f6d0fb3798d0465d7b04b227d7b183a6a85a99052e8391b0323cedcf7ee14fa2
1867534,2026-07-20T08:54:00.000Z,1f7b4ad358d6638d8846966a07be50a50a858c85222f05f0c8c583457db5da600783928f3ad6f964ac6c997c2c7f7ecf9d6f8cb73fe32460751451081f51bec7
1867535,2026-07-20T08:55:00.000Z,d2a6db4cd35d47f8169529df4f76148fac0351fe7aae7e0c36b912b364e45256ed1a7f78906b4d9f52f5536ed0e9b85df44d88fb587b169e0b542bb4f6ca73a2
1867536,2026-07-20T08:56:00.000Z,21d8fce49ffa9434def75478f79d68ac0855ccd2963fb05c28aa45b2955d5ca599286486522a650cd7b013c5e2402a261ae26b0513e1e4eef5fa3411e4d0d8c8
1867537,2026-07-20T08:57:00.000Z,dd42d110d46e5a5bffd4c3bfe28b102652937d85ee0ede5616710a24fa4850a739d77f8dbb2f7849a6e2fe4af64c8922188181e4d2dfad23e7d717dd63ef1d92
1867538,2026-07-20T08:58:00.000Z,3f8f98db31b62710dbf19b54f0d988123938a3c97a216e7e5659cebf3dd25beb2384a88df21958445fafd6c02f2674c0a8740e6154cb0e1f6cd16ebd6f33fe7a
1867539,2026-07-20T08:59:00.000Z,1e48c2e936383f7a2a542050fd3c21d642b0c3954db213b941cf61539869585dce4c5964dffea38bd3393cf7e80f25251047fc666948638e0508d8dc1aa6285b
1867540,2026-07-20T09:00:00.000Z,1d2071dbab48a8576e0ea2e945eb80ac310deff2d63f5fdf09574270e9b25012ffa8b1b7b97072838373349444d2c634af9f91e274dd656a980f078bd02a3236
1867541,2026-07-20T09:01:00.000Z,b8969ec574011fc8f300fe7a20ba174179da91aec3151c134e730acb23a5d9dc168c937823c586f4c42358263d79dfd6ae0c40f2d2d247c591879a7dd3927f9e
1867542,2026-07-20T09:02:00.000Z,19d252e311ff6be7efde9e810f99120810a0d319bc587e8cf95332bcf680b5919027ac57abbf48ff7937aa23672e282064de26ff8046fe4ea34b60ae43ec3b49
1867543,2026-07-20T09:03:00.000Z,6d50cd932ab0d2dfc37bd3af533523e35022a3e55067f0520ca7cb2af900a45f3203eb80af572e43f8c4ec84641b69a5f4318f7ebb61ec26fd90882c2c47f5eb
1867544,2026-07-20T09:04:00.000Z,6a17502a2daa768d5e1da5c5476f283cb6fbbe3434f6f16cf90146be9424754c15aa5a76e2566c389e1c82dbc9d8722c85d994213ca9a3640611c40b1589422d
1867545,2026-07-20T09:05:00.000Z,d7e417480aba0aebed0f1f67a3f317747062ea979c11e07898122983de7bf248b0eded6e15cb0d1494880812be3a5c2cd0ab2d55446a3d66f2f2729f34a2d51e
1867546,2026-07-20T09:06:00.000Z,867df0fb68228b8cc03a5a3ed61bfb036034e58f20342713bc8c776abb450e966fd78cb7b25a39f54d7cf330d0fa72d579d00edb2674202776fd561e449fac36
1867547,2026-07-20T09:07:00.000Z,2fecd1fc91d97be2307eb8fc35c989bc481e40d6c37af2d83e588cb59494f813cd0dc1840af4b02b3d53d7957e513e7cbffeef426b4e522f83bd0988bacc8c63
1867548,2026-07-20T09:08:00.000Z,71fc3c2bc32e38a3b31d25d0ab4d239705b2275a16f3c3d2dc74be66e032664be9937ec253ad1f7827ceb4c2bf12f315139bae08c36c8b5faea96f47d9ca30bf
1867549,2026-07-20T09:09:00.000Z,2bd680c587f004089923d7a37e62a3fbf6a67c2fa19cf9f5e15c6858e23afa03021f09d103796fee8eb30a404765fe9e69ded13a1fd0b2c69d2ef52128af198f
1867550,2026-07-20T09:10:00.000Z,3765fe9c1c5af9610c5c465db69d30d20a7a406e98223729b2477e09ea580840813a890de37bd5ac5c8c3c424840ce1dc044a6ee875b5c1e99d22e11f930c95e
1867551,2026-07-20T09:11:00.000Z,adfe5e83f7cbe2c99b8ee9867e3bba24bee4e2c2984ad8cd39b38ccb3617bd03d71f34c5352a31018be4f616657d9a70ed50ab1b7f8e0be761fbc6bd0bc145a4
1867552,2026-07-20T09:12:00.000Z,da85d5420d20adcf37ca437940c22c7ddf098fc016c9e92256839d8c1bbfbef26adeb715479135cde431f4456bea4d9b38c8297ce4a6669d7478e4944c1dd83e
1867553,2026-07-20T09:13:00.000Z,885ff65f8dd30e2665de3e8d2d4381db320965265f930eb3a436f98a51cb81ac454c6291c29d7f8cfed94d64502b8280833f950ca9addb36fbff1bf0523f9006
1867554,2026-07-20T09:14:00.000Z,1750bc32ab8102429404d78c569dbe58269feecba51d7ba2d8fc1614dfd4961a54b63ec6edd888fb3546c747bd916965208b9225353ebf4a3e73c03cafe4b433
1867555,2026-07-20T09:15:00.000Z,7c1ea5b835d088a5bb6362dd062722475839e9e127d13952f222a9edb7016c168168dacaed720817fb21a96f0b058b796a15c63de8a985d4b69416936c252836
1867556,2026-07-20T09:16:00.000Z,af8bed4811f84f77f8ec2d39c6cbc801eb321f4f35ce58fc4bb48b3708c880f64614338f4e92184580dd8751914fa06c89df05d171e05362bb1d047e113cc31c
1867557,2026-07-20T09:17:00.000Z,0d8500a00b87c168ccd4a7190f5a430a5c55ea58539b148e1b413a3a89ae17b135cc0344eced34c54ccfe5fc6218cd3fc6ce1a8eaba0493d194289ad9f658bf3
1867558,2026-07-20T09:18:00.000Z,a21794071fb257a5ccebffe5eaf3a8e1e0cfbccd5d0e2c19955edde16be78d3d479308f8a717d6533b3da4b111baa357885986077ba89ca39a96b899e995e7f1
1867559,2026-07-20T09:19:00.000Z,30245bfa0908485f7631aba77b65a3e0107813bb04cbaffa008ca88ff4ffd6700d2d486870a31291067d16faa1c44a48807c594c70edde3920314cd250c8792c
1867560,2026-07-20T09:20:00.000Z,a014785c9ba3a5e95c2649a2ede6f62b4ba0195bfec981a5e8ca157b8472c35b00dbe61db2b6c2633dadcac49b189cbb05a254a7ccf49de7d10f829904210696
1867561,2026-07-20T09:21:00.000Z,200e4199e720fbdd258775099f157fdebd48a348ef0db9b03a85d276e35afdb97864420098df7ae608af57d0fb4189cc26636c290a18b03eb2d3269d7d29cd74
1867562,2026-07-20T09:22:00.000Z,d7b2128571f99c2100ce9504d29c26017894dd5cc0fc44122312fa8a92191aca8853ec11208c1c422cb5eebb7af216eda577ff7f161fc9d8eb0d53a8185ac45a
1867563,2026-07-20T09:23:00.000Z,b0dabba7edee9d723bdca5c75f55cccae648828962e4509c0af27fbf567c1b5fdc1cbeabfc37eb15b3b89328c216f7e11f29e6c573d3376f1db19c3775943122
1867564,2026-07-20T09:24:00.000Z,5bfceb80c78fd844a37d0092271fc880c39f92a1e2c29eff5c645f4c320c0f74244bf561b7e5e22a70525fc39fc6ab594b97cb1fe71fef3006f05f7f2dcc70aa
1867565,2026-07-20T09:25:00.000Z,b487030f03237ddd463f3c3fcf092be1e53d88fa8aca544017df47ab76a6be3a7bc9471232503fa43f17c781a2b7e78b6be1ec34a9d029689c338d8fa538d83b
1867566,2026-07-20T09:26:00.000Z,d7bcfb4cceeea30dd7b5fc11ab70d859160af6e44c49babc08b6e62cbca2f34f0ca94ba03673f29de1b0384e086e74384539b340bc8fe2a466ae63dc93ff750a
1867567,2026-07-20T09:27:00.000Z,0bef3f2837594c77ccbb446a3d1d710ef16780804e14f68a9315313299a4288d0b35793750624398cb93593ac0a0762ca7d090bdaf77b361960b2f36e014d615
1867568,2026-07-20T09:28:00.000Z,7109cfbe92f99b168cb0d2b3df3486d938c2b573859953ee8b8e69a7474830f9c021696197b23c53a643785146e50e5f6f5973499e035af4c87189329ccd1c4f
1867569,2026-07-20T09:29:00.000Z,af04b5f3d4e7daa252e35418aba09c08fb1562909018a06d6bdaf8377565da8aebe075e8970e123da9c7b1bba14125567f8e9fce1f1881efd04252c867a42506
1867570,2026-07-20T09:30:00.000Z,012bc7f1c7573efbb01a6d0547c47cb3afd6168fff98b9dd9f794a6ae7cc78a2de680d01073150cdac386b6f3ea32f3c12bd4a16859e92c4332cb8dcad761100
1867571,2026-07-20T09:31:00.000Z,687db3e1bda5e95c002948167bcc540cde885f110242e61e9d61aee56f8475de261c67e0709c4ffffce6d095df2e79a11059a49d6101a11b77545274beb226bf
1867572,2026-07-20T09:32:00.000Z,6617e39833a92870c4ec8a9d25b86f6a465ec7bd31f3b6b983189722adb02a16fa286eccc147374259e5b7c126dac0d8d68a398b8d1caa05be9d80435eaaee83
1867573,2026-07-20T09:33:00.000Z,8513e4d25abe8392d401037dcb35f67de5527a2d2252dbdf108aed89194910350359b0fab719374288664183b531cfa41da45bd861aa2c97351c5e14a15cf62f
1867574,2026-07-20T09:34:00.000Z,db1c897c4bcf3a550a05f71a4a348705b1fc3734d15011b04bfe5e0deb33cb44f6ccf4606d10654d6c6ae389cf206941ba304412c8cf7f183d089be4195d0233
1867575,2026-07-20T09:35:00.000Z,e0b2a57a49d0e32b63f54793117cffd49e63edce143fee50245164c5f523aa8da8b6820fe42c676fc4cd629e3fdf2fd6fb2da368278659cc94eb996028bcf344
1867576,2026-07-20T09:36:00.000Z,e318588dabb0c95946d4926e0b74226643d2f7f56570631b305206e5121ee27503fda1ed46cd02163e0645aab8f2e6fcfb1b2a85e55aafe5dc67bdef7c2792e2
1867577,2026-07-20T09:37:00.000Z,c84f8a0483eaf3f76180da2bcd02ee3148168e0d66a5b98d9c206c5c3943653d1eead995a084ab316a3dfc0032c8b82800507be0ef3634776bd17282f48bb232
1867578,2026-07-20T09:38:00.000Z,aceb4eb9fbcd3b35a56cbd53b74b01ebc10b334a395bb79a4f3bcf63cbdc02c881cf4aa761ee71ed70d289df7f507850b0b522f5c931d46ed5169c9a07d582c2
1867579,2026-07-20T09:39:00.000Z,fafde3cd79201a29754bc50b7f4de3fc04e4f81eab16233063a076361b88ea26f352091a16010b185b000a26364b11dc56e54a06dc6aa844b3af3379d1a4ec40
1867580,2026-07-20T09:40:00.000Z,01a5b6e2afd7bb441dd7d02e86d066d3f3e87719c01980443c9ef8b1a48aa94e516353d1b249aaf60edfcf90600ee93c962c7c5908c1434541b2d33f03717022
1867581,2026-07-20T09:41:00.000Z,48f3ea745ec9e48bc06a37e92feba4db4d3d5b359df942a1e5d0aec69452db9d5375a4365fd18b2cf3bf188b350a1c9dcfe14fd129da8c6388e50830c42b178f
1867582,2026-07-20T09:42:00.000Z,d95bca18c9971d1c35d21568128060345cf764b88350b18df21c2e784c6dbf6dd3df79698cb22da14199c55933058b5dd2b9418086239b64216220d4d08cedf4
1867583,2026-07-20T09:43:00.000Z,4549aadc2d6ad863db7d6f1137b82e3b8ba5c654df44dcc2c6c12209eff7f37954ec7c26b48fc09503944856204e3c4f672e882996bfab41da94f68a69812fd6
1867584,2026-07-20T09:44:00.000Z,050a3f207b785918f789bc8702576f4f61cb0f12bd2e6f73682a56de254c7c36780fe3b69bbdf80c9f31da7f8aaea11203bb744b16367b7156a6ad108db106c5
1867585,2026-07-20T09:45:00.000Z,c64da8aeca7a3c13dbffd6052cbe92d4ffbbf22768cf2bd256520aa3d94a26af1f28528706e7db5b9aaf3a5bc049d50007551f17fbb0c3797fb4683870dbbcc9
1867586,2026-07-20T09:46:00.000Z,8d067b9dad00c0d415e17c1e6ee08c44c1f042c22180f3194251bee2efc00136b53bdc4edf4d00faa7195e3e77bb4f4a088c68f79bfa5a47836f906b0f82fd79
1867587,2026-07-20T09:47:00.000Z,b2d5b40e679b29650e5d5e50a1f71ca5178fec97ce0d351dd0f585c8106a381cdd148fa54741bdac1c918696314f8a32123c2dc169bbd431f41fcca5fe358d92
1867588,2026-07-20T09:48:00.000Z,638348c2b2c6cee76ff133578d0732df5cb854b19e1032e76a9e56ae17c97315c72afb574813bed10ae9d07599f34177827cbded8afb5d42b0bfce670b023a2c
1867589,2026-07-20T09:49:00.000Z,9630d368ec3b043698eacd2542ba75113eeb4573dabd0e0541805a4e0fb68873b28a03b9893af031aa34e9a45e7ea641f56592543775afc56e8efe224b5a119b
1867590,2026-07-20T09:50:00.000Z,03cf76d7432d8c2b157b7bfb26778c91fac0b02b459692df48357781a2339c1712e26fd29d7a2ae331d0180d43bd7e7a804f69597acb817e49c363fe7fc4c7a7
1867591,2026-07-20T09:51:00.000Z,0bd2c64b52bbaca16626cff8dc7dfe1ff3e957d1f174fb0e355c2f17e4a6ff864657a690240bad1a5d86dfc7b0fdbf52033c743022d93d2aef85d0d33c2429f6
1867592,2026-07-20T09:52:00.000Z,582fe00122406345ee5be3828917bad3e52d99158f65a6eacb2522d1b2946120dbdebda7219c39b025d67d21a25e19e658056d3770ef2384dbd73d1b8cb0d5a0
1867593,2026-07-20T09:53:00.000Z,3dc6eccad1780a715065e5ee72e776bb99ada3f17e648bc808c9f49c5858d3d8ea40a2fb225d4ac077cd8b8845217f69527e0ff11e4c7bf038b9177b4cf77748
1867594,2026-07-20T09:54:00.000Z,7b4a41d9a25092dc5f34a8a5faf309353f030cc76761c21ea51181b31298d9232ab8d95354e728a29567dd9ee596a021797dc1b471c9478a9286eacdc3d4b334
1867595,2026-07-20T09:55:00.000Z,7728c1fc5a6184158d740356279e83106eb99f9d33809a4900a74e8925a0af022534e4bfa4180d9596e3a0019e182a71110fd3d9518912baa6bcc2540e1fbbd1
1867596,2026-07-20T09:56:00.000Z,4efd2bd2b9dcf815795538d38bd4db6c0ba99a527d5283492f59b2e83b06f9652e673af5c1473e5a312e1bb09d196d40eb00a3dbb66338ec8b53c21e791dc9fd
1867597,2026-07-20T09:57:00.000Z,0ca336c407562b75e11c93651ff80ba571e219c560be74f41815673ff1f477e96fac985a097b7a9b9becacd65b64b62f65cc1cfa230fd1294b215f0198c906b0
1867598,2026-07-20T09:58:00.000Z,d97e7cc05e71933c44029b99b27ed736d844042a80bb60b1c7604f4ed7354eb67d30c28bed919494337167ae080cb1b5758f760e696f3b6cf538e1e752e04cde
1867599,2026-07-20T09:59:00.000Z,e6723e9679448dc11c281299b65f87569ba0735044484fb7f3a3b69a245b920427316612678a1d8d98001c98091b87a905a73997813ac63edc0f6fe8d3978f03
1867600,2026-07-20T10:00:00.000Z,3e500ded37b5ba4257a3dc1467971149c3f7eaaa402f4cf639e7aeddfad28742861e2e83a886d9cee6005ac284544e6de56e32b21c483b886fec78aa15ce0474
1867601,2026-07-20T10:01:00.000Z,1afd09208409c1a68c1abcb6c610a27f76aa097a8a6294b0a9c56b037898c5d9efce9ba73b91de447041868969e5a3369d0013615cd581e3d2d8060e52c2a395
1867602,2026-07-20T10:02:00.000Z,814382bbd4cbff665b4b50538d1d272022a9ee644eb49e678172888f3163501b25c3058049953c31daeb8196d3e657c231f7aaa1873dc71a9917f79a86feef6b
1867603,2026-07-20T10:03:00.000Z,c0f345726a2dc1fb68e10a2a72a43ec5ec11de132f3b401527aa28960bb1e0a0aa950587fc06b5b3fdbd7f754b64607abfcda88b1909933cadfc9c1960da1bf8
1867604,2026-07-20T10:04:00.000Z,a0647f6e1d2c1b538385e4e715f6ffbab8db07cd2ad3023985a33e1be9bb1431c6dbbdef4127a857b0dfdca995512287059b16ecb2aa72cff70ee5fb7e7396fc
1867605,2026-07-20T10:05:00.000Z,e6df8b75930a717116c0c73773c6920465a0d8a3b8f0a6249b7af63a2175e79f800ca11034e4ffeed394a6ffe3c86cbb0784d2dcc3e7c8f81dccfe920239b448
1867606,2026-07-20T10:06:00.000Z,6793701b41b6f91d657f8d404a4ae329f6ee84d41ab0c249a557b7e0683937b0a609a7acf265eaec92252fe29d51abb1a4eae9b8baef3cbe3a4239f5d5768900
1867607,2026-07-20T10:07:00.000Z,d31dfaa9e0af6577fc008d8dd1b8301f8dcab874be8d2f4dcad5d65281927fdcb6fd5ee38d98d1f0824952e84f6b2ceb6a20e0dd31e9db7cca2fe0b2b5d112c8
1867608,2026-07-20T10:08:00.000Z,a203e718f13b202324964e57e16f8059ed67fba28f9f39ba4787bfed4ac47f016538ec78d61bf02b2dac8345a59e4cb7a71de4a5cd2be5df01c6da70939bea84
1867609,2026-07-20T10:09:00.000Z,9f42c7a45b705d77f0fed79ff2ef9675b018b47f3365432d19c5e47813c8fe8e74166501f92ec49f8740aace168fa072ef0e2d6a8f706c83a69d652d7c35c251
1867610,2026-07-20T10:10:00.000Z,4982b90701847179c4afe37ef21756c5d9c79e9b6dddfff126b7fa600c909afbd289f9769dec0dfe2628b37a4c3614fb8af6450ffd14a5984be3d7941b3ed1af
1867611,2026-07-20T10:11:00.000Z,d863154b11d1f9c0f774ab5de11902e7fca7f586ae5a7765a853488f795c702c23262ec6b0326edd6f9ceff89d1cde3aa9484473bcaac4593423d85856c4373e
1867612,2026-07-20T10:12:00.000Z,f0f12fb1571cfc1516d777dc6f9bc72bd0bec219f3fd0699fdd66bb751d6edf0aae4a909f0a114ad8eedf17f17217b910f73bf86ab78ffa8d7fd221bcafdbedb
1867613,2026-07-20T10:13:00.000Z,df3a423a868f1c0cff92610754233d9a72dffdc79193b40ce464bd36dde2d0b93f8d25f3928180faad6f934ec7aebfd52fba7a32a2930107925328ddbddfec1a
1867614,2026-07-20T10:14:00.000Z,a873f448310d61934170267db769eff19c81d387176013820fdfdb0984f94743774a461ae111bbcbd16957564190eebe29ec353961f175851604804b34412bfd
1867615,2026-07-20T10:15:00.000Z,38645876fe1ad83b806ebd08ade388b68e533dd30202651561527a0eeb31207e9df6bb1ab1e2d2395d8973c0835c2abf3e9a95712e409565bc267d89d1690c91
1867616,2026-07-20T10:16:00.000Z,46ed807e85c4514a7351a73de2397d7fe362ae3ea91a68c743958ba21892dedfe0efae35b5d6abd1f7704630f8961c6132048415b55a73a419fef8743a6890b5
1867617,2026-07-20T10:17:00.000Z,7486ca73f99aab44c3d23a5a6d2cecf27b3af4470c4341c6619bcf597199da61a7b806caed49079c87ffe96e9dc35fa536e4e74b27d324c2309e62289b4a9a0b
1867618,2026-07-20T10:18:00.000Z,e21c2dbb4e4757d27e57e99fcb881bc9c6a958a1692f89604387c39b08426ee5dbd8d6d34890509fac4690d1722823ca34a631e5759df53e99439869f91f3588
1867619,2026-07-20T10:19:00.000Z,7458e002268686d0a91e9f8c8c6c90b723a46e6a2059e0b5bee06d0b3e940c87c1a847e92e2879c9b7a4a2e83d3f19c74f17084f2a2088171dab238539288e5a
1867620,2026-07-20T10:20:00.000Z,43411b247f3b87871d94fdcf0b5bfde58bcdea8eb463aeae4573fe327bdf7906494f9675f73510d5046982ce06de7682fdf424d9bcc6029471f48398fd708afe
1867621,2026-07-20T10:21:00.000Z,069b5da9280174fcff2b864977ed508505210488f3a104bfd0d7a426f41fdd461cc4e75623be93f5f2f294bacdd5735945798063f572320488c9a39bb64989b7
1867622,2026-07-20T10:22:00.000Z,c4411b956907cdb661fb5a3b52d280542568fce75f1e7b102d9ca80a6420f77d8205d55036b6133d235ce896a7518f87a58d1b987574df302893f8d5ad124abe
1867623,2026-07-20T10:23:00.000Z,2d375c6a20e95f93a84fd2ec1e3285995f2c40912c354b856f3332f47ebff5d5846f7ba38fa691fdb124972e0b6cff588775b8137244b4772ab4bc76be00e543
1867624,2026-07-20T10:24:00.000Z,28a6a7482aa4e093b0b0215d4736800e78066d882254f1c34ecab1e74b57fcf29bcba46617afada510bbdbc2c0b4d7c2683177b9fa8aa9005a1a98a2fc5e3598
1867625,2026-07-20T10:25:00.000Z,9365abf280d23a30e8b5a1dfe4083dde7248747b0d8fee79456b1f1ef390e4b67e52f021332bd91792c3ef954fd411b34dbb60c824be4018e709f1586761d84b
1867626,2026-07-20T10:26:00.000Z,6216682ed780c0d0f2adf2f84ff7d83fe5bf6a64a5c4528133772cfe50bcd984322f443686bc4025190fd8c0cbad138fba1a8a2303bc747b1fd5dcbf5624e021
1867627,2026-07-20T10:27:00.000Z,af0e3a135028ac8365eb21f9f091ed90d7e934203275d552f08f62e10baf9543175a380d1701da410c5b200d43c18b4acb2e7f275f44a13678431e1b31f3fb4e
1867628,2026-07-20T10:28:00.000Z,4db7bfd7253aa657e847eb4a009a5869aa25e3f4c530d6b70804c1da6cad438e49c45f50d4986166091d950cd289c74eb32e45a23762193f4f919c7bc41cb6b8
1867629,2026-07-20T10:29:00.000Z,e8402eca6ab5ebbc847e49d978083c4ab2af478af75143a3aff002b8225dce90eeeb45c7fcdca9ea4b54a664c4519235c47b50aa9342564f84b321af9176ae43
1867630,2026-07-20T10:30:00.000Z,2df243239ab5a51974f957c6c0f3bd3fb7aab2b526e82d83ac3608d08fa4c931b277ba4a721579734afbf583198e400226abbd4ee145afea66cfe29f6b543ab0
1867631,2026-07-20T10:31:00.000Z,680a112b6bcc735741004b13898ac3c079c4e23d1a44b39040fc0884e92d8a4e1606ef0e5cc0585b667b2ded227c47524a0ec3614bf8c3bd1b9287d4f147245e
1867632,2026-07-20T10:32:00.000Z,b25779a6108b0f59999e62ab725003814c74ee65fed14fa8d62af5b5a3b644c06f8748129468244875472846f6ecb2691189cbe82958bde111f70ae0a0a10f7c
1867633,2026-07-20T10:33:00.000Z,09db94516d74c2359f90a4d883be408f2ad0c30fddb142ec49ac783a1ba3ef40f13142931331ddbefc91bb81059cbefa58ce8380b1b1415f39b4bb10b79213f8
1867634,2026-07-20T10:34:00.000Z,0d8fba78a537fd2fd0d92c91516b279ee037bdfdef0c37cd82c57f119b7b75fd3214855d9fca5d9f5ceb92511d4da17608bae713404e5419efed7a26743c449b
1867635,2026-07-20T10:35:00.000Z,87754a7b3bb72830a1c83bbfbfcc2bf699cd611b6993495b1c224a78409b9e0edeed20e2091b7129eded1a76034f50c17fcea6177a1b34b132fc2a0dda54f0f1
1867636,2026-07-20T10:36:00.000Z,b04103e106d05cc6dfc3ab6ad1596dd82e9c8e59a93f07538ff871450f207946fb9622602b1ca350ea34febfc71ba8d2cb8b0f9b27952e106fddaf8d1217375d
1867637,2026-07-20T10:37:00.000Z,05d18fbb45c9f31722444352156f708b535ebd41c9149f5f127affe76ec1340e7dabfc6966685f6699c678cdb1135d45a24a2cb454868bc291acda882a49c1a0
1867638,2026-07-20T10:38:00.000Z,6817c9b645db13aef6a680a43093aa834685058e4306d7ebd072f352d61122f48677be7e40cc18366f04bf9d379169aaa497919d6d172010d621f54ecbbdd2db
1867639,2026-07-20T10:39:00.000Z,a7f353c1ba1db20b723ed08bd147ca916048cda4787306dd5280b287b1ade09980dfd89a0e69a305d8d0b7abf327518a38a4d17f2f1905425adbe1a357adff10
1867640,2026-07-20T10:40:00.000Z,249eefd88b57c41680b2823070d7a9e81a8c64748bfd68bd432608aa06a90a4556530bac9556ac15b856e609b75b14895c4a9baff605d0bb89fa879bcdf22fd7
1867641,2026-07-20T10:41:00.000Z,29b0ae0f138a8e5282aeda0e9040e7f201d2204b627c778363b61c7489448cd46fcf5dd950b98cb4e09ff885a532fa07e70ae7556ffc0185bf35d45a555b1624
1867642,2026-07-20T10:42:00.000Z,fc8dd88e620b6897c01f828f1b532bd0ead42f22d5fba17095193552c60d00747fb25ec950abbeb083022d77aec84027f037aa04d402d162052736596c10c7ec
1867643,2026-07-20T10:43:00.000Z,afa5f75233b4891522e850d0289719f9e7f856391b7399989d72437900fcfbb4e31665f64746bf23ad4e7d413464741d6c6acdd2fa3a4d3af0ab3b89bb4c634d
1867644,2026-07-20T10:44:00.000Z,ea6552f6493f737dc02c6992f1cab533fe995ab2c88cd9cef00a3f51e9ebe104a1b2d47c572557627a263aad92a265927ef397585c606e18b90895ea44825cc9
1867645,2026-07-20T10:45:00.000Z,c05f3d186e1267270a8fb1bde28e44d94fecc8fe2784bf8e411951261f392d30bc158f5e3182bfc5c86e6e236351c84de19d4dd8d9d227860d3a418465397437
1867646,2026-07-20T10:46:00.000Z,24c9ead8223935f32301de3be4b348fa9e92d579bbbf93a5214bfe52432429db7b60d1860a164dffa339c6be92c015eb696a6d06c1626b027f0a0cc2048eddc4
1867647,2026-07-20T10:47:00.000Z,3b6ec4950b4cb1a17e83e80df986a6a83fe11386ee981f2d7d3f4eb32de159d0c3107b207c384434b36a0294361a4fe4c1b9f463a042ab6be735d24b58e05b22
1867648,2026-07-20T10:48:00.000Z,34389b4e4e1eaf274b0339b13db1fa249e9b9e89c3bc0b2d19bcb1bf5617acc4b32de50d792907d510ae4c68d5d83ca45e693b1a84342a1399674cbdb3da3b0a
1867649,2026-07-20T10:49:00.000Z,1f6e81ce875eb413f95757cb08ba624d79c87009c38d9f2a4032104794bdb6278d5a8d29fd95ef76310456449f1084ac5e483305b9343e73b35258811f3f1852
1867650,2026-07-20T10:50:00.000Z,158ae339f0f8ed8e5b96b06994301b2fb3e6d872211edf896dc7b6399e78700fa985c0002cf22c504412da2dfb745507d78c4071723e20cd424cb84716fb8b09
1867651,2026-07-20T10:51:00.000Z,0e83446b9631c4b4b1001e2336570e2f9922ba5359c53b096d1784f6ca8cf5ad16445b1c3fe7d11dc3910b6cbba94beb03e934c4f00eb4b59fc3895882af9b9d
1867652,2026-07-20T10:52:00.000Z,a0accb6f4681cd12e5590025137bd035405f365851d4403df90630fd2fd0a9a157b3b72fc4e1db94b04aba106cdc7d3484a4780b7ab8d1efc1cb26429e59be9d
1867653,2026-07-20T10:53:00.000Z,7d98a50ea041b61828d3bf606d7d228146b832589651e28c9ace35bf23ad7864f14d82abd4ddc72ee13ca00cec37a45dd574d1290a146f4a4a4f8a4132c572c3
1867654,2026-07-20T10:54:00.000Z,fefe300f6cba9c86016759a93645248443da2050793b1e199d58bcb91390d497a533ce50c2564464748021f0d42f08858ae94fc06352dffe861b1980195ed1e8
1867655,2026-07-20T10:55:00.000Z,5c5b4d60eb21679cd6bd4cf97dadab9533b058bcb9ae81cbffc8501252062a309a043b4e3056391acbeca1c058cb043e5e0f05acef38fcd488f53ad738e94c7d
1867656,2026-07-20T10:56:00.000Z,001f1e0ac626cc76bd01544a2ef1783fc6e294df55e9ef65b26e7f0485f363e7b0cc28cc60a7926346ed4b961572bc6f464a66d0f409437b1001e470eee422fd
1867657,2026-07-20T10:57:00.000Z,37374d48fff3612d2cde65c66e218d7afe2d057b108b537af9057690f35114ff7f54336673a04a2b0b998c45eca9b12d0bf4e96cbec2bdd97d8c1357c12a42b5
1867658,2026-07-20T10:58:00.000Z,5aa2fb9ebeb440940b5a6f90693bfcf31a2135f29086ebe7a20625beaed1cb9b9decd1f1c754de3471f8ccfd4cac5f94aa556435eff7cbd3c8baf11084658f3f
1867659,2026-07-20T10:59:00.000Z,9e821d618148c854994139ff1b6138f98b94137f5592591e114368961eb3e667ed2ab5461569adcf904904922cc6187c33371ebcbc735a7bcd798621d39450c6
1867660,2026-07-20T11:00:00.000Z,fbc7f2f9fc33b6baf21fc2f8d2e419405a097598ea8227706ef7ffe00a1848bf73d10827ca7f272a27ef5bbae81078f87fa2796711670312a05487e2f56f61e0
1867661,2026-07-20T11:01:00.000Z,4e18effe0d1e3c556f64eda1c056e2ba75635fd9fba8c5cb0a3687f07800af2eaa524900d2d1f901bddd5f0cf56b0a7b0e380d18d01bfd762ca506c9c78ff08e
1867662,2026-07-20T11:02:00.000Z,491723b0067599ace27f2a168f6d2ee4766341c2e25d3721d731e2bcd8100697155238c8def42b9eef2d3ebc8b6aaf5fe2c2b11e2f31a949712dc7db7b124638
1867663,2026-07-20T11:03:00.000Z,00c6744282c10495f6b01e19f9b922a8e328697c2310d317972af0835e48922118ac1d5c2898ff2ca03f5b64bdb59ca3d13411da2ba5dbbd018d1bf6457bb51d
1867664,2026-07-20T11:04:00.000Z,62ba884601719600a5789fb82bb28cbbc88455afe7c546e2ed9004b0493bbf509d10eb5dd5923c0e98106ad97ac54580a1b16dcb36d73260b7f6844854ea637b
1867665,2026-07-20T11:05:00.000Z,8b691e22b974ca998f09cdd9427584bfd3c9cb615a377bfc973002229a28de3ed8081737e8c2163b64cb8759c1c8d1e06070807fc9a9af75d19e52d2e4565597
1867666,2026-07-20T11:06:00.000Z,8152e01e1ae106a7116b3e114d92f9a4ba5bd5ec9d3b5178114a422e21632a93730ff955e596d783241546dd9fd3dbc28ce5fb8d54e15a0e8453622fdd7ea940
1867667,2026-07-20T11:07:00.000Z,8eae953a9d2329a8c442d46ac2497c88188a250a4a547ff3fd4f083e42fa86ed000816ae55967dd850133b930049cf4f839992d8366291b22f1d84cf1545a58e
1867668,2026-07-20T11:08:00.000Z,6e3d584fd4418c9c9d587b8f7912e3ba16ef4bea3d632c3aed9225699a9855d039efb8e801616f4564c0e86c740757cc32a7d5475b893b6a0e174f764b0eb457
1867669,2026-07-20T11:09:00.000Z,37fb8e5d7d4fb7bb21988d0816c4dd511cec6a6c88f5ee06fd0b10ef531ec50dd90775a3ff88d7a34ae08ab7d6525bee978814d1f6febff68273357dca28cbdc
1867670,2026-07-20T11:10:00.000Z,54e2cbffa2a503f15d945c8a289b6a5e0881f6eafefc3626d04343b92664c1ebbb408d9da621efdfc6ce7d2dcb732f880bc455c93a7ab312d175f21a12360d56
1867671,2026-07-20T11:11:00.000Z,c5881bc21a19b3055f7a7cc1f4a4d87e2959b4478cb80b5e91650f31a460918599af8571f36fe448f0469c3cb59b41c8400566ef6c1474714ef70fbf9608066e
1867672,2026-07-20T11:12:00.000Z,e02d7a8683b7b3a7fe4b65a436f572eb76b5547bb7e76efc1386ca2d01c0d7d14284c80f01d1ac02c1239bb40cbe5a9e221353a110ee45f9d6279c5760ef68c9
1867673,2026-07-20T11:13:00.000Z,1748c49a176a02c7b1f10910ac9188c6ba270cfc1c27c072fc00fe73fccc8f6ca4d8691fc7cd1e0cf338c49c3fa3feb8c4e5084d0a175788deeb16e3371af534
1867674,2026-07-20T11:14:00.000Z,a3586c36023d7676be7935c440d9f2f8015ed4c76930e0977f550f278e0e677e959442b2276b0175c659ed39d7597a6ddd271c02726794509a9d6907b510a407
1867675,2026-07-20T11:15:00.000Z,999b58d6b6b005b2c0b99a391c7a01c7bf45e28cb29159b53b3627f9f1b725446da13069ad8093ccaa3230a87a8b5a60ee9a136b7a2ecfe988ceb132b9ca83bb
1867676,2026-07-20T11:16:00.000Z,a3f3753d818309cd50d006f51cadba2fb4d025c1d2a2a8258576758a731be542739959c060f1137f11213e1da9d1f48b0ee4e687e5b0c83c3f35abf772bfe92c
1867677,2026-07-20T11:17:00.000Z,213334ab842112e49d0ee9284d8bf3f63e8b3d22c2a66e170a879ac0fd1d0d76d0c4253da25a95c59822c74ae1bab447b92278ed2f9dda1908c05a572f06aa16
1867678,2026-07-20T11:18:00.000Z,5daf0ba4e49b586f2158aa13dcba29b0d65ecbb58af6f624133f32342659deb807903cacfba3aaee1b0d4176f8e809e3398cc201dce8a790ee6b25e95f56fbdd
1867679,2026-07-20T11:19:00.000Z,80d9de62b0ac4b57e593cd43758894332ee2c550f4ea54abc514bac3140bcd6a59b6e3db88d696bafab803c3c1de1c20a5346dd48b64cbb0b44207cb5a23c423
1867680,2026-07-20T11:20:00.000Z,1e8f52cfeba7b4810becdfc7895afd90e083f175cdc2b9740e9c27715077d207dd3f7fa7b7d075b60d397416bfb32304d60e3f44e3df6ed780fe14b5da242117
1867681,2026-07-20T11:21:00.000Z,35a9ec02ed9908a79b2140598652ec2ce93583d13e681271951d6692eb0c12d1aadbb276f49360a544668f0cb9a9131eea145d657241437a9ccdd8db420621a9
1867682,2026-07-20T11:22:00.000Z,7e05226dab5989e8a4915d3b7695457d4924484509e852641508cab355ca7ff82143b8ce151e34e398a1c0a8bc0109ceac0abbbef74ee25a8d3a522096056d89
1867683,2026-07-20T11:23:00.000Z,14b93f328fa0091a0553d2f024c521b400110fa507e0dc12197aeb80e756f2a10b33e6dc36d5dcaf2a2ba67c08898c34016c27fc47ab40dceaa7d9686bf8d61d
1867684,2026-07-20T11:24:00.000Z,5413e00fec96d183dfee522566065788e28465c88d4615362958c57394d2e13d49af0c1a57b4ea1566bb1ed38298fd4cadb664e41e6ea122efba07c5acc4f27c
1867685,2026-07-20T11:25:00.000Z,1d5da35844eb33c7d63d97914b040090903e7bc58f498b75e9a4613a5b5967b8bd8c1a730eb29380d225027557e4b8f101309df6f272e0ba9c4d7ab8af6ab0c4
1867686,2026-07-20T11:26:00.000Z,28bf8ef20e328a9fd43b59bc81523a2500ebc6c7fea7c237176e483688c873a3b5da1182ffdbb8b1d17d9cc3f8206cf0ed9a333c0e8b2cbbda58694275f65834
1867687,2026-07-20T11:27:00.000Z,9ba3caa6fadeae24aa55a92ecf79bb0d7cc70890baffc91dad9c3917d6dc457c186d21416d359b7a72e6da1a45d584e30dc48dd278b1501d4ab4a6f554a909fc
1867688,2026-07-20T11:28:00.000Z,391869729ac73afebeb3bc0f09bc8ce34fd4d8a5e00d035ea1d1cc4fe4711ee2da84a6f722a109b6828addefae60f58504fc87250db3aac9289961647cc3c1d3
1867689,2026-07-20T11:29:00.000Z,5f9ec2526fe9296788e2de24dc668741727f4094c0a3b291c389e05daef42d470b96392985bfed204533ddfdb97daef6d39dd473864a4cf246eda83dce77e748
1867690,2026-07-20T11:30:00.000Z,7825792194ede1ddf852a321334e63f73071ff8953f1cfa0d0e10efea485e690d837cae53e62546e00ae2d1f73686533bf0c3a05932177bd95b9cad1ba663781
1867691,2026-07-20T11:31:00.000Z,d52033637766a0180e1d9b992ed482cede6449e56e9c1a4dd16cb104979b408fe523fd511b43b0106bcd339dbef59a4fd9e443500ef6c00b3c93cabbcafd6a50
1867692,2026-07-20T11:32:00.000Z,7e5c1d1501643af1bcab67bce70a07012458be6f0e482600aeefe7de2e17bf5d3e7f73f024c97eb7a25cd69fbfc9c629505bb81ef46669d25dbae1ad2a330099
1867693,2026-07-20T11:33:00.000Z,c68c3cc3376f6095cce6d193919eae1a314d274a348e711c3127dbc104176e2e506b06f9ffb96f52be1816947aa5aee66d208a8fbf7b2df69e73d4e0a199a9d8
1867694,2026-07-20T11:34:00.000Z,36f3b64cf1cf948824878aee0fb350616909c3c66604416e96f96c47bb0098c53c4f91f145c4d6ab0162ae90ec48f5bef82aaf45244bd88e77924faa305e1393
1867695,2026-07-20T11:35:00.000Z,6e5d1bf897e43dd6d44834b76c2ed675335696fe8ad3399c29e4f1b964f1e6b023256cf6aea55b70388c0828c759274c6139cc6b2b344c8713b9a7f4c906067e
1867696,2026-07-20T11:36:00.000Z,9ace438ae4395e4901d3010cfd9e31974214f25fa6f7d7aedf75211661c637129d5c1c5913f93a9decfd143b6d9db4cf300e1f38c8d5e0da12a59930600be988
1867697,2026-07-20T11:37:00.000Z,6ac5127a84c65cf521406cc82ff8be795feb9c01ba798b73a9dd50bac52abda7b0a6ca43d339cf6454efdaa79ae74926eea485bcbc12ac8ac669e22d11a325d0
1867698,2026-07-20T11:38:00.000Z,cf2b073f27a98e5432d5e176e24b63914e9e8dd7ccc373cc10bd3f1c5d3f22a40b32155edcb73b934939110467636da1204ecdcb0ae892c93e75a8001ef4d250
1867699,2026-07-20T11:39:00.000Z,a96bd11037b1a7500bca8fe2c439833dc59c5ba80d2323d6c9c2ecf5792b2c8e1c59c65576f442a8077d2a445b8024ce206acec888345bee862ff5af4fef7a28
1867700,2026-07-20T11:40:00.000Z,399cda0781d7d14d549b7f6ffd7fc273064e4d05832a0ea45751f7c1837ede8b05a898596b778bfceb323c4bd86e8272a964ce2199b497ea22e536afb155f1ae
1867701,2026-07-20T11:41:00.000Z,706652836c0eaabe11df6646ef7144d6715c1b2e98acd22e45881cd43a74d42ad1f37799d8f31813358d30b86409d5210e47be2b05b87fd4b083187458833585
1867702,2026-07-20T11:42:00.000Z,37969d672d30de74ea4b3cf2d588f6cbd0fbdcbc57e3ca8c54cf8aa9894d0e231a5b4afbf8ad819e196b4346da25e600e0c5228f8e8379aa8021bf9f81cd4a6b
1867703,2026-07-20T11:43:00.000Z,8fab50ba80659c5ad419d16110892f617d6a2cbbc08de789008158a6b7930b8d2fd0b04c5a090e34bca82c1b6558affa43a9c9447f8147dd1582762cc80aa2a3
1867704,2026-07-20T11:44:00.000Z,10e40cce9600bd704b4356521890271e90c115d55d295060d41e77c4a80fe6d94a7f2c30138d53313c8713120f5ca44d35ab4be240bc31bf4852e0706aef9e3d
1867705,2026-07-20T11:45:00.000Z,9801123b433e973d7480ac3550f758a4def7c3ec27ba708f30bdf83ad1e214092d3f7903fb960f743f75881320da05aa3964945162841744c42aeb5955951b6e
1867706,2026-07-20T11:46:00.000Z,910e88a8b8b47451a6f2d2d3b234fb913b27ae60ed7b1d783b3c57141882b082b02f929c4e3b53d56a60bc66d1f706d10694e6f6405896a1c6d70546f3f685cc
1867707,2026-07-20T11:47:00.000Z,fadf85827e190a0c42cffdb09f927a99c9791f69429e44a23203fc0568afaebb67adfe7d55dd2d961c71c8a5867c9e03cd9362c5ce9e02c0e7d4e079ac8542f1
1867708,2026-07-20T11:48:00.000Z,ddffb6157774f3e9ed1a594678026b838c3a388022446573a9c45e9cdbd7c4c4f456a8ca7484d786deefbfe4496fe5706ef8f8445fbf99d0ec74b8a9c0c2f53e
1867709,2026-07-20T11:49:00.000Z,09d8d29bfe675492fc5412f59986ea8924a1929f5df00a6e22bfc32056934329a46b6d3061b94f0de9bef5cb72057fb9dc709d9c0f0a988deb1be272adcdb4e7
1867710,2026-07-20T11:50:00.000Z,db1b41774f146659dc959241b8d6c46e483f3b1d39a5b98ad8af03e9f45080564d58a9758b1acd4d703ad25d5252b9e9b26f74d5ad238e6a52cb5db0b00f26c2
1867711,2026-07-20T11:51:00.000Z,c657702e4c0d849c89402cd4fe8a822a0ee289931013458c3257bdfc92fafef42eb6fc80afd16a925b53a52c6b628ead8ec80856878341fa169221a4e09bfa75
1867712,2026-07-20T11:52:00.000Z,f49352951ff3914c0975eb21268b3ca18a10dabbb92067c14b01e0f59fe86b69321c3d148dcc2110ddfa192b5166913f18bcbdfdb9ca0b39f6d1842fdce48025
1867713,2026-07-20T11:53:00.000Z,da964aa69ad8147cb483acef9a2956603ae23da07c04a997736fada7ab6a8fcf09af4c4fc9d1fe6ce5d20e4d44926a5cb7cc3a75122514e5a7dfead071e36511
1867714,2026-07-20T11:54:00.000Z,8c11f93d62d86c4939bb6a5c5bdb443b4d93faec2c6b39c89cc0d18b42b39df3edc4cd3d2a3dc6ff8e7140c5a15084e4bfd05c72a1a08dd31170a6f82ce7b577
1867715,2026-07-20T11:55:00.000Z,5b94e19b2b39cc3822cb06d36a58a167c3bbb9377ea33360fd63b0573a73b9afbf1f20ec66d7f1685f78f3bf13d508f35743dcd0d6c4ed510fd73d182210ae46
1867716,2026-07-20T11:56:00.000Z,be5fedc85a2b8d3c94196d319aec488012e0fe87f11dfc36d71965c54b254207d9cdbc4bfb55add5cdb4186780ff7d79521ce9dda1c5e9a1bd42a000056a7c73
1867717,2026-07-20T11:57:00.000Z,768cdd9b95c0a75dc7c9a9134d4b6523009bd9f0faf25ea12c7a42bd9b2c903bdff24880062b09cba6c65dbd5b4032f3616d963c359cf9b75c4c6abd2496d9d9
1867718,2026-07-20T11:58:00.000Z,206d77fdc8c4d5fe636c8f12408b9fdc519ab1cec1755644209defeab4af6876a8630f7cf0063deb0f3d9f2ade9d0cb64098797bf1a3936389d8d08dfb075866
1867719,2026-07-20T11:59:00.000Z,7ae6264d0159652c9a54401344e867f02452dae9c66c818a17d5f6dfda86562465720f823a537de3d3b2b09bd95ca4648bd6a3c9a0c8a9a3eafc6c4944d20477
1867720,2026-07-20T12:00:00.000Z,d2d64a89723556952cb967772b678a4d0292749138e1bc9d08e8af91e3941a65ac71287ba8c757c86ccbf26bd6c6c69b755489b18b265c9916afcb1a565ef4cf
1867721,2026-07-20T12:01:00.000Z,2302b75c75a936c377421076684c9363059ad3b5a268f4ddbe5486777dd9ff5077fcb438e36ff92e78c91d4b68675199ddf1ec4127a32d125b824076fb514d75
1867722,2026-07-20T12:02:00.000Z,c240e68a0fd24ad5b2f4caf047700ab203a930766768bcfac349ed211f1235b9be9dad2284481642f703fd7007cdbbea3ed670d13d9263b7beee4d9ef17dcd43
1867723,2026-07-20T12:03:00.000Z,87fd94109089733364393d969df3213654753ca2dec9fbd96d97fe61674ca0554662d53887f05adf89c693be10d8f2a694c0bb9b729acf8084eefef88471094a
1867724,2026-07-20T12:04:00.000Z,b422d367785e2a78cb15604d3cdb003f1e5d328348cbec92f3bb747bc6cf53c224ce58a30c55c826eb988e283c9f99f96585ce9435c6fc66224e28aea418f03f
1867725,2026-07-20T12:05:00.000Z,8226de3923297f05dc81dd9fb12b09c7764dcff070d143d81f4474b9ffd0d46f76ce9c254b8bc007e494c507058c366ad567a1e6e169811f85545a118b236ebe
1867726,2026-07-20T12:06:00.000Z,05376761749226672be6d10d3c18eb0bc38d7cb2311593a10c5821caaa31eb954bde0bbdb2896297838bd9bbfc4699a8c519a76eefc7c32c1d8860305351507f
1867727,2026-07-20T12:07:00.000Z,d2da49a3b8608cd9e6b0a361f514e0613aacd88c2b16a3d6b05a24e6ceebf297b1d0675ec47d9360db8c9481eea1b7a5e8ca4bd7dcfd46c06e19d37d35c903f2
1867728,2026-07-20T12:08:00.000Z,62c1b96232bd29129b7b815f30a8ebf56f60b87c8c7390a08da495fdb3bfe7ce67462bbdbd9667eb2304200ed7efd309af278302b0a60466d269b6e8cf36d116
1867729,2026-07-20T12:09:00.000Z,663381cc56524d8c1bf30a5451d4fefef2130ef7b8abf3165126b4313f9ca8b20f34ea84e7799cea60f5652b96d439b861d5a0bea8af1950bf19407f641681cd
1867730,2026-07-20T12:10:00.000Z,107998a88d8eb29cd7d0316e08afe1a4068ffe820374542c0b06b883c23e1f64ebac0cab05aa500844c8051828efe08ec1a6fb5ee80143c6159cdba01f8fa804
1867731,2026-07-20T12:11:00.000Z,db50d6378b77b93f31556ce1ef62048d47901e7c79c2b474a88f2f6fd836109ed676de242fa94750baa17bb57f68de531c15117aa9ebf24d332cd897b5ec716b
1867732,2026-07-20T12:12:00.000Z,95bf327c3de688fb8d65a8a0459a42af0a9093d53e82043acac52bb8d60e95e2e04b4c15e3d91c49ce220ca56354f479c1d9cabbcc5cd640dfa5677d0a6a8b01
1867733,2026-07-20T12:13:00.000Z,76dcc5407a9cc23f657dbc7914dd3be983a3217c587886ebda1b2e1f26bf3d0dc810062034584b896aea64da2be3c24d818fdb22d76a006acd320a07b4b18deb
1867734,2026-07-20T12:14:00.000Z,8055e7b35b78450a6f47359e810b22a9b504204301e511f6b2a55ec11c2a1286a2fe3ef30d6d6041fbbe9d8167fbfe614cf8776eda0acd5a4d480396eab178e0
1867735,2026-07-20T12:15:00.000Z,7698a8d3db31cf732187428ea3053b00f016b122d154e9f72c3d53ab63c5ec22a8ecf4edfb61658aaf19181ac3d4b5abfedd627794a3751bd1c0f7f509aa67ca
1867736,2026-07-20T12:16:00.000Z,288ea98af2d4247f2bf4431a4aca3b2c2e55f89787d485f9a057d954c8ff39a77e8cdf62283441eba24638ef0933cdba3d8be5b83baa5dd7d4be5b2e7cb4fe3e
1867737,2026-07-20T12:17:00.000Z,c2e41998f0cdcd3c6092c6f8ad6974e43e0839679bbe55d00e26b003933020b5e3ab50a9b55e341ca1f2ca1cc3ddcebcb76390b6d8a669f446a27770d678a4ee
1867738,2026-07-20T12:18:00.000Z,4a57dd119af6f3da118c1a1f5dc5027042d094a7f5d397b98cd7884081e198ff965a5e71824f6c9f62197a0d60f4ec45fae736aa54d8d762f2d7c58b485c7013
1867739,2026-07-20T12:19:00.000Z,317128912a523678c7d307b67e512f8173dae13159858621f2a25bfb57e0e263722eed350b6d3d95fce88cb7655985499e543f69f122d7fbe4ef621d24f6601f
1867740,2026-07-20T12:20:00.000Z,c7afd2cc2d76c02e2ba71c48d16a104d263decfca815d395a4e3cb6571f816f5093bd7029b08070a5ab945c8da6f51d9b322d7153cf60b8ec5e16cf0aa0891cb
1867741,2026-07-20T12:21:00.000Z,e4f2f2924e969461a36885ce88b119f45ab936643546e8b57196b5fba5396c597e0725ed7b6fcc22fb436f2df72ad26eadc07cf975bef6e4d7e0b7247f642f30
1867742,2026-07-20T12:22:00.000Z,d82c38d031965235cf00b01ef3f409d92150906f78c234b04140da8ef17d43d5253537fa175fcdb2ee936d0d1a503f2fc1012444d4ac05b139e3f4c1c7314052
1867743,2026-07-20T12:23:00.000Z,c537554832a96e01f39d6f975b69db9c215e495529129bb886d0382c923b12a7f654d3a556a7a28fa442b08400bcd6d956b2901c65d147a0e731866eb2d4191c
1867744,2026-07-20T12:24:00.000Z,c31028977953d3dbbae38643d3d93725b29624dc2242f3a858a998d23cc60a987f87cef010d64f867f4507834881d209d1ae9a40ecd347dbc6eea66cb7b4bb67
1867745,2026-07-20T12:25:00.000Z,d971776c45e3a893c5f4356e72c5af18b5bca73a5c9872230a8c32f7ace2944ff8062b6a9d11afd13c7fb612b0498a2a635ad86066e8f02668bba4348904267a
1867746,2026-07-20T12:26:00.000Z,a3f9f0f4fd22bbfa100bd36d27647e3356a4dd7d2fd82078aa5b4a84a2296ff0e0dc996b2c7c776ab8d08a7c6f1175697e4a43f49f975422d6de315533839260
1867747,2026-07-20T12:27:00.000Z,f243b939806d52ab942c8b950a1358d79e0791ae0fae023b21814de10d50d1f1e15328e386aa284a5c8c49ff998c34153327a0b7c42f6c834a1f99ee6535eef0
1867748,2026-07-20T12:28:00.000Z,acbb3259170b88479c192cc564326feb12891d4ed68b246811d9501cc6f98b24933e01cd709fb5d07a9b83aeb8af008b4f80d83a6d1009edcd9a088792288333
1867749,2026-07-20T12:29:00.000Z,48e5574de6616058b7f2df185f59ee2c81559a047f34b2e65baf2c5c40b6d4fb09f5cd53cd06aef51ac8693713db31b7ebb738bde730a195669a59d5f46abe88
1867750,2026-07-20T12:30:00.000Z,9f2e30ac3098d25e17835d801e538946b568dcba0f6ba219e48cf5a146700eafc2a8b4e6ffcf7668e71064e572d634392c50ef72aea638dde8ad9be844ce519d
1867751,2026-07-20T12:31:00.000Z,c14fc652d7f59bbfbc5ac8aae6e46937f9a012c776fe69dea6293c3a5bd8acf836c17473800a5c78b647503fbe65d795fedec00a26d4c853e161c5e2acbe3c1a
1867752,2026-07-20T12:32:00.000Z,45c76903be19968c64c24aaea8f1512ce6810c6873b8941fe981f6af3ed4b9c4dca3bfd239dd4bdf277057cab27ed5f05e6d7a5a53c72b6bbd5c6955914b1e3e
1867753,2026-07-20T12:33:00.000Z,6ed815dffac1c1dbf02ddbbc0405637cbf2a3c0c7aa297449861c39a223f447a821f6a9c6c015b29b0d072d26b8f26d18465437339623af91197c324d33d6deb
1867754,2026-07-20T12:34:00.000Z,204bd0e19d52eecf93148c6d09d59abdb5f319d256d269ba20b430c5b5a84d54c270b210d74406b118d7a2eae423256644c8c076d794fd52596a61a63f71c97d
1867755,2026-07-20T12:35:00.000Z,b835d1d0a0eb415a5af1d2fe4c176d805be7b4a4b0ad9af0b5799b0b619836fd7de6d65b5038caaaf4515a8ced81f3385eb709ce170dcbe52eedb06faced4d76
1867756,2026-07-20T12:36:00.000Z,95fcf26ba450e4205dad6c6be81d638159fe69c13881366e4341204e172522c97c1928f7514c5e10bfd415feba9aeba85a0e701ad6462f893e422a2983fd8a7c
1867757,2026-07-20T12:37:00.000Z,019fcc2f872dddd91a06acc8ec9fe8beed1c8fb674a68bdad6655d0f6dcd2d03ad327a41a0f14ef78c29cfdf26a01be09561e5bd8db5c5fa19f1bd239cc9e5bf
1867758,2026-07-20T12:38:00.000Z,53d9d198b1b6986cf43f570bfe46d42bdc29515db5189c7dd1d38a50c91d44348d98ce558916cc3788c9f83b66c578b3c657fd2f36b9f1fcaaa70ef1fe3f4218
1867759,2026-07-20T12:39:00.000Z,c70fc36f43a481ced43e8392b069fcae78f276f25e3ca0d8941aee45202792660ffafc7358b44f186c2e938dcc058ddbe74fefaaa1609fba4dd828a11a79c3a9
1867760,2026-07-20T12:40:00.000Z,03482582647335f84b1abb5d7a1806ea300ac5357550f8ca87abb7cd36362768f1685a0c086447c05d6e2599bec29ef6c2576b771b1e93e68db5f641729c7758
1867761,2026-07-20T12:41:00.000Z,6480c9b8a68b41c486f19f8af6b17a18f206eb43497f6db354e9015e80c50edbca4fbcaceb6784707e351c9c6cb9152c75c7c291c9d6e96048e5b594e400bb70
1867762,2026-07-20T12:42:00.000Z,a6ea221cefe37f6fc45af55427d7450217c6dbb759b28b42e491e86eff67aa5f3d71e4aa386cc19c99d2c6751e3f0fe1623702e942dbf9728d3a91a0fb121008
1867763,2026-07-20T12:43:00.000Z,a0286d90edf493a3ab88ef992ea913fcf07c3dba966eb3a565ec9345d369306ab48f88cba1de37cb5ab426a4b862630326f75ef60bd81fa6db6b1c8d4796bbb1
1867764,2026-07-20T12:44:00.000Z,793f910a949b92f217ec9e83a5e4542ad1d43da1806247487dd550ca39b4feba59df2b43d012ef07acfe3c1d03ad80b877f386bbb25778dcef82bf2294e85d62
1867765,2026-07-20T12:45:00.000Z,ad1c3d9a1d09c747f8485b613415cf85ca33ba811090c2d843d556d444a6b9264598415341dc6f53e4fab1210aede418dc74f5de02c5e7d0c4923967d23653f1
1867766,2026-07-20T12:46:00.000Z,0f92bfbe7961f878786f43aa7c86d8ac2b2eb9c29e599807db8a73a88a72a3b794186c94f7cda00102292905c580fa3923a1a1e75ff32ca6b2b47ca45e845b37
1867767,2026-07-20T12:47:00.000Z,8fba915eb003669cc12694fe2df91c674e032285bebd31479ee44cc05b9a08db1f5260a4e73c019bef49bf2a2b3f97a3903ffee5e33aadbc737dce00fdc03574
1867768,2026-07-20T12:48:00.000Z,7a423d2a794e19de12e2321492d60040f3625ba10f2f9ebe9e57aa3ac0207aea5f5f4bddee1f706e8d41acb2e5923b9326db61deb49d098595df7679b6b72de6
1867769,2026-07-20T12:49:00.000Z,e3e5a9609f538f4ef3eec8be8feef1c64b1f3854e6589b06825012a797bd838ccdbc1625a61013c5d31b1573bad73a2abe893078b8651a6fca3f8d6a1ef85855
1867770,2026-07-20T12:50:00.000Z,a00deb7881e98fd05ce98eee9ea31307c017e24341cd3d2644ae5b6fde6a9d1451aef62a3ac92549d238b138b969ad18d0ff12d3a62c098202bce0bc81aa2b36
1867771,2026-07-20T12:51:00.000Z,b1915cf54753644562c0d6b95d6cae8538d88b78a4a7f0098920c8d73f9bfe3218d6caaafd316151e96fb1d9da1f0ba1ad55c33f695cca94b593e88da640c223
1867772,2026-07-20T12:52:00.000Z,5af0010d5c9f74672f0eca40b7a6db20679a5198556377a902d3387630467ca731a8783dbcf59a32256289c2fbcbdd6ae2539ad982f520dce77022ec7a9615ea
1867773,2026-07-20T12:53:00.000Z,42c4f8088818b30928afcee9d29ab7546ec197d57ff8a0e4d56f73cf117f6c6498e9903537486f7c093ceff2a321aad193cb1ad69f292d4212569e930a756737
1867774,2026-07-20T12:54:00.000Z,3fefdb2a1d059ab3c3a9b855599dde743fdfe35b73895191b99b911a9f132563fe1b1cb0f6f69d81ac123b4a4640b9ad9cdabd6593866bd75ed3161b8dee6b06
1867775,2026-07-20T12:55:00.000Z,20023a690b0816da1f7d4a1f5713392d19a1efbfcc526b7e5b67dd8db26b78a6f6e87690b108ed7b5e83fe7ef6817092f41e5038d9da43479373fd6b31aa290c
1867776,2026-07-20T12:56:00.000Z,71e0e5f03267f3070eb9c3fe99489855e75eac3f01079392a139865e7583a94272ac988da209463cd9c34e5dfaea29331dcd03b2a662654e43141ea660d92d42
1867777,2026-07-20T12:57:00.000Z,c75fa35a147d1001067ebf15ee06ca403e550e3efe98d1424ee2367a37cc93464f8690a6febb02c335c5626172283d69d65ae77ae548a06927b22df18c485de8
1867778,2026-07-20T12:58:00.000Z,d05722c2db7d0cf326ce210584b78306ef06f945c567dbb60305eae4c0fa78c8038f6df1d0f588f16e838b96ed2cc7f77785c7c5441fc39e1d30247a0c97eb18
1867779,2026-07-20T12:59:00.000Z,980c70d2be9ed604452a5f5a463c16816a585741cefe1a75a0f31cc42c671d0b389ed0e4d691a3090e9d7cbeb40bc779ef243b9fcddbf24f7ba5f2941d8c39c7
1867780,2026-07-20T13:00:00.000Z,b64156c0bb8e2a4e91c3032f15e80e11232626724ecb6b3a0d5cdd6f08a3c66540a3d9c8c86e612397b32ccf82cf48495881fdc9f7c711fc9402cadb39f7cc6f
1867781,2026-07-20T13:01:00.000Z,9dc9119b20ad58c4793becc3dbf39438b18f75385dc97890bcb326978a43100c119bd7a3d9a9a717eef2ad76804f72c48e57c81d6d7d0ae20a3758d49e3c2faf
1867782,2026-07-20T13:02:00.000Z,1156727dd655cc386e4153957fa5727dbc0ae66e18e326f7f5fa34d83223e80f4fe8bc9d82aeb41a5b151ca6b1a457cbe7d24919c3196f67c76732cb0004d988
1867783,2026-07-20T13:03:00.000Z,07d7dcaf3fb8d0bb2ccc775fb22146428a9630f72a51a89e40dff05c6efead39889aa6919bd94241dd89c05235acaf8da9a786d0ebdd092cfb56b13965b7217f
1867784,2026-07-20T13:04:00.000Z,20cfe1976d08fd632c475bc5d76cab90c01f5ea14a6e38cc108bc56edd7f8f1e6c9d0d775f9ff5b77cb72e5af6363778ec0a25dc73352f5380919e0a07180029
1867785,2026-07-20T13:05:00.000Z,25b9ffc2c20abd58fc73a4b6bed2c3b5a4ee9dcbe16185db57b314ebb8e7531cafa8aec33206744b6db5dee8cc8a80d5d216070669af2a2e218c967b26078ec5
1867786,2026-07-20T13:06:00.000Z,40da2239f4c44ddb672f69d42e583a5fbc974f8deb6f935bdddfdf3766fb6a99109cd1ad28d79e7b5021a3270f5a26822186a7cef7d702a8afa37ba80bf4d821
1867787,2026-07-20T13:07:00.000Z,d6c6c72157d9faa66eaf66232fcaf2c1b104e4ebf97c580ccc717b94fe6cbd9162a68230f5c30d9860f56dd6e53be024384affae21281392c71919d5062fdd46
1867788,2026-07-20T13:08:00.000Z,9cf697be2703a360eb3d0268c23050b305759cdfd27e39612344ec3791fd9efb030897674c89aaa581cd36ef4ee395759a1fa2f472cdffb1f2fa8ae21f3b1352
1867789,2026-07-20T13:09:00.000Z,46d2c8f62f8e4292eac6125a19024a95f33393345a0810ed497218cc613486d1fdfb03dd769878b68e461b744f73bbb7e6fd514603545273e63d0528d39f78ab
1867790,2026-07-20T13:10:00.000Z,d0740606ce217a70d02ece7c7821b2ca8c728bf64b93a5c4ab5aa1a9cf7cb9413aa13917e40060fc8b97d1cf7af482245ac1b3349b82f1b7a30f16a5432ef92d
1867791,2026-07-20T13:11:00.000Z,f3cb7a36d2d3c8da5e4b603ff033860d1aab2fc7e4ad10d53feff9a26a26cb535a029f32bf8f5a1dd45f7f26f1ee388bc6e5ab30739d4bcfe8844ea7a1cb24b4
1867792,2026-07-20T13:12:00.000Z,c8b7fe637b2a10489caa8dcae9dc06b647b7f6ed166b3afef8a4404519bd96a9bbac89a8df76ec31288654251257b875796636a0f36f04df7471665a17b7abd9
1867793,2026-07-20T13:13:00.000Z,52b458bf8c0d4fbca24e6fa8b660e98353319f1b8823cae697381c9a80ddb25a6dc79718d6975e35467132d6862bcb6789ccf5a21cc65b2c9d39f15e12748abb
1867794,2026-07-20T13:14:00.000Z,cb958760e4b1abd922a9464c812efd81a786eb07961be051a91aa1db6c514ac677bfee56926b0a25f9481498aba7fcd353309e8e6483797401dd82b935fed6f0
1867795,2026-07-20T13:15:00.000Z,01230d666dc73298e332ef2d21322832c585be039ce55a8024eb9ec2ebca8ba9702888ab9bce251ea6febcde0efa9b1cd08a5319509a21c7f4200b0dcd2edbb4
1867796,2026-07-20T13:16:00.000Z,9c64315d61ab7c2b1d640115af6740fe2c4185ea21fa21ba4e6b788fc48da45e1df6537074b6659df002e9832f3e50f15b7e6b6d8152f291b0af2ac702d1d4c7
1867797,2026-07-20T13:17:00.000Z,282827be212d1b8189239b1636722fdb38c427774e920ecf54b968842c3bb59da3f0f3a39a6e36e68d5a9af566841c63843ecde006e57a14bb4135fbd317f6f2
1867798,2026-07-20T13:18:00.000Z,1a2a5be525c3eac464e584bf2c0597633e68dce95e8680c9bd9e44e35d3acfd3f521432b1d39eda66a210205bc6f4b1e64ef2e45547d1200899d68a4018c8f9f
1867799,2026-07-20T13:19:00.000Z,2c5f1a56877b9b00f1276da8aabbf4f91d9c4ec95d846954a6037798d4e9b54e408daf00f5c2d7e003a25a843ab3c305f4843d9874ff86673c0dd2dfa419f809
1867800,2026-07-20T13:20:00.000Z,ff7d9bb79a1ea12e741039836d4b5bfe8391784ada1970684d2f484f96ba059a14b7c314fb6a872f29513612cc8c5ad4fc970400dd47c8a5a96faf2a09d6e659
1867801,2026-07-20T13:21:00.000Z,874b549adffe13a1eb9e854029154d4330182c573b1aa2d60cf8aacd9f39b01a02de85590fd7b5bb3512abd7cae5cc22b4057cb2c4ca4b3578d2529d5f3b3527
1867802,2026-07-20T13:22:00.000Z,4eb6b31b79f42c2de58a7a9f6f707fdbd957ba8a1ddcd7acc14fed2ff1f9d40261580e5e7a2071404754c4009f3e363d6fbd5a32b7db04c94ec248b56e047e00
1867803,2026-07-20T13:23:00.000Z,a9a2e1da80da4672187518c6492b3677ae95ea2d00efa544c76830ae8864deafe98020ed89e5b540524426b838168c75e6fa9482f34c5474ab539fdfc9ce9a8a
1867804,2026-07-20T13:24:00.000Z,5744f47e33023be1b244b256f7e9b24e9ce592f1ea3dfd72bebabc6f501f79c11b858b41e1ec8c2f4d53ea1b7fb5701d9f242848b05ca686c38d758bab2bcd6e
1867805,2026-07-20T13:25:00.000Z,55304b2dd8306ded1086a8e48c3a8d61066620538ba32af48ab5d1d2f3cce0d50075e0a6c9204616d3814aba454e1b487c554add9778102dec788075dc8f8ea3
1867806,2026-07-20T13:26:00.000Z,b35d928082ff8ff50b4a4c093168d9bf6edbb0849028102d0a4242b42355d5f328679845202adda56abdcea3857fa03b05344c4620f7e75bff04a361ffa011ff
1867807,2026-07-20T13:27:00.000Z,61c710114843aa8aa7a96717e4270a429110aef9f3f1759a0757579e118406eb8b732904c90fc232dc1c4b2823a07dbf41d2bdf08daf01d58877d9f99c5ef9c3
1867808,2026-07-20T13:28:00.000Z,e622ed4ceed82d6ef554f1c9becdab0f7f33cab3d707a484d0977ef6f1fd5861dd2ee1d498bd45a106fa68e30618049642fc61f289ff27da464bfb801a2d1580
1867809,2026-07-20T13:29:00.000Z,16957e90482cd99493933904e9196fca4977041aa78e19976585ab7429355c5aa1caeb79fd919c6a70d05fd480fce634483d58d16217a8b5f5134c1271ef7de7
1867810,2026-07-20T13:30:00.000Z,710bc0aa6bfb7e0a312928eba13cc19185df5d45eb6f73a10ed1412e4124fcbfe8da62a5dfb439c58d72949612765b3a84d7329ca16485e96838907460698b28
1867811,2026-07-20T13:31:00.000Z,48838da9e3d26a71c2877fac3660969448acc299da3a2e7d4ee1ed18f5d9708d8a4097f0b5d0ba1cdcd267d206dd7ff14de425204e340bf737f2de2e4b7875ad
1867812,2026-07-20T13:32:00.000Z,891166b7c236a46130c7a95989d6c09716f820b1ecd655704755b1dc26b18f936c62dfa5be19064621c81e1c5685901dc3f44475dc3d96ae24878aea98f59113
1867813,2026-07-20T13:33:00.000Z,746839ef79b65fe74aac9c35a68b4dcc7abd753c5837eab273fb15b7a42a9b09d03d0ab6ab4ae3f755ef6ff0ae7b09b160c5f0f4de8e6c72a9b3ae207d6fa804
1867814,2026-07-20T13:34:00.000Z,dbbf6472f9e1df1cd64f609be2a94c0b3c90894bb9e09f8c2cbfe5fae4345b346cdb404b002519e4f72f6843dfe6f612ac811fb83455843e69288f5c9de4fc8f
1867815,2026-07-20T13:35:00.000Z,0ba03a837395e395a87b94708eb432704a484c512d0e68d8d5da8247d23fdbf17bc73de1e9e2b3e61e731fc56145d22c2aab7453dd0220e24ad84946c6f82b80
1867816,2026-07-20T13:36:00.000Z,824511b1ba6d67fd4041177fa6fc09bb67e2b40a20267289530f50722327fdac8ecae8a083dc9f675bb5d20d6d68bf9039cd4fd088bbbd9b1ef448a72029d0aa
1867817,2026-07-20T13:37:00.000Z,002592bc6bb95ccc22fb16951e9b63c77b00b839569259fc0c2b129c96aeff72d39fc3cf8f976814b5d5c52a5333b811c2b7aa8bdff5bea5c35b9fd29aecd4c4
1867818,2026-07-20T13:38:00.000Z,32b330807bdb660da1d736463029fc96573eea9f3aa76a3cd015ae6566e3cfd6c7c9cdd6b67ea0430c442d294c0c885471237a23227227ca619b18cfd47deeb5
1867819,2026-07-20T13:39:00.000Z,4dece82935c5e2bf912af9f302175c480c72ddcb48b9bb6f8e98cd38c28bb0ed2b5698ab26385c079564d3a0d252e10e34fe9e98e21f04567b807bf534597bf0
1867820,2026-07-20T13:40:00.000Z,cab683f6ea348e43a97bacad28154c124e1aa7412004dfad6777d59a47d0e919ce4d7b0c5784effd53d823ca91046adbd2d03644b9fce4d6d885782788dd87ef
1867821,2026-07-20T13:41:00.000Z,ee33cbc0fc00ea96c5a64bb3098612f8b12ba55f9e88148028545cfa6948f9a15ccba05d6421a01b4b0ec68601697e2b6ae1b80a93006bbd7111f632a54ecf57
1867822,2026-07-20T13:42:00.000Z,e1e59234916a3fd6c4a8b89474164418453d984c1079c96a8ae9a46717857c169544253456d094841b5a5658c76bff1db88bded87b058b41261b74113be2c4d4
1867823,2026-07-20T13:43:00.000Z,ca0e56ef42a7c2065eac8675cc05462a7672a010b270518711117956e70dae363546461a831e10181994c0f53e9b8cc0f4ba96d93dbf51a8d75db58a3299108c
1867824,2026-07-20T13:44:00.000Z,cc0272530c8e993c4efd512645891925e97cf24a14f82dcf043a8bf62e7961fc4372c645241858708ca3441b5e2bec2aaac09e0725a60a1fff750c3c2f058392
1867825,2026-07-20T13:45:00.000Z,6da60e7f76a214c14a2b5bee1612a0e1944c3fed763c98efce6791066bdde01358e8432b485b24295038879aa80f09e69b2972d50dae419f8f636b7727c6d679
1867826,2026-07-20T13:46:00.000Z,f5c9aea5c6c959a44c141e10b797e9c737ceb864cfeec02fc625f021012e89d054653e981119675609fe74273c2c0e5f024dd33fefd5df63ea1ae47c90a496eb
1867827,2026-07-20T13:47:00.000Z,1b4126a20ce476d2a84bb598d68fa2bfa173006c6d0b6b67212380447c4227f2304ecfdc0d217ef4c8b26079b9886472605794a57f4d4023446d66dd00e4497d
1867828,2026-07-20T13:48:00.000Z,09e3c9eb8b6fd0a2a248d45d9e7a4bb1cef329e21833809b9316633a1995c0d436cca90be7d5c96851215f7928af614fc703e8123a8ff4e644c0587020d3a38f
1867829,2026-07-20T13:49:00.000Z,9ef0f13447541bfc4843643d992fe3757a86efc79fad0c6432ee49e3c18a40e21d37bad503a14e9aac3a6ba8cc0990f1b56434b16d4787099b735388ddfd8dc3
1867830,2026-07-20T13:50:00.000Z,3d4881a402ad1a276d074dae58da5b6dc87916eaaa11cd46547603248521fc613fa45f7719c91f96c1d5119c93b0580245ab0fe14f140ec2e09a0c1a54e501ea
1867831,2026-07-20T13:51:00.000Z,efa27b4f408421dae7958e92b52ef7d234be2a0b23f13c406c2de4e968dd7b5a940be894595122e28c89f665d7e392debaa8df9f348b38ab2de15e0f46ee1291
1867832,2026-07-20T13:52:00.000Z,e56f0e0753a20dfedb6183c2d1708212747549a8a454866c159b2abaa1f1ae62747d8b6d404e4dcbad39bf18f962c2467e39d9e561220d4c1fadaf3da35b8136
1867833,2026-07-20T13:53:00.000Z,ebd971232fa1a2a9beb1d5ea708f79c42b4b1c41ea078d91d9f4892b28325d24cf67f2b58a90e2406013ee1e742122438f410a649dd28d64492dfe981c27f9ca
1867834,2026-07-20T13:54:00.000Z,92ec323d7f3c012cc3394e6a07576444fd38de742a58b1864947d1798342277e1036168d64b5f2b8f5cdd5e61f59e1a316e59161437c7d2124855a11f08b89c1
1867835,2026-07-20T13:55:00.000Z,efc6d48fed74c9d7dbd7ed2dc32fab7d4c1ca1db554bbebf054743c2311d64df3091d7eb2880e6fb673d4ca58c5ed5a036b68b2c507f167f103eefb899e1c5b7
1867836,2026-07-20T13:56:00.000Z,4dafffaf0e7034158ff923f5912fc89c2641c6b41731da949e453f5828bcf20a480d576fae554d9cc38446e965498aacaa00d05f047638bc4a06a53dc883c73f
1867837,2026-07-20T13:57:00.000Z,fabc270223364f66aa901d0739caf9eb9c538522ef520c1bcf9f1222c6289defb7e188b8c34f950bf3ed369c96574e51292e105087d6aacd5ca8608041f7c410
1867838,2026-07-20T13:58:00.000Z,c6b9d3ae66b2c2ef1977dc67b036c27e87e7ca0d40c0fa6399a45553e489165e94c985d9631f924bdc1a11cbc8693eab052f0f3d05220550ca8eb4803c8dcf3d
1867839,2026-07-20T13:59:00.000Z,70723600799e98b1b5d25326aae4eafcd166b612b1ec67b692fe11b7d4f409a78e30b3647c87277d90f43560f120da87ff610507e6732371a9275c2211fad480
1867840,2026-07-20T14:00:00.000Z,281d58a753d3e1a7218149df9569a490416b9ff5983c68dc5875ba343e7df808b469f2eeb3dec7778e1788252d6fd47e5771230569ea7a03635fe36a8a52368c
1867841,2026-07-20T14:01:00.000Z,e5d66f689cdc9f4e1b3a8a45faadba95682c37d4e4a6b23b59de01e9047f0a7067808b0e08e49a39d262b4cc03db391751587e4aabfaf7d660cb1070e1230b35
1867842,2026-07-20T14:02:00.000Z,d540e36e421673f2428ddd9fbb99fe20def5e81bb1ef79715d661c06a3c39bbf3919336b7445e9995287094dcda359c0ac34c1f48e299929034ec9106b5a10e9
1867843,2026-07-20T14:03:00.000Z,4ce6d894568301d3d1bff3a742b5d6ff90640876f42c2879ebb91717d610400ba10108638b6c29a65a72a3415e512f2e22a0afb6992570413fe1271f0b9c1b73
1867844,2026-07-20T14:04:00.000Z,e700bda553303b7cc057f8ef322aebeddb20d9c90c0febaa6b64fe6e10077dd59ab20055489890de6fce52e98b04dc0027e464a883a5dddc044c8c788bfddb98
1867845,2026-07-20T14:05:00.000Z,c3fde63f627ed4fbaf2d7b02b5f054f9581b5ae58e79da5163672c3401cb5601c0f47a2cdf3e2012afe1feee88a1f946f12b4015fa647aca91dba2c8966d9bc2
1867846,2026-07-20T14:06:00.000Z,319e9209a2c551420632f660fb736a94314503729a2099775abf8f77ef6ef489a9d5d793763a0813f898a767875d4fc895d2da54a6c3394933401f65e6879c0b
1867847,2026-07-20T14:07:00.000Z,54613f88e1f923b9e1557897716c06fa08065e4a5def879c410248f0f44a9b4af25079840e832a89c12abd9aea3c7e7df5dae97f25614e8b2f0d0641539b39cf
1867848,2026-07-20T14:08:00.000Z,4def1c5ea12c05fd6b430710593d58bdb2087f9182d7634769b17f3ce70f4b11cff454b207ea756456699fe55091e88f223ebafb5d34f84db7f07391c7036188
1867849,2026-07-20T14:09:00.000Z,26d273249f56464bf0c0fc22aababcd5948a11fbfd133c1f655e4f1399dffda5f339862d0b7546ed3bcecf7d7f68239759ff0dbafc3029997cd840835bf50d8d
1867850,2026-07-20T14:10:00.000Z,8fc0e423269271c06bb86c9182fc51295aba8eab4c1fb24f99258c2c75fa8f8c7912858153ec6caff3f5523a951f8969c20e37584b29aafbea824a60c8799574
1867851,2026-07-20T14:11:00.000Z,1259617f9a549a93c09828755054b2573e920bd3369d23390867745cffe74a0a18765a762940afd836c400c81260a03a5c572acec313fefaada55f200d947852
1867852,2026-07-20T14:12:00.000Z,9de28336d60e20e195c9f8c9da7fdc7adb098681ae12a283962fa32547c1ef68e3e7055494c81d4baabc688b35f46e53bab2a1d30599ffa12174a628183edbca
1867853,2026-07-20T14:13:00.000Z,f24e0b4450ece5dc48a016ef98f44c912c635a5bc138977d4a459a0b2a9b648129aa21360f1e7af6240d52346b05d7a8786ed11dccc28579472f0e1c812d03e3
1867854,2026-07-20T14:14:00.000Z,953963cfa7744dd7972557b137cc878df9227f3113c43b231251d4d09ef510debc70e72f056fe61d9e08fa14db0e6049141b2b0e0b0ce0e92a2953ea3264a19d
1867855,2026-07-20T14:15:00.000Z,279a27efe7845ec2300bbb05d8ae3e7b36a60d18c08f027c9398038f509658bbe9273a01f2a47db9479e900bd81571e44ad82b7c86e60be9faba0dc98b6228b2
1867856,2026-07-20T14:16:00.000Z,7c0cb57ba1949b886feb7f3db68359a38f453789b423b8126e43c4fa66ecd2f2e74a95e79bd29fa4f8d576531535cfaa6a613a63071038973a8fef1eb5521138
1867857,2026-07-20T14:17:00.000Z,5642650316ac72864bbff4ed23c1f0db716f17104cf8a641694d7a91f8b80fd313d4e8922a092bf8c407d7729faa75d8350364f0e02cc9d7e3b9d18b10c90d5a
1867858,2026-07-20T14:18:00.000Z,17de0d45176f94f6d36c1c7d79b5fd9648acfd16ea7672bb5685a273835e628ae44254d270090e8e39af7b495f155cd9a5118077ab68d07bde30e9c714479681
1867859,2026-07-20T14:19:00.000Z,1ebffe3e0b44ef96449972a5bed457d7370020439fdaae4b1a2496b91b84baf33e785770ae906cb844fbc3d2f8c5d5e9aed31da78f8f2e2f6db398498dfca473
1867860,2026-07-20T14:20:00.000Z,1f12f76fa3f97b0b7b8f329f11e0b7a0aa97940f70158ca8c0a38edc15ff40e9caa1f56062d587aa047b7ab4ed1892a8613a135b63850145220de3882b667cc0
1867861,2026-07-20T14:21:00.000Z,17f93281d9fbf89a54f906b688a58d6ef7bdc43caacc4cae524ad63634b5c240f9e35b05904c74efa2872a449d672c310aae275707d9e312c7a25fe96579caa5
1867862,2026-07-20T14:22:00.000Z,d629603707a9bf541888bbd7dceb693c556b4ee93c38c854f60792b0c6bb3f691fda5e72a21afbeeb9583e8be95ef6ffaffbdb58a5f0ec594fa3e04f285a1846
1867863,2026-07-20T14:23:00.000Z,31cd59988d4da4d0d3dfa8ca14882e31a482f9f466ac14c4c9fc5890ce82684d6f16d41987ac4279afe4e90f39e3a8f75228bdd6ee0fa0d3d9a4518a0d604ac3
1867864,2026-07-20T14:24:00.000Z,e8d841128d84d48d875222574805fe98ad41b34c2d1468140f7f1bbf4564d8991dbdce32888ba46bd50a635906eebc2c7b41e652cddeaad5814d783644e21761
1867865,2026-07-20T14:25:00.000Z,d81a041aa64abd650ba01015f46e6e6e031a045acd928e9e128440009dcf520ab2c1187ecd81845300aea6357ce669a9ff66c10e408a0b9dd06417c3eeb663e6
1867866,2026-07-20T14:26:00.000Z,0545085107f0f5fa9b301151c80885b689a92b3300c6797c140bfaf7c5a6323d22b253813de697643070ce3ecebe8b50031c5236d23c2a5808df027b55d31f86
1867867,2026-07-20T14:27:00.000Z,700e8267462c9cab830a18bb8eca9e5da67df02f9bc575639cd8cfb15a2168572490eaed01af61d4003397a2b712f16c109fce8041465298cff79e8f35ad7b8f
1867868,2026-07-20T14:28:00.000Z,7084ab2c1f5fd1d294a35ba9b9d1decd61b4d5a1f032b09cc41d40b7187cb7d94e1fc47324cab46c94bf38f88f383c0fff7548455e3c4b2104d94da354d02106
1867869,2026-07-20T14:29:00.000Z,6eb8bc30a11c858a3beb3006894c3c763f2490baac3cb3ab20646c4dbb51715bc2422c809ce6b4e0dc35604cc55f80592f71881c4b11aaa79f2b4994019b38a1
1867870,2026-07-20T14:30:00.000Z,845d89b74337a6cb9285298dae5f114e8ecd24ef1ca411d9716e0f9257a47c030765950eca857a89e2f8f4c5932790e13d2e9a47e72e56fb08d5b7db3b391306
1867871,2026-07-20T14:31:00.000Z,0bb1dfb0bfcf196af7b44c6bba969a0db953f5fdaf656b58010a8c90b28bc428ccb99c8c19346c091f2694e9ea6827df9c0f2dbdcb0a853b994eacbe2db3ce1d
1867872,2026-07-20T14:32:00.000Z,5930b68771710a0fe9a9c0e65aebb234ee58a4200cbf8bf359177c6ed937bc89a95745e6d0468915442b37a0bcab41eb50c32e7fea062da7d5ba939428b31042
1867873,2026-07-20T14:33:00.000Z,8b051587c5a923e71da6d2200268a3c6417b741c004576be024d1277a6e0dcb2369ff6009a1a34c6c97c08e8b31b0eebdf5a62395fa54f59e4fc5d7546570ce0
1867874,2026-07-20T14:34:00.000Z,4579079d466187809b824c7fe440163b94e9e0b511427eb8547f8caa36ed700d2696dfa06a29d6d1506850e8730ea5e95c78786f10e6f3974ea6f887ae3fbb1b
1867875,2026-07-20T14:35:00.000Z,0df04a32ee240b283e801812cc893a5ece306396983a398bfe25eb7f34bd3e40371109057bece10001c98b0faeb8e32ba996d8b4bf41471f6177c9b85f7aa828
1867876,2026-07-20T14:36:00.000Z,e720e6bfdf22d1e402ff85ba6e039f148508ed8e5ffb1fb654abab53fd8a7d74e86277fb749e2f95d92b8baef037fdf1d1fb3d2c73a7b78facc25a0e2d081578
1867877,2026-07-20T14:37:00.000Z,8d38391aea9079d48e2b75ab6c73ef5fb826cbbe14e25be486a443bae09423a8c34a13271a639b9cca1c9fe2ef61fdc6021677cd5362e71a94e66e0cda1c2b90
1867878,2026-07-20T14:38:00.000Z,89d4347d710e767982f24cfa214abcd74550c023ca91b4b95a2b3bded77016852603e4d33ae085876a7fc724c5669d77e15b7a3a4b639ec76180df042df8cd01
1867879,2026-07-20T14:39:00.000Z,dcf72aa702b84bb1c0960c7f6ce00471091c6caaf585bbf2b50289282da6c164bc7847b5b568119cc7e98b17a7cc63d28b7489510c1af683c572e2274100b313
1867880,2026-07-20T14:40:00.000Z,1c27676e83fd1dcbc9198a2e857b3df5ee06fcac7a8222ab8d95be83a4d90056badfc9c7c266395898112447bc7b15bf3525c6704d0b207cfdb4576b034fb904
1867881,2026-07-20T14:41:00.000Z,05be351e27aa07dc8bc5e96fbb16baff0c059361a6055aab75e1f634fdeb2b71e2426a636d623383377f4564865f46e9ef1f705671504a29db3c3a82d601cfec
1867882,2026-07-20T14:42:00.000Z,2336567934c5b439bb157c9e550b593102c62a04c3a06c9855780c737e027434a0ad184f26af2b3da86ef9168749c6fa68a759b2704e92f973e20aab5fa36907
1867883,2026-07-20T14:43:00.000Z,964d4418aa37acf7a153646169af9d31a0a5cdb21c896058f0c0eb24b5846e3273dfd8fb6d40e33239a961d0b16e47805e11ae0fd5a6dffe2fe49c393842dcdf
1867884,2026-07-20T14:44:00.000Z,8a23d88e52905c75faebd5492e833a513cc67b3eabce1590125239d94fdf5d37a95296055b25a18ed3a92a1a566ab7899103fe9440cdc4bf6d764fe0b3ec0c99
1867885,2026-07-20T14:45:00.000Z,d822ccb320d03ac09d4699fae6f5e1ecc8a2fd88b4e7383a795ff9cbb30f29b5188822dbf58ba13ab95777a9422ba4f13f43d13fbc2f7b8238280ecbdb398b5c
1867886,2026-07-20T14:46:00.000Z,ce416d9cb8412385d799380796a41110ceb53bd24aa10af08188b08b93a70a14675434f3aed263e66f1abe2842062d1813e4d271eb1f7f1b888ccfa92d1fc3c7
1867887,2026-07-20T14:47:00.000Z,e1730cf8ebd8d1c4b13724b646fc063655591d9808dc0c0bb3ba2df515f460ccd863cbc99f98f880bfc135b85f0a6c8c08b47955b2719bcf13b92e91ad743dc1
1867888,2026-07-20T14:48:00.000Z,3b826df739689c2ed41de650db66ddbc9cfcdeabb5f38ddc4f6f608a439e3f9aac64b1e24da4f1512ea71067d809336b165da21a4a63f3571bc18cb0a8cf1344
1867889,2026-07-20T14:49:00.000Z,6e25d491a3f6f511e918ce913f80aad3320491ff785a7987f87ca0ffbf24ba56e8709f477d6170ad689e5c775836a595f5c066db92155ce68f7be3c5ffc6fdc1
1867890,2026-07-20T14:50:00.000Z,0c8099a4eb35e61385adb1f1b80a39e54b4ecd6c8ef30483a9405d9324012794399a6c4bd0ed8d96e2188e352e4df72d79c7f94e0dcebf4c4c4ab6c4a23b1b50
1867891,2026-07-20T14:51:00.000Z,17dff6e10a3ce152d4cf695c25ed936e2c5ed249555573d5221cd1be1646709ea7dce6b07a44df7504f4ea95c9e6a2dadddd4a1cc1b16c39c099387713cfafa0
1867892,2026-07-20T14:52:00.000Z,ac8016f40a082840e6499f4ec89853d9d52cfc115bfb92a7f54692afbcd4caf598a3dba8b543afb341f7d18539fe92fbbde7c55a38092996f8e0527d599e8ead
1867893,2026-07-20T14:53:00.000Z,7e7ee592ac8b9633756023bde9d8d5a0c148a3231dd27ec81a48992f9cf82ca0345aef14d6e483d25ca918905b3aff3a440978a4b44de856e83cfc7e0c82aa0c
1867894,2026-07-20T14:54:00.000Z,b424e8a9cb04f79a92da693ec20187ce8ee1e7ca1d9f23482c9b5bb504bbe60f1674eb5382a2772e75769041734eab3008ca045785f6dce4a59b0c7fbf70feca
1867895,2026-07-20T14:55:00.000Z,85dda517455b84259f4e0431876e0e410a2fe2c82cc3b5d99a28abb2ea957b6eaa6cdd36afaae5b2642e345676e9f98a3fccb990348242bdde829d435d388376
1867896,2026-07-20T14:56:00.000Z,643185dd973d45262bd0974935a6e81b21435c34aeadc7e6a38197ca0934001f9efd8db0ba22a79962b667f538a194e8e6fdb5f6f6798156594d9cbedcf911f0
1867897,2026-07-20T14:57:00.000Z,8b68521c5f3191fe4b18845a6f4f2f0ecbf2b14e91b4ce697225de3da849291e15f94c45920deea8365787e44f112979b97d176868b873184439f768e617f4f8
1867898,2026-07-20T14:58:00.000Z,a71d0d8ba6f0a9e539bff6dec9ba8c40a3abf8b5f427bd98ab4e16ddc7e8eaeb7f0f4911abd2b21056ee6ae3f38083800780ec8b74f33060cccbc5421ba8f03a
1867899,2026-07-20T14:59:00.000Z,eda5a2edd710eb6a5eea280e587dd01b92eb1cdd6bda627df9e123936045e50d9554f8e9a2b7c3fefe73269f76f4240db4b50eab0b89688dea9ee67981759aee
1867900,2026-07-20T15:00:00.000Z,84a0349c137246da078e31081639eeb8bd1906bdcef685a0e6eb3376b5c146ad4a840e912c62dfa03ba0e11ee15708128fede5731b4310ab31cf6930eae1e1b7
1867901,2026-07-20T15:01:00.000Z,ac82b2a1a98865c093189d088f15a0278cf084aa52a0566b21a48adde36ba96cec0ce90be06e3ac540005d4edff28e0fbf39253e58856a00f447c74d00f77960
1867902,2026-07-20T15:02:00.000Z,f84442b748c4dc2ad0f45966d10341915780efd9803ea37929e809e277f3651317bb7b917cd3f5e48bafff3be4e6b1e9eae38147cf736a5e361a967cdc6abe6a
1867903,2026-07-20T15:03:00.000Z,0e12a9e33b888d8090272e60997c723eedba7dac5a53bd0443a6cac3897e613737cc88e620118673f911e3055ef4dd56bc72c8d1d2de8574da8ef15937b9892d
1867904,2026-07-20T15:04:00.000Z,c27f8fc4296fa6ce26207518a6a7c82be176edc6a2b2d7353fd6db64cb41c6a6b32862d0c51d761c7913df9a984d5c33034688bf94fdb20582f6f6517b2b7a71
1867905,2026-07-20T15:05:00.000Z,b379d7abce7a6f9a01720131a0783c3ba742b9a44298da2a211da4d120268cc2b34e569918cf6706595d7e7a4727ede4698c6082aa66983a530a553c1cfe517b
1867906,2026-07-20T15:06:00.000Z,0967fad0423675d9760f2773dfbdb661ddc522f788731c9bac6504cebb68265027b9f493b9d3e5ad1071a694dc75006a5442bd36ed74f2260bc2472972928b6e
1867907,2026-07-20T15:07:00.000Z,6bf0a20d16e1f78927bbcd6e57d1789e1c944e811689dfd41f5198eb3b189cb8b49c5bf2cd35db33d78890b8f328c095cb27c2e80f49611cd6d189ba28fc33d4
1867908,2026-07-20T15:08:00.000Z,0ea784c691c60245b39839a5a24f2bcbe774d0f6674a463db0911668dbdf38f10a1da5982144b74fb9b44d6351cf7acfb76dc01706158b9d3285b6fe4b6e22a8
1867909,2026-07-20T15:09:00.000Z,640d9ed98c0046a088dadde202431dbff3c60639696c6c5b62ee305a2f3373d319e4421282b35c1fd626d25b56060679eb3396631a03b18f0835e5bd9f833baf
1867910,2026-07-20T15:10:00.000Z,8e6b74f8c47d165b214099d9aa289bbace77c2e21d097ea1da18f55389907dbdfcdf1a11369823125290d53727b7b900fede36902b51d7fb1ed8deb338708701
1867911,2026-07-20T15:11:00.000Z,0ebf322ae40fb88dd722ab1ff6522b0446629c9498a04023a04d13256e16e48beae70da6015e4f6d0bed1cc90801dd4b9edcd447be30f8898ab43e99f4bc27e3
1867912,2026-07-20T15:12:00.000Z,6f29a011d405a19ff41e352638a7e84008e0fc3956277b47863298012244ee4c048c3ffb60230e661716454a5003bea5ce83c95a65f78a70bc683070b64fc8cd
1867913,2026-07-20T15:13:00.000Z,8ac50ae3aac7b75ba0080703235138a831139de30d51d6275db868c0f125b069e14f4742f65e3d8ed2fe9bfff94ff5a65fec8a1839ad197078c7e0e91cd1352c
1867914,2026-07-20T15:14:00.000Z,89b35dd0c53ef36a06fc788bedaf7df709d8a8d15a1e76fa91c4e9a61634183f6abb9ba3cc1302ef91dd6608933d0ab7d9bbef51cffad8639ea29231187af0ed
1867915,2026-07-20T15:15:00.000Z,5fb3eaca17e8de26d83c645b9092d10fd0b82c6344738d1ce08cef2124112f24497337c2a9836845b2d0cb628d527ce9acee5e4f58469af5b06a5e6e7cd08411
1867916,2026-07-20T15:16:00.000Z,a5867f95742ef0b6208546dfa93d4d2bb7c6dd2ab0890edcd041ec755e6327d8b83c82fea5e4ceda402bbad226d824d337960f1db550fed32c8a7951330d8cd4
1867917,2026-07-20T15:17:00.000Z,348d1ec123f0b1419e7a8dc547e16f89c92d3ce0fabfd00c7c1ef2914939b668cb2422699b65ca950794c4e875e82be8ab8a589f913c3ef12b440b4818ca4c35
1867918,2026-07-20T15:18:00.000Z,3c639247fd9fb8c1caf59ee72681cee25f5f681c85daca69696dbff2e2e18ee95d3ced36386a99a1c63873f6b73eaa1cc9e5e04fdac447c2c4a189f2717f84c7
1867919,2026-07-20T15:19:00.000Z,25becefe6521981a01f6435b2d6946c2d81f91c152a399dd4c6a88b46108fb6b6fd435048299d2ee008decdb85a76e13055d4d1a3af8edf25bee0f1031c9c649
1867920,2026-07-20T15:20:00.000Z,97a5e6dafc58f0573c0ae0e466f4b42eaa660f5ab09aed12e58fadfc0bc7badbeae9c341cfd90068251b514efcab854ec3e95f1f4002e066eca77a7d8cafe1d4
1867921,2026-07-20T15:21:00.000Z,cd56da07397f427aa2a669fe24be5a0263efb3686b9e1642c70945c6e05430d898826ffd2bf858488bb1a21ac23b0d4f928fc505ec51158f8ee2afe7aebff9e3
1867922,2026-07-20T15:22:00.000Z,7f872c3896d642b4181517f75fcc792a66bacf16b6bb8a42694300ddbed80a5252b5b463056598f9cc9163b805ce3b72b83213e57fa8a71aadd78337aa8aafef
1867923,2026-07-20T15:23:00.000Z,f03088c8013f5ba7d8027c15d119f1483b0aa94a998c53124307ae77b0eda2d899a5e9d6d48524ef9849bd295744f6d1489d72dcc1c660087fddabb15c13452c
1867924,2026-07-20T15:24:00.000Z,fa94b635489d28272613a00e2aba173dc28a6fb04f44b423837e1131ca3ae5ded23157e0071075f92fb62f4dbfcb751b8dbb3cd00847df0b6ae33ea2dc63ffdb
1867925,2026-07-20T15:25:00.000Z,99ed36962318d2daddb63d2f5e3aae0dc87960388d10477d3990b8c3b91111a1eabfa6bf466682b1fe19ec54f3f44d0e6aac8937090d49551a9b8b3c86d7b6a7
1867926,2026-07-20T15:26:00.000Z,ef3837a9dbc045fda213da7092f6938788c6fdbcb0a4318a3ae1be6a60e11107d2aa043e2342edcc0564f6ca54d163d2d89bc0617f02f26fb776a3aaa91432e4
1867927,2026-07-20T15:27:00.000Z,d02654aeebd6206c304a77a5e9514c1f2ca46413e905e676f639cbf97b38c0a662ee5c59e16461f9e38194c27efae4ac4681dd4349f327a97c7aebd16fe2bbfe
1867928,2026-07-20T15:28:00.000Z,3352529eee8244da4dc13ed855b86ffd1048c5dc7a663cdf88f7b7e47b22ba397afcebe1b7142469857f25c41c8b40bb3185ce6590404f1cf1c87ba1f78831fa
1867929,2026-07-20T15:29:00.000Z,da2e49b15a14800202afdaebba83681ed774245d6a0f63afdd404fd116fed8ef657abb8af01ba7e2d1dcefe904fe517ae8cfd3ad1eb383fb3d47256af9f67109
1867930,2026-07-20T15:30:00.000Z,f0823de094fa79e0b0516b0aa779c6990f1cbcf282c42ed417fa9d1d736a203a0a987b58eca6ef43bcdfee5ed6145c61556616bbf757ba15265079123451642b
1867931,2026-07-20T15:31:00.000Z,06d7e1829ad7d56caf04a27c9b73be9a5c8797414c672a7e45eed1a2c73fa0ec41fd26634e8eca4dae65bdefaf1c83283111c875c713e8bcc339c94ab61be04d
1867932,2026-07-20T15:32:00.000Z,9aa398df61671b02e10fce87c1960e4fb5a910d06ee245e39134400f75e01e914650703166e3bb683711218891e5ed23f26fe879ca0647f4ae2695976778bb6a
1867933,2026-07-20T15:33:00.000Z,abeddf02cd2ea53b59259f6556b56b7c38720c98d0e97e1e81be39349df01f67be474a4534e9ad52c9ded4a82c16e2139c54a3f63090a38e29d7170eb112f948
1867934,2026-07-20T15:34:00.000Z,d1736765f652506c732dba83a40b53e9872873e5526245a41ad7c8dcdbfb2d9c2bf41bc58f80087fe45b8e8262e49838fc7081b3303402d1f372b814694d7147
1867935,2026-07-20T15:35:00.000Z,bee74357692929b6ee559dd11989605834fd51e7a68e09f3bff528c2b9eaf37a9453b7053a3055b13729bed367cf7d171515a0429b2208bc19aa5b3da89fccf0
1867936,2026-07-20T15:36:00.000Z,a0095c15927588720ad435dd3c0c2bb264c985235eb6f87f1d0c48f6c8eceb6edf270580a26b64549ebdb054239e684df18d60c702ebb29cebc1d1f64262609a
1867937,2026-07-20T15:37:00.000Z,0b467c30ebf03cb4ad0c537f10fe2755e0c817da1eef15cd2a84549fd7dc4bbed2eff46aa334323039397fbb897e77df49d48a41fa33c884bf53e975619c3df6
1867938,2026-07-20T15:38:00.000Z,cff37e3f49383fe18c55cf057f7e348ccc4148643e8a49e4f19b414f7f040b9e71ca956370cd67aaff102e573548d9baaba6a8cbf59b9553a45bb6e90354dc96
1867939,2026-07-20T15:39:00.000Z,89a8271b61272518de9e85bd3233b6244b17b4aca64e0e45c70314f1faab394579e1522796446205ef13b59e424fec18379b725d22953ce1df59e6ed093b36e5
1867940,2026-07-20T15:40:00.000Z,1cf4e4067b94da15dd422461d1d060d11bf4ae6cc2504c1f6c3457c54763fe4a9b8c6f9bf3dde5a6c98d09d673d65c21ffb2caad17fffaab16df543bab7f7754
1867941,2026-07-20T15:41:00.000Z,28db0756224243179d82cbabb0fd9b3aabcba56d7ffc7bbf93b440c3ec69c9e47f80f403b0f506651760319b853eb7a97e50893a45f15978e2d8abe820d93e75
1867942,2026-07-20T15:42:00.000Z,db7966603c16d6d100b682bafb105692b9f41b23ffcd4781d3e76459cb3f00956ee630f79fc86e09ecca0865155060d08d11f165273bb11ac8ef4a9209800ef6
1867943,2026-07-20T15:43:00.000Z,ee3643b4d7a92de9f42b62cf86d77fb8ed239b41fe25f6e6157a51f9d2802d3b2d8bc1dbc79aa12fa62609a1f8dfa28778f1ac9bec9156b90dac80865371704f
1867944,2026-07-20T15:44:00.000Z,dcf9e166581a7f9d62cd566ddb5f0227379eabf839c67c979f472289dbd7d27ef0ffce24475666296f9f2a1cf605b90263cc7de56a2d43695be90d1bd5ba64f0
1867945,2026-07-20T15:45:00.000Z,cb3f0b585c3bb17b4a53c738421dbc211e9f3cc089beea6f1434f4251a711d5ae70ef5a024f2d39e9f352c47c620d24d0f657e9e1551a0e9c910e6190c7d8ce7
1867946,2026-07-20T15:46:00.000Z,ed4c1602a047b4bca728ea467ff686d7da9b3242f7734916231a91e98a95b888915a0e3d53bb6c43489434b75a1522c88346eea30a7e521b421fb4902fdbde8b
1867947,2026-07-20T15:47:00.000Z,9d1159dee02d4c67ce28c6c4b594257809198eca93fae73f6ca08e176b24ca6ac4a9595c43766da3904c6e1b609b7c3c970c3b836e9a8348b3df0531f4ba4349
1867948,2026-07-20T15:48:00.000Z,1021653978b035eff0b5e3fc645f83adbb51696de5365f3215bbc632e1cbddeed1b2891cb3c6bbb63c106886c56195b6bf0fedb68fa264a388a41d80de6eb30e
1867949,2026-07-20T15:49:00.000Z,4ce9b88af2d8078e972363576e725cd309fe3febe1bfd0db9e687efca9a29da752623092c9996a3f0cc47753b1c51e7a2a80e5ab5843ffc379c58e204bb320c6
1867950,2026-07-20T15:50:00.000Z,6bace471edb122b79f250b96d545b82a98065e383fa1feadff20dee11ba4bd7d829ce5dae6d0b27cd5615cf0032e751f2a56ac5ece3f9e2c6a1a96488e495dc5
1867951,2026-07-20T15:51:00.000Z,6bf626eb15f11e837c7d06da7e6abb3bec93a71b5269dd1d6d6ec9604648c865baabc6d28adf6456b2694d5fe4639b2304a6335666a3bfe0d3000559094aabc1
1867952,2026-07-20T15:52:00.000Z,532f40f879caf9c87b7cbc64de1457dda7b98984d08bd3cae51b0cc6c08d34356c68f902d390a999e3e2b95be2b9ff775009724d0cfd2a472e4b0cc37b6e1cc9
1867953,2026-07-20T15:53:00.000Z,064890d6770b157005bbdfdb20f7178cdc83c796a0fc360581c9921c2735976b3acb90dd1f45425692973f785e43091a5d6f208d01e652f3ce582613a977afa1
1867954,2026-07-20T15:54:00.000Z,914de3a470c46fc40a4c73d87c4e426c90596a2f5916dd7d7e4e124722810d6a418b7b07c3e7e8ccbdfff0bfac614f46a02c80bf6f0a0832ba2c617632150d39
1867955,2026-07-20T15:55:00.000Z,b1fa8942e38acf98319101a71ec87615e17f3c4696e4c2f43e36e4bc166db4bf6317dc12bcd39a22793fbbc848f415d10d62eb13df80d5989b972f0ca083cf38
1867956,2026-07-20T15:56:00.000Z,9e6295f9e06dcbedae49fce23b7efeb3d38d4eaf511f474799ef9daeae9220e6ba2712b76d85b25400916b78935ea7b85b8cb97bd28f6e377ba2fe99f9ca31ad
1867957,2026-07-20T15:57:00.000Z,a75bef793202f6036107cd3605544606a3dc0fcdb95d9e3e9688f6d5929127c30bdabd5f8fe41f1a045c416bd19779f4e08e13095bcc1df47836f7bf99c5bf84
1867958,2026-07-20T15:58:00.000Z,2f7205ab0d47005fa04b5bdb7ed669c156dfe78d71595497f2b4c409105fabdc7f050cad686d35745830e01d5db6492a3489301d3435278e7b56c860a06e9371
1867959,2026-07-20T15:59:00.000Z,84dfe6ed323eba1049fdcaa6322b15589efe4e1c519b11c01f8170ae7d73617572113340235f4a3cd294fed3a7c12921b56a9c6c61565ea2e915748d2ca33884
1867960,2026-07-20T16:00:00.000Z,c15085ba608c72a99864c58c1b76b65115e022604c1ede8c9266ebaa230413886c214281d4a9ec52e20d909d28fd370dec8c28d664863ea8285acf06750c9e57
1867961,2026-07-20T16:01:00.000Z,19a4db5a386c488006639e98b57584b7dadf99941cb15a63934d3e57e08de4a0fbcd6e8fa4d6e4c13aefd9f75c18035f437fa8de224e14c8e31377874ee15fe8
1867962,2026-07-20T16:02:00.000Z,77bfb11263daa787b584295c2f77aac149d294100a4159028b133c8f72ec31e9a9e1c38041a927130060f2620d0a0dccc3d4954c41fd9a2aff4e3952a472580a
1867963,2026-07-20T16:03:00.000Z,7b8da558a54b50bc68f9c2167330bf167f1311a5e4e56fbc93bf5d38df107c8b2537201869634c23d5e5c3710eb234677770903514675ba82c9c47f212238b85
1867964,2026-07-20T16:04:00.000Z,294fe576dca01f2a82d05f190c89f2d709d134fa41877094cb06acc47fb083f016f7174767bcb20d9de97400826e19e7bcef57e4fc7ba41b86c799c8c82a8ef0
1867965,2026-07-20T16:05:00.000Z,acb149182bf4e8ca48ae1b08027a4352856c89bf78d25921d63249b6b97f60ad33af7dce1384c0f895228d92b229f5b6e12d7216948ca5d18ec756f512e617b8
1867966,2026-07-20T16:06:00.000Z,e961edffc4cdd056753dc548c6a6779c93e51c2ef1f44c951f85e1a7ea0b32da68825dbb6683602818f331d6e7294207b12f7961780ac5a79b1e58d495e3cb6d
1867967,2026-07-20T16:07:00.000Z,cb0567b8440de631a7d24da6cf824c23a160bae1e27fc09d5659190a80a0efeef7182f4b9f7f30985f3f1c852800657e0ea27dc4bfb2747932d33faa2f79cd3c
1867968,2026-07-20T16:08:00.000Z,c428c37f0c311a287068917ca7b9af00f1148a86d5bb26a13a4ebc37fe89c1dd8704832d820550c39b3e1cc86e794fbdc15079ae4f816ef514b32e260bba8c25
1867969,2026-07-20T16:09:00.000Z,718c8ff2b9fbacd38fdfd6fcfd6641b4ebe53c9c1322bc5a7299729e74e077f81958ac69ec7c5f649d215c4329fd4a18137683027397d0f278465b42e555932f
1867970,2026-07-20T16:10:00.000Z,96833eaed9b9b47c25760010ca43d06a8bd242e590ae9e6dd563c4876b67ad4af6b3d1032c3b3cd6fcfde4fbf7b161e68902e39c14aeabd2a044cd72ac6e0e31
1867971,2026-07-20T16:11:00.000Z,b413cb31a89997d8bc2b545c370dbc7b0fed88bdac03cf3b1706dcb225f5abfa8fe2f979684b78ce97f3425e35949822bff410563370792c1c36c298f55fe574
1867972,2026-07-20T16:12:00.000Z,5f120df3fc420d013b1acaabe5132cdc677bce1b26c3a9abb31d6000e7aaeec735d910f76ecd2d72c5fdfc6812091c778a2c9ce761523dda1e2224c37e020d04
1867973,2026-07-20T16:13:00.000Z,9a6a71889fc975faaeb023c8bee9264e24b55fef16b11c1c3e4a3f7200eb026e0a4aecf3c30808b9e9b4cd9111fb6b64d3e3f694978f503298cd02b96ad349d6
1867974,2026-07-20T16:14:00.000Z,cbf9d3397fc1e1ff6b89c54508bd8bab912dd2c19d5b04ad8a5f75eb88861a5a1fabcbf88a501aed59a51807196be6dcbcbf3a7dc4349f85b53ba449de19127a
1867975,2026-07-20T16:15:00.000Z,b320839f022e141f11f3887ddefe6ea0ba872bbdc02643e8040cc13db52ccfbed8222713fa11b5038f9dcf3e7ff9bfc03f1a096c4cc5a98dd48c269c8c42a6eb
1867976,2026-07-20T16:16:00.000Z,1aa889e9b433aff03296b2c11b89ed51267c24ab5b550ed241a1390c051181df3e2f8b1e33e186b62952e6065f33865c34410f436c14debea6ed6e0a6908d2e0
1867977,2026-07-20T16:17:00.000Z,1d544599ebfeae79858bfca74dbb2a5a49938d2df335ee24b17e4faf2b04ba93a16531aacdaf5e316cd7e1bddc925bc07429e75e7846ec766782cfea06bd5b0b
1867978,2026-07-20T16:18:00.000Z,3683ff239748824bc36e03190d1c7421cdf18ea2f13e6005194e376f23bb880e85e5a11aed9488bf1bcb97777c144646b868b9252cd5e9d6aac68b30f47401e2
1867979,2026-07-20T16:19:00.000Z,d1fa69d7fce2d12c63874f7797fd5afee63fa7cb428258767c87468769b4ffa5eedb468ec2ada4e2bc65fbbf107df04adb7bafac47550f446d72f26316d0030c
1867980,2026-07-20T16:20:00.000Z,38bcf52b1c4cef5488a515e5da3444978742a38149cec088a0686b20d65ed3e0423193fcc2d322c35e2d814fa5d773a9e18705887bf6d748e6bb6b07a564abef
1867981,2026-07-20T16:21:00.000Z,62cb96c75fa72a491441262427bf9af12e52778a8d97940947c9b47cf205013ff78d889867b1bc4049f81d3fbff22fe07cfa1a2483c64e9f47159a0469ed621d
1867982,2026-07-20T16:22:00.000Z,a4ad6e45380e35046058a1970dafaa404e0f18fdfe51d04e7be4e0ecdde587f6de0c1551a05c10fa83a5b6173ecfb371efacd3e430737ebbc5afe10a15fdc931
1867983,2026-07-20T16:23:00.000Z,0ef45e97cb853c681172c6818bd47dfbee82e4be723120ea84e6e693d2fe2ff38b6cbe2de516656c259871e372b57f7efbedbac8c739ee9728ded1bc78384a12
1867984,2026-07-20T16:24:00.000Z,c346b781a3b3ebd404684939b678a42b5489c8138579647fbae9f02447aa2eab266c5245e6312fe525a7bcb54daf4a84bee7446eca86259ccb9ef138dc446d5b
1867985,2026-07-20T16:25:00.000Z,91ece70dc2bc17f72de3c9ba0a4fc8a212215f5779f4153dfba167236c5bceb807276327e80b91fc1fb2fa16a74db8ad5f4cda728d8e8547be4d29347efafdc1
1867986,2026-07-20T16:26:00.000Z,ed371609b04c79488d04b923a75cc27fd285b80302a5c7f0427348d451da761935c20ab760e2fdc69b9d092eb5edec63d9aa2e8d847139aa975ecc223917fb30
1867987,2026-07-20T16:27:00.000Z,5dd7836949fb32111523932eb16209c1e058485b91278bc53c84c533e4258c63aab0caaa640c9a65df956cecb5cac770bb4258893792507953c4680f6b4e57c6
1867988,2026-07-20T16:28:00.000Z,04655833ae5615dd45af44c5bacb840b97a37f3d999211c6a8b512edfa06ad793fe7796fc09f08f40f20941a7c5109c2f934ccdf546b2e3c7c951709b72e8893
1867989,2026-07-20T16:29:00.000Z,f65abf8ec617cf3b31714d8d258d5a67db00365793ad9cd64e90e5c0e5423797b88248f65f6e9ad68028af853c51e92def76c3878967a305ce342fd3703f876f
1867990,2026-07-20T16:30:00.000Z,3cfefdd0c5458ca867f0b715264f70e15f6edc38eb5fc3b5c339177d3ac033e04e5e9b860dccb3699524454c339550fbafa85d99522c9e0fd6163122e7e84159
1867991,2026-07-20T16:31:00.000Z,02b580fa34987025d3e1d0c7f3db5d179f422bb8c77d2ef1e7ccfbf267ffa37ed87fe4099db9ee7dbf56e495e6cded0ddded87af80541c31ad5ef8cf7bb15c12
1867992,2026-07-20T16:32:00.000Z,4ba5f90fb062428b630626e3b4183f066066e20647115ce56cc5c1235424980b1643416189ea055a6409ac79f9fbc8537080f71048d984734575c2a3bb591bf9
1867993,2026-07-20T16:33:00.000Z,622e65e3b78241b6deb2e49e0d0147815b7ab9d374f1be63844fc68662573ae5490d7b6ce901fa8537f47204e377dbdfad355b5a1ac699b407166e8e75199f2d
1867994,2026-07-20T16:34:00.000Z,ca351cce955bc67b6ce107cabf07d8df030e9f4192c55db5db3c76b839ba7b82f75b60404b4ae0c91fc30645235e7f1c61889fc0e8021d2f3bdbb6274faf57dd
1867995,2026-07-20T16:35:00.000Z,a23a4fcc0b8c112f4e94ca0ef67453cbd1418fc853307c8e862ca5308a22e44f442e71c49fd1daa134b7ea79c82ad2134fcabc9953c93c44eb496e93796d1994
1867996,2026-07-20T16:36:00.000Z,efd71f6c0e03b72d412669474bc8b686b8ca780bda0afceb75e3d19f31f7d6f04d0a8dc9b99014bf88c84e3338ee8262fa230592470651c61f89fe470e23ca3e
1867997,2026-07-20T16:37:00.000Z,7fb298276d0226355c7dec1c1eb369eff889d7fdce4c8c89c2c11865b12dda3d0766e9dadd8bfa838a93494a17a936e7d34ad43da97be4a484580a9f7c68ef97
1867998,2026-07-20T16:38:00.000Z,67150a6c820b32e5fa4c2fbc1dac039e9e524e9cbe3f8f67d165078cefcf548a0937c303d5198fdbdc46e4e2186dd1f3a6bcc3f97ac454c490fbe0ea5a1ec596
1867999,2026-07-20T16:39:00.000Z,c3cf14e75aefc68f35414171dd6fa7d939fcf626faaf4ee9a509babeab89a4446bd15750f589a2fd5529434bedd2a5b76da23f84a880fd011f9613beff947449
1868000,2026-07-20T16:40:00.000Z,c1cc18d6f1d400ec0063e3eec6269bc32d0623cf2c5fd62034cb512b98c60af204e625305a122ee269fa6edf595928fae7306769295d85512d1613cf10aeab10
1868001,2026-07-20T16:41:00.000Z,c8b0afa536e2cafffb96ca2a98d2685bc01e32c006ac57fc376854a000f486eb38240467b8cb463ce7fee52b6b7981ef1b4a355ce51b39b23ec32d9b96fe06b0
1868002,2026-07-20T16:42:00.000Z,2097ffd9622c098eed9d9be16b5834b61c021b7260b7e1ef0c4f40f9e16d6ad3cf29d961279043a049f7499f0f3180a524def775a17df9bca5c630056c1e684f
1868003,2026-07-20T16:43:00.000Z,cddc9566fa602da61c7d7b098bd0797b3aed9fab0b21b8f4a71b85b6b2700d0376ca2549f3f7c369e46472298c8c0a4161d46bfa450eb22ee28cbe23df07b2ad
1868004,2026-07-20T16:44:00.000Z,5f85d4f4dd9b65207ab8082fa4536caed668ae5d3bf557439a7574222040a9d660c7736bab24ce310f6ea390c9e9b29419343ee5e288cab8a7fe6735b2edcf46
1868005,2026-07-20T16:45:00.000Z,489ffac246476987624bf75805d42be13a71b3d33e537d49e552765bc8cc6758ac80f3d6959e42ed33203cc651bb68c2807ff225e3fa665b55718818458a56d2
1868006,2026-07-20T16:46:00.000Z,1f969d6d394a637885938093acae9ac985e8491856aa512a9cc30dedd30727fbfb4ed74f165aea83da1834468ffb3f9b8722bcd204af01367fe8fda088529ee2
1868007,2026-07-20T16:47:00.000Z,4577c9e79842e8ce6cdd9617cafa8498a52ae6e5f34c9f2c7bb0a3175a89943b1353ab4720af62a9a1f2b6ae369042efd252a87bbc4202c81d4688bc9ed5d2ad
1868008,2026-07-20T16:48:00.000Z,9b07c183c04849763d3c8ee252110ca4b37af24b82162b07e8f7af86ec2d1f53f6d3412c49025a38abf3f86f9134f4a395b6cde2ef2fee1363b0cbd963f4edc3
1868009,2026-07-20T16:49:00.000Z,faf1989332b2549e87d954c74306abb56fa1e2588658168ba3e2ab8a9488de502c103a7a8e7c3e4b7a79ddb5ea3bbd84280bc7c6c5a0d2687614865f55a3c1fc
1868010,2026-07-20T16:50:00.000Z,e63e7c71744d0d57d0c6acc5a0b7743375a927356364b66d38985c330f11c2b77a30a09862c9f0102aef41dac63f29c93d18db82025afd4b32f55a372deafef1
1868011,2026-07-20T16:51:00.000Z,05c804a602175e7738af4b18269dd0904f05a0451d5033062293bcbdb8893c5b51735629434025dd956fb69fd91aac4a32093eead68c627c55d541e78b2099ac
1868012,2026-07-20T16:52:00.000Z,c5e543034dcd57692238c9f6da3a6cef0715f5ecad260ec25fcb97032a593b31e37dc4da4234bb814075fecf3a4f88000a55c76d73be4e922bbe773b25e95200
1868013,2026-07-20T16:53:00.000Z,3704902b258065708a0e3b51138e206d61f6e2c118b19a9771d2fa3e2c036ea45a66de20a77713e9651e4433de11374e20b3fa054f6df0ad0ad80039f059c643
1868014,2026-07-20T16:54:00.000Z,f03cd7bd44ef38028dde6502d3209a20b5a5647e51491ebe0262bcdd7bf828ff0f3a1f304996f63123c488ef6ff0c894d83ffdfec0b20d8097655971d6cca97a
1868015,2026-07-20T16:55:00.000Z,84bc1702c70b98815da165791a104bb2e69697dfbc5b2d80b04b723c24611e1e251344d44ec69480d163454c871055ade5f4753f2bd23db34a9043b0d3426557
1868016,2026-07-20T16:56:00.000Z,2e68d39754cc362414b99033c1c5f72fb26c1785229c9764292c394216b6dab9b5e312201bcf10d8a0176a9803c548b1ab46d883cf447d922d2b5b3cf63b7de4
1868017,2026-07-20T16:57:00.000Z,4f830e47e654149b0d2ba20b532d94dbfcae122fc1fa3a27c248fb0ae6d89d7ab5c55b3d33a4fb4e5b0346972c3f1c2f72e5ce1a0c45a2e3e8ae15dbbddf9318
1868018,2026-07-20T16:58:00.000Z,fa2bcd18b213676f44cad2d34eeb06ab4e0738537e9cb7399b777eeb14a26071e235b9d2565ac0591a0ecf61f70d77ab2c9d3f92dcdee911e99267e48fbafc99
1868019,2026-07-20T16:59:00.000Z,ca050c9f9279fa0042e3f6dd3f830e3546ae9134e207eb86a2d197ddb56db5c09ef65d45ee4eb1ffea9d3f585888c79a36050c5bc0c0f130d0b35c9718b09c4e
1868020,2026-07-20T17:00:00.000Z,a6dc311c777a0870b5c071a7c1ddec25049e5d0a28afbb34c5b4fe5f0c6132deda741ec0b4178c8675a4229f5819a3bb23e7993f58aa21615471db1f695ac800
1868021,2026-07-20T17:01:00.000Z,707d583917e91163dc865afef863ae98d725f5d1f5c9e23f4ce5d686215640b85358887396e5019af8f2d6eba32c1fd9059a85d9de7e4938c61c927c99a91361
1868022,2026-07-20T17:02:00.000Z,2b9ce34df22425fbcf3e225abd5d82aabaf101cceca6fe01d6e86b79ff1d39dea137e3716d373cb81ed0c3cf2d1bfd6cc90ffff85feb48bc2892d7cd5c2cc957
1868023,2026-07-20T17:03:00.000Z,81037c283831c6055b26ef2ff9677d8f29e8e04ede4eef2b59a7f6d67f591c30198d433bcd91dfc11605845b1fa23b3725ceb3158657303e9512e636387edb2c
1868024,2026-07-20T17:04:00.000Z,109a43c607c1a1bcba3e84231a38dc940e0fdadbdd17b10f62627ced9f72512294aa0eff2773efbf43e988d1f97380bfeaf8dc6e8e4a3b027dfd53632e6aec3b
1868025,2026-07-20T17:05:00.000Z,2c41b15bca9c824620af2f38f12ed510917ab069c1fb61ab25dbf88e788feae9f6591a7473f959d874007f23217a76c2a25c1c6298d7feab8896e7f1b1415d91
1868026,2026-07-20T17:06:00.000Z,3cc440122481943fa1ad0527d3a43bf30df223e885a5b48c138545f10c5b1a114d895c0266ef51de375b1eac1a8ff90c29c84a6d93f44fb4072b5c03d6a532fa
1868027,2026-07-20T17:07:00.000Z,e97784d11776b940c6bffb9d9f241bcfcccddd3808696e44402fa74364af1147516ed2afdf18aa1bac5a959e6f6d8bfb73b5a405c202f417e948d6fdf4768853
1868028,2026-07-20T17:08:00.000Z,1b6f8102bb77d52a1e12ee28284d0d260b40b5cea08bcd005541c200fa04e68350f7819ef2af3b1c1c5360171d2081670397dc80f2ea3f874213bba791ffbe8c
1868029,2026-07-20T17:09:00.000Z,46623635538d67f9a57514db4d8fbf4b2b2e7fc7c84cab786caf77f40099fee7f9b006234e44ba688eb79e15913584865cb9bfb433a082b82a66ba43a3a62d0d
1868030,2026-07-20T17:10:00.000Z,e08d1bcf53f6628e553a3679a4433d61657348001e3a5be53024066c3173c1ec9d6eac91fc3c3974e654b183beaa53283abc9c32491d101410bb597ca9013ba4
1868031,2026-07-20T17:11:00.000Z,3e0fd05963d2f9ce70bf92e9bf8a10d6281faa8f21d425830f9a9ca730ddcd2e06a1496971443ce6ffa53e7737b403f366aa3f87894543d6982800ed02552d2e
1868032,2026-07-20T17:12:00.000Z,18b53a0a96b47edfd2e971d8705f16eca64c5e2c52c3788d5ee54c1dea39af646438ffa1f0c862bab78b1bd3a6d5d054ff64dad828f2c26a3017eb7f67b25414
1868033,2026-07-20T17:13:00.000Z,baf741c90bacbe7a53da94573be2b705bac73a5f52be39a4d291325a37340147ce148f6c39264439c27081c589f25490815e0735d37d48e0a0ce3941828f2a95
1868034,2026-07-20T17:14:00.000Z,9ac894eaad0b5e3d5222e3bc3a5a7694954f159764c3a0a7b54b9e3c92010ceab4de6be43fc0231d8c8f824c8657633f3c3c4e443fe7956e48d9b0b80b8e299d
1868035,2026-07-20T17:15:00.000Z,b2dfcbb199be358b496b3d5e35aab4ae7f8962a208638c4503161d3887f8271f2c927c92375b749f1a845b47b48693ee8938c9484c9a80e9e7315ff85c889fc4
1868036,2026-07-20T17:16:00.000Z,f243ca75175c314aa0a8f1e90653a95e967c17e0b1bd4c913736bc66ae5df0add70a58647905f9c46e39432825d755b701d5d64c48528e64b13ee4a3852e51b6
1868037,2026-07-20T17:17:00.000Z,1ce490727330907a50e177fe4a281458213f50e177f017d9b349369f19cd2089d121cb52f9044fb6e48ea0c35e9286d579c228b485c1c597692c05157859b565
1868038,2026-07-20T17:18:00.000Z,f32503e79b4f80214ec66064a08be28e77e3ca029153328bf0b7b599e4793111f2a402e4f05b478121b3b96f3cdf6723b353cfc1e906c14547ce76a2210ee227
1868039,2026-07-20T17:19:00.000Z,9cc2c5aebc6746103b902c8649282d7ac337a33a9cda60bb4a66a3cb1c182126b79511d6ce93c47588270bb30c524a121205888aaf1a59e840c6ff1ac19bb90d
1868040,2026-07-20T17:20:00.000Z,003263a08d0946baa1adc0daa9edf5b53db16de624bd9fc238a509d23f1f0f8adbecd7c6a8235663b9bbdc34f21db12f04da94984ab1b8fb2a79a43800377e8a
1868041,2026-07-20T17:21:00.000Z,5c41f67d45b76f8abf0f6afb9b69059910004435128d351444aac9c36a357afba0145889663e401d4bf84f607931ff39d23189ce63845dfc5e91821525672bc9
1868042,2026-07-20T17:22:00.000Z,0323316169156313bee9f7501d506178be86fc9522270a28e58ede7184b872741aec668dfe5c7defe7ee50085c8ac051ea34d71f150254b17d91f051f11f348f
1868043,2026-07-20T17:23:00.000Z,b54519f260b1690e291d0ac5a52c7f8514e6149da3c71ac820ddf03c54b58d06dc828a4d112d007bce949116e41f80ee4279739c8a0546551dd265a637c49c31
1868044,2026-07-20T17:24:00.000Z,7834a1358926ce1d4be5c8713d459ba5f43535b9f02744d22472d479015ab4c570e356f25bbdde8844afe6d4d12732c8d9d7d223ff1a7a73b63ce695ba46040f
1868045,2026-07-20T17:25:00.000Z,389223b5922869cd0ee80db9c952aa74ae0792cbc8b0a6b9ee17989498a0ebc6083ab0f1fe3d5ec23e95304377e40ea30698bdb96c35c69b153225882bd516cd
1868046,2026-07-20T17:26:00.000Z,784c9c6400b6357e3885f57057ec53d7a8e04fd069b75d11d536c9a1901185ffa0a9e7c67ceeb59f09e4b843aaf45455ffe70002e1a9e672f053d61f95ac1ad1
1868047,2026-07-20T17:27:00.000Z,210e4778a967110c39ff854b5b2aff00c73cbbcd4def34630fa44455661cce86d74478d8dc0605cdee3dbb72d1abe49095c278ff6e680265faf1ae0961071ffb
1868048,2026-07-20T17:28:00.000Z,0a158fc3ca75bebd87103a0dffc3f07d8cdbf738488bf185734fe68beae3346b57aa20a89dfcc372a7cb0010f306fc9d2bbb47530ae87964f6748117a38c6941
1868049,2026-07-20T17:29:00.000Z,b47526c2119af009f952f96fc73b24866722c261dc17e73017f8b85a9a0f54347d5f6d4684c15eea6429a87a50e45e2af037afdc42f68d8d1ef3f3ce60f1c4df
1868050,2026-07-20T17:30:00.000Z,e3242916269271607cbae8a9526637cb6b32a383af5e1107dfd37e4e2471ee6674d9955c334464f82f7c22c4e501024bfa58c9935892576dd8e1039b44f93529
1868051,2026-07-20T17:31:00.000Z,a6b4c4f445b4cbbc5d13f86776a85b1c2c061d69ceb298b8da14b404590faaef3f4275dd18ec07eb9c8729784c830288ada1da6b02072ea15a00ea3b31a8fe0a
1868052,2026-07-20T17:32:00.000Z,ad3a16b78c623a1c4495966fe12d46e5bf4aa4023ff466d2b642f3c9326800e420871a8fabc4e6dbc1eb51e9063c94539d6f7c05a41e5dc4c23fd933dbdc0871
1868053,2026-07-20T17:33:00.000Z,d590ffb65921b260ddf444379c19f5b2fcfe453ba99b1fcd3f829344d77239e0301b8c1bd12b1d69b93c828d4bc708da3002db7db2ec132e6600719e664b6831
1868054,2026-07-20T17:34:00.000Z,563fcbdfa295257bc4f137c6216761dd72faca403fd62ad3d97cbfb30ee05de59cffcf5734eefc23ac2fac5afa0dd76c730ed72402743ce5b07429d5f113af6c
1868055,2026-07-20T17:35:00.000Z,9076830977f1895857934ff8325bb4907f81d287cea8bc68102d89c6139693169d0f072283c687d1862bd51d3492501b5021d523d1898629b5d76bdd5bb7dd27
1868056,2026-07-20T17:36:00.000Z,8259d7a969dba8b8a8c812bf0c3cf6753df5a7a2dd7ad9c20251ea470b7b11f85c45bc59b92f6e5699d69c7108726ca2cb63dbe7f294cb229ebe609564f538f1
1868057,2026-07-20T17:37:00.000Z,840f3482bee807eedc7eca12492b354f98a052c06fadde173daa58a1862377c8affb6c41d1ea932c0a7f74904aa67e7e2a056ebb5bbc2ccc32c2eb4143614bd9
1868058,2026-07-20T17:38:00.000Z,fc49b1a3bb90899f330923d2efbe58a96eab05db180697243875fb5dc2d297998724168e651b25734a819472a9014b4070184347589c43953915d9b5d0beb97f
1868059,2026-07-20T17:39:00.000Z,b05aa670b39b4238ef7361d6dc51c42f3630bc5e92997eb575bd17b3d6c890655deed99e3ac00a352a83bfa6db694d3f1b37605e0bff839f20881781b32824cb
1868060,2026-07-20T17:40:00.000Z,3671eb47079c5aa4025171688b937c2117c446a0f0de1c12e90d0ebbb454b7e847ec9e2f02fe16689901d72e2d9a2378add9a2adbed9c8e6752845301f15b52d
1868061,2026-07-20T17:41:00.000Z,e3631efcc2fdef93b88c556e292d97cbd4b849cf6b787e2ea64353cc77ea39571faa9a944858fa8c6095b7412d1f68678cac75a6f821b28e228e12adaa957ac1
1868062,2026-07-20T17:42:00.000Z,ec785c5eedfead78f9e2e2169ddbb7cb8c3881f8ce13664a67f39b0521e4aaf5c599b76f7d81068a36571822ab9a3e496b939d06b39e4b18e2156eed997c81c1
1868063,2026-07-20T17:43:00.000Z,b19826c19140fb5f6b92b12f595c9b8575d38b72d1a839adca70d27cf09dbc233e21633d628fca58c9985c99635a63059f8f851c5e429b695557c3629516fafd
1868064,2026-07-20T17:44:00.000Z,b7da9f4e61a10bf6b8317fd964e4291f991ff81fbf8d8037473aa91da2efa95104f2a573526b0e15afd4340352631c5e988815fd5be70583d3ca9fca5c101f67
1868065,2026-07-20T17:45:00.000Z,fd08ad563c6aebcb1e0c5a39d9ee29ec01e1300589ff4632c0be4f45ebb3767800184fd3e5afb7d39bd0f9ce72174969125046e9de900d91d382d8973ea7b997
1868066,2026-07-20T17:46:00.000Z,9059ca9f2b95b7977a46badb7fad9890493c1b595ad645324a850d5ce6e2f05abff1bf305b0a038b207b208c8f3953eaf4677a5fbe40c419968da1509074ac42
1868067,2026-07-20T17:47:00.000Z,212e01cc919144aeaac0d40a938a42a884e56ba77aa0cb9215869c6ec713f42498827c57d1dc832bdfdf9de4659e92f0a8620b45bc9c345beb49a00dd35f14c3
1868068,2026-07-20T17:48:00.000Z,e72b5dde3a71d6a38e0eb9836e378098506844777a37109c880ed6bbcac15853b222396fc2df09e1144f5a52ca9090b1bc4e2bc9e8978c43bad5c29780e59687
1868069,2026-07-20T17:49:00.000Z,49b6cd57bc71f2fd668d2f775cca71ffa58f7443aa245d2795094058b1b5df38a2f8905d9d03babf59a688ce874d573b8c0b901deedfa58781271d15cb54f5aa
1868070,2026-07-20T17:50:00.000Z,92bda835d62dfdffb4d78f344cc95a8b544491bf84c9f74ec419787ea6ce060050f1f15923d2a182a265a8967eed9a9a44e67137911ac4d270edbf355a9be679
1868071,2026-07-20T17:51:00.000Z,ab67924d35b63d2af78c74fe0c65c34675ca0000de09bfd2fd2853a5aaf0c4304c9e3210841fe9874228e512504ed56d3be402556ef0cc083ef45fa193eb4b3f
1868072,2026-07-20T17:52:00.000Z,0157dc906e58363d5ed3c1ae40fd30d5b96f4681c0893db64f17442fdc9d4deb2e4ace3b5dd4c4000349480c1deef0966da3f10df77c9ac103f21dc0280dee52
1868073,2026-07-20T17:53:00.000Z,76a831e79dc95ae7627d84bbb502a890f8ff8b87bff9b67848dc035f9f251e2aca662118485bc9a4b4d91080a51bcdb66a9d6a05f4ef99870cb212c3e6c1c88e
1868074,2026-07-20T17:54:00.000Z,55eb3c7d9464749907fe382fa9e28d7d5f149d684d62c2df672899e47d282eb35dde0615bbd52e0de91e5c0de78f272d6b58443d5b565a6ba9b4ac5b4520a6d6
1868075,2026-07-20T17:55:00.000Z,d380bd6089047279465f9902c26019c20442ab633a3a790c755671dc387d0ec1276f0a94ca685f546c6eaba54f4b5f8cf39a45365de52f4a88c33e64db5d03c0
1868076,2026-07-20T17:56:00.000Z,627ecb6537e6ee1bc046f866eb83644e317ee807a3898e0f098fa6eaab6ebe3b0cf7926b7b8d27909e928117dee94a9aee312bb37fc3892b7ee9b9fd6c3145c6
1868077,2026-07-20T17:57:00.000Z,00c3f966c6b8a33ef8b12873d73d3437a8d3128b0d778755e452b87cbd341e71820346bd832991dedd4668498d88327195ca766f0e991a3a70681357cef9cf7a
1868078,2026-07-20T17:58:00.000Z,83c027b872ff0a84e5448624ab16c50b34fdbe98053dfa07e5f9357cffce06c2aaece521d8b5bb034a5912edc206b4ea1c4c60dcdec9e9657ac6e0a7cb2be590
1868079,2026-07-20T17:59:00.000Z,9a92464a1f77304af5d280e377ee39c8852e8d27ee22f26aa89abe90928095bb03774ff90ba908f119cad564bb1b214e13728a99fd15b46f6956906c557653b2
1868080,2026-07-20T18:00:00.000Z,8ba41e15f5bf2ad560c3332416a8f6c4eec6602952ddf3153618d0656e1eae8afe22ebcf9b5f57da4610e3baf6e9aa10ac8b894cc3e9115c56f87ea2f6a2b9e6
1868081,2026-07-20T18:01:00.000Z,ec9c21900c883a6c62d69bd3189c5589ab1b808cb7fd064acd1b81d6007f2aed6400c25bb891001ff99da3efdec74d6cedc721b745be1a528a06f213f957ddb9
1868082,2026-07-20T18:02:00.000Z,fc78b6e26f4c56be38a1a9489dc2dbd08cc2ea764d7f875b2ebc7a9e78345f10148f6d4dfe43b717fdf74612e97b0c807cc7432c0e7f286320d29a0a4c3ffc1a
1868083,2026-07-20T18:03:00.000Z,bdc0ce7998145de398382cb0189f45bf164418cacac076f18b6e570cec6f48df639587457bf2e008df92ce9256f6d19ae81123e8cc0a9be5de44bcd45d181787
1868084,2026-07-20T18:04:00.000Z,bbe205cb0b7e23665f6f19d59266532235bef7bedb7f26a5fa78df70c8a1731220e7208634e7dca1fe28d1501b619c1f4b10446c344034707abfadf75f74b46f
1868085,2026-07-20T18:05:00.000Z,265386014cd9d2be069450d2d84d44eca5198a77d46ad772f49f1b114f56dd2356c8abf532451f130c35cdd059ede4e5095dd3fa1aa6d6ac56ff2e200fa59db1
1868086,2026-07-20T18:06:00.000Z,002aae6478f762bb830132b8c87751e1bcbe4a8b319a345dbf8023856d7db3d1c7e50e0557caa3f6ebc42e0f16706fbe85fd0d87f0f17f8610887bbbae1b1f8d
1868087,2026-07-20T18:07:00.000Z,c5152784575a09a76922acaaee877541e665e3be73165e206ba4f1393c711cf5f9124d9a4e3cf2b3c95eda74b5eb24f83548443292b1218b6bc749d7c4b59faf
1868088,2026-07-20T18:08:00.000Z,633104e3c5748c0167273260a4e2b4e35568ef31dd090e6855fc83aa9d2d9091a26672eee94c46c7a92198267e4055f4e4126bf151045a694ab6cfca2a02a8d9
1868089,2026-07-20T18:09:00.000Z,cedb53a8c1ccc305f1bc6fb98954e972f91c76613b93a958dbbef96c1ec6c59aabbe4f1e41aaf4017baaa574d7b8632834f5f38a9f41305483a8fe9a9a686d02
1868090,2026-07-20T18:10:00.000Z,ae0ea6e75b00ce242a996379dab66666e3649a5ed1b85a3bd10a4c33d8d4f6209805fe71378d33dc7021b30d7f77a647609ae0c84dfc8a6d51a4cab5aa077d72
1868091,2026-07-20T18:11:00.000Z,d8074676d4b28a66ee6cda7bc6b7acf05ab644953191c02fcc718f9bd30d4c170b4d98115037bc57b021676950c35a65e26de80147676ef26de383bcdd6b05bd
1868092,2026-07-20T18:12:00.000Z,41a2fdd28c3adc9f595a4c21d3b45a9fccef663c497fad7fe76446f8c136787cfa84d1f76a154541a31cdfb5c9135dcdaebddb081ae25ecacd88e07170e5452d
1868093,2026-07-20T18:13:00.000Z,f65f599d2c2654fca6f2f64040221d8ba02e23d80e2e45cb7cc3f0bcd24388562636101591bad4b0443614fe47160c5cdb31f0d1a9bc8d08100609a9b37bd4d5
1868094,2026-07-20T18:14:00.000Z,edb20f73ce4081bc4274ead4a6da156dd5579c864e47a4f2417d2bd03e4aac0bc568b551e988afcaf779a9bf35861646266121ec25cf9412370e2f98e9f76016
1868095,2026-07-20T18:15:00.000Z,f1775c32a2596826063df273cace9a2942bdcf3a02efdeded1bcbcbed2b4419ccb1cc1818be674b435cb739a59f4c20cda24fbd068f397c800e25f547414f557
1868096,2026-07-20T18:16:00.000Z,26d8e3757351e7c3292469788b8d19d0b9776594f2bf9c992ef3047754936b215e05299fc7d6dd9cbcb0ae822484135c5cd4b0dc2ed55ea22bc41b90fdf3b095
1868097,2026-07-20T18:17:00.000Z,aece4a1636221595a88e298b4dd9cd2d24a13adf269591e2c76335852719fe2159500fef9d74da29c5ee1a5f8336dd2e8c062eecd658dca86eb0b32e5dabafdb
1868098,2026-07-20T18:18:00.000Z,5d13f16a03785bbe6b6027d4b8f581042db149f69f933def42445a8f8af0ee26ad225186375633df32b889b05c20b0ad500584cb55976bdd45ab50e087d05716
1868099,2026-07-20T18:19:00.000Z,def4d60ec4558dd46d3a419963904a16188f1342d8be435b1816d43b3578c440bf52af9a0f5c360895f460ce908d5b8844abc58bc99a04142a80f11d21ba47dd
1868100,2026-07-20T18:20:00.000Z,b725c3ccd64f5bee9333e646366e762df6911ef4cc897837f183aae063b45f1bb307767fd5904f85171306c6b62b58713e2c8da94543eab88a1d57c3d8c25a0d
1868101,2026-07-20T18:21:00.000Z,b96852659285b565a2555d017c6a490a2421de3105166056cfbc0b32547b4dd34fbc37ddc9cfc4b6c14aa9be0eb1ca3cd3d15d44f6fd2393286644e0939c426c
1868102,2026-07-20T18:22:00.000Z,80fbc0f02755603d3cb8b015c0d0dd5726944ec33a9a90025c05f0d07cb9c3ab6068ac247090ae2fd073a76a4d8f6dffb82b5338643c4a6608ce29299f56749b
1868103,2026-07-20T18:23:00.000Z,a863a265b2ed72433d31b02c1f1a8616fdeb6620000608c293faf8de6cef4d7e226ac93be662b2c4e3aa5d8749a5294bf3b43f9073ac786ff551856b3896243c
1868104,2026-07-20T18:24:00.000Z,c2eb91403558615c5f19d9446a5ec256272a97d20924d9b4384e0fc455a2e1e8abb09a040b177026d86ca7b0f85665d478d737848022cc267e17b0b8cb956718
1868105,2026-07-20T18:25:00.000Z,52d8099591353f5452080e55941fe046ba2e8f30aa72acfedd3271eb18e285b1953d00f53626af2fff1523da3151e072abb04414fe8dd5a154bd1dd95d149a4e
1868106,2026-07-20T18:26:00.000Z,1821227bb5adbd4200df4f5a319981cb4667302b63b0028358ac01ef7c0d00c816d6ef050df12f697c5a82baeef8e9180fb45bee2da4df6d58ab5703e4b3577d
1868107,2026-07-20T18:27:00.000Z,ddc8e51575b1c8f30bef2945fac62ba728232fadd31de9201b77435637da6a70a2a48c961f395ab9f1dd4a5ca5e5a7edebc9dd0a8c9522956504c414b9f10228
1868108,2026-07-20T18:28:00.000Z,6b7cb8f08473a4e9edb6bb5cf9dde2657d09b9ce185da05c7b24158cdbdaffe9607845ab327769bc41e7c50ce47d1e0d4d7722d0b292a9fa5bafef2f654abe14
1868109,2026-07-20T18:29:00.000Z,2757987fec33717e197f7507276b1b885d6bb30520bdc2178a096af3330eb0041105897591177be545f0bfa3a5d35b4fc50efeb44dea82b9e1dfd5127714dd46
1868110,2026-07-20T18:30:00.000Z,4f9ced75ab087bbd50c13f9763ca6dcdf5bb90e33a707383bf7cd009234e1533db44d0ea0c41c744716fec860df781c98f97f434360bcefd5e5e5ae671ff6966
1868111,2026-07-20T18:31:00.000Z,6ed93b86d8cf8e767f0996c02fb8aa7f14876cb951ef8b76dcb25cb5867f7e8bce068943ee024408aff2a0f75c5116ec4d04466294cae1055ad7f013e1491cbb
1868112,2026-07-20T18:32:00.000Z,3a5274bd3b447e68a6c35f6d8f5379567ee037e6346099571621f789717faab2b37ad536d652b2137716dde6ebe31153d5ee1812dd0057b7af3474b57200fa87
1868113,2026-07-20T18:33:00.000Z,d975402e98790ddf46a4f12ee839693c7a81ac128dc86c575e9cf0461b6267be156fef54989407289c68dee742bd5c5ddba543bee177ede98e9a2c25d8107927
1868114,2026-07-20T18:34:00.000Z,751bebc0cc7b485f8f94910e8506bafcb25fdc41efd84af036093b7eab02039f612c87b546b47a808760b4a582ee2a00aa8ed23f7dfd0734eecd1b3df0b16d1b
1868115,2026-07-20T18:35:00.000Z,4a35f0d4cb84099591ec835109207baa88cc50c2c28a4feac65ba5fd83fe16dddc231db486aab0ae894fba0cda143f220fdaec2294d5f32b76371690f6b9433e
1868116,2026-07-20T18:36:00.000Z,c0e648935bd246c2669346c8f321f8967f447c4083a932a835a105855cbc6033e355663e367f2db76e2e9a5fdd7cd71faac26ce35792a4b8d0e9f37f5e963866
1868117,2026-07-20T18:37:00.000Z,9675ea32c8cadd7668c9a9b9d2273f2ff20122c5ca6ec5a42e8c26fd6332a9e7bf036ef464ca3d43311c58e6059b58daa03b47230382d202f1a96467859e8a65
1868118,2026-07-20T18:38:00.000Z,3f87db83e53739397e4debf843a6788498326559ec30a6e23194e4136c0a1fdba1c1ba69dc84bd586ba2510965d28f82415bcda38a3b4355839485faeab6f84d
1868119,2026-07-20T18:39:00.000Z,79548710756398b166f32d23726b467090708afbe7bceb952d5822abf68c0148e6019cc45477fbf04ba806507d220eb2cfc88520f397923a83b717b10422b164
1868120,2026-07-20T18:40:00.000Z,41060d61b65d229998158468126445c235eeb0126abba71b4c214e536ddbc9a0cd6b8c4415a1565cdc6cae51e7a895665675e27dc14f76b9bacf6e3406758df3
1868121,2026-07-20T18:41:00.000Z,569733d5c5ba612dba893d91bfd2c7e0fae9d6ff88c9429075151ed5e4d91898d688aad8978354545f99d1761adda75c0b107a25201a820eb997d8cf121c9af4
1868122,2026-07-20T18:42:00.000Z,4af3938bb94a75cc445b72891c602c662489591f88565e06cd5824ae8c76f12f0b0318e879d20a5adec3e8819ad997e8179bb44e3706127b08f6758d4e9d56e5
1868123,2026-07-20T18:43:00.000Z,5724ccdfb729d3be201be5ce316cd7432306ad2cdcd4a72fc4e7ac2fc1e3163ec071aa617b26cccf7dac8ab432e500757fe6ce88f391a163cea6d0ff6156f648
1868124,2026-07-20T18:44:00.000Z,58ad59ed2725962257a5b23e46b936272e2f8d8cf698eee82ded24c0dbc0cf5d459cea74897a040153398ba90aa9bced641ca0c4699a6e08a1b653e89d43eab8
1868125,2026-07-20T18:45:00.000Z,763ac504c66bff28b2d3dbd7b69b7a9a6b26d9a8909428d11ec2a29efc4989adb9e205c59dc5f55a36aa680184147292b09692edbcbaa128b8414f553310f9af
1868126,2026-07-20T18:46:00.000Z,86268768746d3304f2e707222c93c8987d7dd4c221ea26e27c94b635fc1d22a585d763f8da486c9bf271df02f34268f783708ec1a4b7b11c2b803cd0a9a14f12
1868127,2026-07-20T18:47:00.000Z,ea7d4af9c4348f22991e7a85847112610de7267a2363b8065b34af13d30ec3a61642852ba8e84a151600b2980c387e1713daebd349f24aa59837650f10d0f187
1868128,2026-07-20T18:48:00.000Z,84805926cc857aeeed3be816d86737aeba0851b0bbeed15daaf578a2f60d3766e7e1ee25f60d0448da25481654b5e1e86d62cd4ce13f065dd592819beee8f097
1868129,2026-07-20T18:49:00.000Z,abf89f9eb0f1063266f9b7b9e935057169a7b78008600f69d0c6cf22df17ea74b4ea37caab40016f0da268829fb84d542285108cb022548c7a109d6322379fc4
1868130,2026-07-20T18:50:00.000Z,2a1c05c5272a2828b85182431c50ee3704d316038bc039251b0c90c909c235bbb6d165a896c879ec0e5b68513439b8ff242f0fa60acf6102fa0d434b08f4c2e8
1868131,2026-07-20T18:51:00.000Z,cb1f8dbaa7a0e0d95fef1d053bf02b23dc921c6db0d355a04974c32c031e522e56fb89d02e5fda547d212a42f032ee55cdc694aacd671b826d4fd14724b583ee
1868132,2026-07-20T18:52:00.000Z,09b735725084b067f315199ef12ee48989fb464889a8912930c2426d999834b7f34a4b0536c4d96e2598b105b8cb581ec5c50a5669738cda10ec42b2fb3daeca
1868133,2026-07-20T18:53:00.000Z,781b3ee17991012b540fd77dde8090e26890142a5fc8f3470a2941986f809a1fe7fba571d0d972d9f64430853476412a3ef186de68d19707319fce94d8d1be05
1868134,2026-07-20T18:54:00.000Z,c659119c42685ba71386dd38998bbe94519dec3cede864fa0e33709d7f8488d17339ed9ab4783432b0233473178b8719b935bf48e57c4342ea8c9a62f62aae2e
1868135,2026-07-20T18:55:00.000Z,13f63796869359a83991da805e7c6fd0af1ce709af3c67a2ebc38d29d30784c7e15b077b3d0c7b8d39be0c2c81760c3a7c77da742210ad3784bb1cf4d8eb6c21
1868136,2026-07-20T18:56:00.000Z,febe2676d5d343fd0009d81506d9171efa316654c23c27fa9442e7be8ab721b03fc395575c38f3e90e9522023eb99a35aeb2db319e71b0c179a92bbeda4da7ac
1868137,2026-07-20T18:57:00.000Z,48d1697c301157cc8aa131e3d7eadf1e5c39147a34f8d69d990dff1efb4254c4922f811df7a1863c3785b5e5f883e8b185930d913a47b22a0a8eb8ac635dbb88
1868138,2026-07-20T18:58:00.000Z,ee3f98d07db59f79a9b63b75827acb3b42dba7ed2ee1aa5a103c7c2be6c94088c90dd6d0e45c628f1c9e545d00327e30fcb704920f3681405aeb6f36abb19f73
1868139,2026-07-20T18:59:00.000Z,95217a5b91c320cdcc4a5dbf5782ba1588edb2377a14dc10edbedf203cbb5e7a9eac2a00cb83c84d20f03914dd3dd59a3e85a1db966fd3390402f39cc55fa45a
1868140,2026-07-20T19:00:00.000Z,3af19b286c9ee7c617fa1e145d893f0c1c5d8bc15cefa63e14bef6822e4feda8e565cd27a52edc83f223743691b05cc42577e06a144a9fae2bded40986002f23
1868141,2026-07-20T19:01:00.000Z,85b94ab6219e83d088b1524990ab4e4416b6c4abe771d329adce7d65a47bd48cafc532da2278c643386c001b5a8aeb319edee1a2b9db3e520e5d3b8e993e2aa9
1868142,2026-07-20T19:02:00.000Z,0351a6b6d4cf33b9fb112ffac1f430374b8306ff8c6e123cba0c0f085cd0059c1a24d24b3001266dedabe282a10963bc41c2032d16aae6fb2abafdc943da8107
1868143,2026-07-20T19:03:00.000Z,b03c129aadf511b73d9125950c041a6a519915303696d4e13f12979a33f207b94d1d89f26c627ff0eb8131e4e7d08430a9ec87835a190a4bd7996a5695a8b76f
1868144,2026-07-20T19:04:00.000Z,39029b45f58ea326269d564882e5fca9578c3b48df00341251faac31860aa573deb66e2041eadeb69f717aa9beecbc87bc884a6974f3ecb6f7b284355bec32db
1868145,2026-07-20T19:05:00.000Z,4af9c86c3467b90ec42b200482700a73a4194d9ed470c2158f7ab71e88fa7581f62af60bdb9778bd8f92d53628933d52224388d14f0aa34f250a6ba30950d1f4
1868146,2026-07-20T19:06:00.000Z,f4a4c0454df3eb45e5a20a491d5d42f1593e74af989f9111bacb14a8e5373660f223636c99d6fe9321338c28776c5431cc13aea00b6f03680ddb389ba5d528c6
1868147,2026-07-20T19:07:00.000Z,d0f6bc204a32c8d08bbda2bd4a19552defc695194659f040d1c263494307f3405732b85017f3883ce9af50573b735c5faa5ebd1b70b1ce6fe087e2aad1d11d3f
1868148,2026-07-20T19:08:00.000Z,67efa541bae0f72e36e3ffec2db444270b9b9940b1e1e21a7ee6f0aeb42b58d5227db93e7c5989ab8ad1993fb46967269cc313c37cda71e6e0f26deee376a5b6
1868149,2026-07-20T19:09:00.000Z,2b6b13ce58a7a7ce3c9d6d03baaa5aa8efa31bb6f2121c215414808d5a3ad344e0ea1e373757bb5ed8814fbb5f129897b4ce0c4711085a2d2c1eee3af7cd6ad8
1868150,2026-07-20T19:10:00.000Z,4a36f6b66cef442827b7c50d53187f7ab0377ded7b47d209edec9572e32483c47798207ff40a62926916a85a610e1ceee89166376d49a42b87299ad5fd9b531b
1868151,2026-07-20T19:11:00.000Z,2d5e5ee8542c2ebbff119518adbf127fe765f44c77e53faa23fc8bce3472db721a7a448fe1d6eda97fcd90c274b229744554ff41069ffc0be47cbe58c549e3d9
1868152,2026-07-20T19:12:00.000Z,9e8cce79b786a6c64382f3c5aa48213ab5854a9d446229dd7dc83966eeb9580db151f4c5e1a03c39e05f58b1dcf7c24ea1add57c248efbce98cf0089996657f9
1868153,2026-07-20T19:13:00.000Z,cadbf8abee3f41413a27401043f1934272ee45e4685de149b5ee80f8e891cf4f96787161807b45892d6ccd54485bb6ab1967fd6755f6789c1d97ff7d991fb4f3
1868154,2026-07-20T19:14:00.000Z,0dd88bbb0ab12f5b922710d8a93ea75b0c503d68c918b0e7c1a3f4c09e4a1f8623b3334aa2a8387a09e142ea8e36c7af4802284d4a96403190a7903cfb41bd47
1868155,2026-07-20T19:15:00.000Z,54cfb43e624f50fc9f00eee67da18776d4bf02863970e0b89f335be91b42c730c8c969ac27caea55d8b435b7c493868b555729a65e55448a656e8cda93c0e8a9
1868156,2026-07-20T19:16:00.000Z,2bb30929cd5e4ee2cfd9fa0d5d37046062d2b4cb7a6cb675e6607c385850a7b45b99d199a82eadd7016b161e4d205cd2cd7c4d61c951fd9f2675c00494975745
1868157,2026-07-20T19:17:00.000Z,0a5fd6ddbf43c75fbfbcb766f62b5f1b176d58edc1a99111bfe7524d282b2592e361dc4b64c396c952873cbec9b1e58790a1bf0b30ae226fb3fd1df65cc1a327
1868158,2026-07-20T19:18:00.000Z,6860513bcf5ad2b92abc2e9cab7ded851d1afe4fca12caa7c19c929ddd687d3d97dadb9253f7672e03b8010ea88f8fbc68dce4058067611d7f96c073e33fc3ae
1868159,2026-07-20T19:19:00.000Z,99aee8f8a29276857949805f31f4b1bed18ecc46d3afbfc1955e52c11753be1827220d0e438577578a33862f973a85d0ab4e59cdc4fd0089fd47fbc2f838a1b0
1868160,2026-07-20T19:20:00.000Z,cb2a63fb89e2ebbb68913d26f73f58d3668e57bd70ca0e431e570ebf68336de28c6286dce6c15dd6ffb66992016c8464f65edf97dbeee0341b33cb0e419ab383
1868161,2026-07-20T19:21:00.000Z,d6250555e01b857bfacd022aed3ec49453e7f168920abdfc225241b489dd5c72c9c643e84fe4172a3b19750393ed2636b82e17416ffa8ec3fea0629083c56e66
1868162,2026-07-20T19:22:00.000Z,bb1ce74f0ad75f014e55ea8892d92f7ab44b686d2251e9e4f8cfce89b62600ea76fa4abb5b60bfa0749a68952edca4c4f9b96b3098e537ca7d493848d9fa9356
1868163,2026-07-20T19:23:00.000Z,884696e77b57af9751be2726340573210fa6a09c92324107b00966de891e6e10877313cdb9732a0b32afef7911d356de5b2baa2013a6177894a6ed8522dd37c7
1868164,2026-07-20T19:24:00.000Z,38790f897f1246b8a67d87160157e1019ee3a60fdd0acc927b1923db28ea20c3b86e677f48a513137f3bf48d439eed66ac34192270b71d647c0ea03901d3c38e
1868165,2026-07-20T19:25:00.000Z,5403d76d8d7809241973332b80fafbec9c631857a2a0c25408d46aac224e821204bac3b597e08fb318af6910f091bfe3fb8e961ee2a73214144aacfa2e2ea046
1868166,2026-07-20T19:26:00.000Z,eae5fd09f41f1dc2483bbc1c0b4af48048f6d14b6e5e76020930242fdc79fb55a1c7a2490f1e641a5cc8baa47de98a83eb662ac935312d576d380e59fd84bee5
1868167,2026-07-20T19:27:00.000Z,6d1e1754ea34e2e420d8d16ae4527531ed627b0bd001d4f002e788ac5907f5bf531c681a07b6dc868f14a000fa9b8ec7827d335f45c8ea95339c233bb7074ce6
1868168,2026-07-20T19:28:00.000Z,b81ac28b2171f0afb23dd00a20d978c172b8c95fdf3858d22957d2b21f32b17df710774f4fb18f3d45b0e7e47efcfea0b65b6371722b70ffbd74b01a071c723d
1868169,2026-07-20T19:29:00.000Z,97e6ea13c7355e46f9d98b73db07a2cdde22eab43748448c32aefcaabd1fc7523a678b4a7d6f59fbae93bd90fe199b7e80d8870508cf902e04b0042a1a3b3def
1868170,2026-07-20T19:30:00.000Z,4d4d787601fe4382640ef53af60640a817c56eb0278633ca6c5ef53b6c3370f8a1cc6177328fe81212738d3f3d5b3eef728ccecfd1dee992e4dc0106715c400c
1868171,2026-07-20T19:31:00.000Z,97f33d321be1fcd5df454895f8069e65546d04d3c734f1f7b5737c2eb8362c5dfcaf091e06ef5fa2f38bba090617d5520a786b538d99c2363e1268ed302bfee7
1868172,2026-07-20T19:32:00.000Z,08cf53e9cb94ff35f57d13c078483ed481af408668ed715e0ed87f18c90eb42e0124dd49245d32d742360877324bb0b9bf296a44a8bbcb8acc7ce98872a35e19
1868173,2026-07-20T19:33:00.000Z,df938eaeb21beea8e5117e86fb292e8b919941e7cfb4154d2b7bd8c4a35e9ca065f32d94a56676e0e364a292a3b64ebba81ee24dd5b9745e2892a58ddfc08697
1868174,2026-07-20T19:34:00.000Z,22825014d3d0fb7e44dec8329721f8428f4a994ee1e9311f185c390e3916f0a4d251c648148b5939a76b655970126db5b48081cd358b14ab2c4c807604b98d94
1868175,2026-07-20T19:35:00.000Z,5e925dac517b49b283dd7b205a288d21d4894f9a7790f9c87e8cbedebea94bd962e53b248d5c43ee09afafd19b7b13661ba9737e37616ef638d84f990784835b
1868176,2026-07-20T19:36:00.000Z,dbddc0d06d22015561445adfe30487416d2b83dc77a8039c25fd973f7a08b59c1aed9a39a73d75a3064a9b4c185d537895fd37041d4dda1f818f9febf338d8e3
1868177,2026-07-20T19:37:00.000Z,4594af01686c3722a5d733888a37114b9ac9ac4d7015ea37aac3ce60103bd70e31a06176913c571b185c7b2fd15096fff3547460662c67be56773b3803c0072d
1868178,2026-07-20T19:38:00.000Z,1ee423f9c013866d125cf49dce34c24f2faf1c2aaa3d97847b34fca75785550803dd6a06a1cc94b21fa25b2f35fccae846dd38df0aec65b2e5c6c2cb908c5f56
1868179,2026-07-20T19:39:00.000Z,69ed945ba27585014f20d26e3959529cf6a34450a6c18557d8becf101df89971a091d79e6d4fb4c71ffe5d4d8ec194eb2c819445c4355b175c268d1925c27f71
1868180,2026-07-20T19:40:00.000Z,9987d1a7b755fee3c0212a5c183ad95558e668641dd04415aef9f830856eef56e007ce8bac3b902b13eb98517b926a10dd2d2f84c4b5dcb771f85df782e5a58f
1868181,2026-07-20T19:41:00.000Z,5c8f93a10922d13d349df9063d8f32006e8a4678b7e9caea7ca2b64beb889bad77df6af10ef6e56d3d210110f987c05546e4363b87610684ee2ed8ba6180ec64
1868182,2026-07-20T19:42:00.000Z,bbb139c1f8b63d54c0c8701e5ef294a304e26e773aa15ff61bb579a13f645c6369f177ca53c0de91b9e20d1543d801ec2f48d10f14415c44b1b847a42c043ead
1868183,2026-07-20T19:43:00.000Z,148765214d04db6f11d6b5960acaca870cf95ce9617efa7fa9105eefb4e75614ea4a1622ef30c12d511b8a0a5184c9c466101d7dc72a80d4949fc6a97c3b010f
1868184,2026-07-20T19:44:00.000Z,f3ba32c4d1ff0a80c071b66e29a230f1e433c294e4b2be6649cefa25522b1cf86e557cc3da9080e9ce1e9ee47807717736364c16440ceb9ab60fd71a8419b73a
1868185,2026-07-20T19:45:00.000Z,10ebf519c868da9e5ebb9a3750e1f73e999fee7ffc3df64cd79ab316905a74e4b709d6fe804f0fb4739f7a21c9055170873d9dd0fdc5690a33b8439a88fd83c5
1868186,2026-07-20T19:46:00.000Z,4aafb08ccbc0705c211a7fa0113c8adc77109e9c65a1f8a0bcf92cc21541e4608cf5655c07b8f17881e6b4e62580b02f1cfe0b05e51c5182fa5b474bf3bd56bb
1868187,2026-07-20T19:47:00.000Z,a84f2e0b264a88fcc67f8a5870a56ea1ec178b8b435c15b175e1674eff7f5ff2990d4dc72152600f60e55e7500c8a3ccd3b484267f10cc49773cc6c3110ca8d6
1868188,2026-07-20T19:48:00.000Z,cf9439705a3d47412c6e0839c85f4712500f18edfa96c2e02de2c3614c9c9946fa9a1566eadc467423ee88c20221560e677107edaf88ae09fe7ea23f4d326c40
1868189,2026-07-20T19:49:00.000Z,018768a0a1b1f5304422f125306bb603a87b14c3db9c08ab117340d636f1031d703804e643be02457a68422935509f6d47d27a98ffe93983781b85662c534f94
1868190,2026-07-20T19:50:00.000Z,1232f6b37fe87165e77c11a5b613761d7642d79950e5e3af64a3dcd019cf0bb91e103e9520f763609b7d0820be73a00c89e4fdf114370d7d3785fd0c0a7c51a6
1868191,2026-07-20T19:51:00.000Z,c1fd114848138a79060a5ebe5e75e9be74440947872b4862f5546b44c9fb0104609a9e4fd7f0792fba485c68e0829b16c5819b726692b49c3724fccc711a2901
1868192,2026-07-20T19:52:00.000Z,15bbc236a18dcc1c16129b75346c410739afa1af039581ed9e100be99dbc05ca2e732eb7b1111056da7520d1ddda6ff20fd78bf80076133a4d4c29365ca895bb
1868193,2026-07-20T19:53:00.000Z,8da8cae2af7167e55c955f3fb3a527bb8a53690a81e877d422e1788fd8a10b8119c52ac234c157e00f59e2ad54cadd414221d7990efb0d7825ea218015245094
1868194,2026-07-20T19:54:00.000Z,e18e182253cd04e47a7f0af644e139a08a3f26ef923eab598f9366a964e5d5eac47e406c03f9e127f5fee2c45a678eed17f89cfe23b6a8bc5d697b90eb32385a
1868195,2026-07-20T19:55:00.000Z,70f6c07f56a2f7b25f92eb3c08d3e3bbc2305ed7dc02513ad85baf7cad1ca2c825a28d35a01f1fc4517e7027790a9f8feab61f9f754160763ea323810b9bc2aa
1868196,2026-07-20T19:56:00.000Z,483bf8f0af7da19f777c82181cb24a22c4aeadcd0ac1708ffc393ca1c950ecd073f2d60137f0f74515d6a88ac43e9182a51e78d59fed40bfaac0851b57d98e44
1868197,2026-07-20T19:57:00.000Z,24f1a69a781cb9cc497da4ab12f3f5c3ecd29de33c43e365ed720b18f83446ca888c6a51c0327d86f8672797faca5833a94f996f5de7021cc00b259f892dd00e
1868198,2026-07-20T19:58:00.000Z,4df405fba8a45c6a5d8b2a353d3521dbc029ad618d78f050e31ef708fbf12b96ae4ab817d2c392d4532d779759241f1b24be94cfd60e296dbc78117436ca4046
1868199,2026-07-20T19:59:00.000Z,0138c091f216ac722e86af9b83b5d123753768e3698422059689a605de78bcecceb81251662d80c3082fbf946a9a87e14c5f65ed6452ae0fc4a072f1910e4f0d
1868200,2026-07-20T20:00:00.000Z,8223604ca97fdd7076f2bccf58da3cf0be5fb838ef262a4cd41abef9322a834c61a8455a516d8326fcaf42911631b597105fc2b9bde0c5cd65c152cce800b6eb
1868201,2026-07-20T20:01:00.000Z,050a9a222de1983517916d3f9b5cac7eb3c33e76791399ecacb87fb3eb0194407f83f0c5b2f4cf3876010090838b6ef662f91431390a0af49d768865fb1dc00d
1868202,2026-07-20T20:02:00.000Z,b983c26ad127599eac67fedac87e979177f6e669af8c5456b1023846799bffdf079761ff47ac2bbf9a06aec07be871a097dd11cade6f6210e69d9c19e0f52945
1868203,2026-07-20T20:03:00.000Z,9b0d4be6faa5eb795362fb603dd943e5b0fcca62fd7382261ef9df344ecd6268a1fe2de6e3fa05b334095b02a920043825041edf2f0f182bae6e3a4ccaff0b72
1868204,2026-07-20T20:04:00.000Z,7382d6b924bbb65bc4c1cd9a196cd19e4546cf1cf1188d39142a538f24b5639d1aaf20216a39ee3b126fa063963b4c3f71b22e8997ecbd0b06b1096ebdacf90d
1868205,2026-07-20T20:05:00.000Z,b8158024cc33157c4aca13fff3704eb2f02bc08612de13674d20780b5aad45889c450c7d3b8fab332eb92ceb4eb2419ee097bcc046227fb9da6b0f7f489b5ed8
1868206,2026-07-20T20:06:00.000Z,84281adf144f02520f740a3f9c6d4a171bf18bb633ec78b863808b64dfbe5413928576c83176d17b79efc860ca445c8f074e03f0a51efa3b5aa372fbad19f7f4
1868207,2026-07-20T20:07:00.000Z,9fabbf2c4ccb91574c9e5394f080de182b552d4f504bce0dc461b2d4398c42ec8850f32fc79ec566099dd84ac5b1e8571a7025ddee8b0deb27c98a467fc44396
1868208,2026-07-20T20:08:00.000Z,6c1a781bdd8a6bd64ba6da6f16304ec1926efbc84f97b7713679a1823533dc102aa483db779fa96173b23c691b61b0e76753bb4c4ef85944232c1868b3e91bc5
1868209,2026-07-20T20:09:00.000Z,0891f719a7a0288564ad091d98774e20aeb6e054d78bcd6cd122ad563a522577e5b951e890e838074b710da9b448946ebcf759b4ba94d65b5e524e71c11863dc
1868210,2026-07-20T20:10:00.000Z,f8954f2d2877d8f26dac1480624f1faa5adb5bd49c0f889642db628ac0662b6d9fc11862ea77abfad6a8d330aa8b2dcd07edd94201140b791db1edf318172f20
1868211,2026-07-20T20:11:00.000Z,c2fb6aaf91100430a34e09a611aef97e85e3e9d8a6b9b358cce080c7e53fa102fa6ce5edf9ba27ee8184094e072de9ba29c3dfb8f5a046aa2d23fcb54c0c6b89
1868212,2026-07-20T20:12:00.000Z,7e650f2d008144939403055bca28242735ddbf1f32b4510b182e58f358bdcf1f7900098d4724f2f5b13ce4621c2a01d6b021a882e71e5f6b99f432f224e78af1
